country,year,iso_code,population,gdp,primary_energy_consumption,energy_per_capita,fossil_share_energy,fossil_fuel_consumption,electricity_generation,renewables_share_energy,renewables_share_elec,renewables_consumption,renewables_electricity,hydro_electricity,hydro_share_elec,hydro_share_energy,solar_electricity,solar_share_elec,solar_share_energy,wind_electricity,wind_share_elec,wind_share_energy,other_renewable_electricity,other_renewables_share_elec,other_renewables_share_energy,renewables_electricity,renewables_share_elec,renewables_share_energy
ASEAN (Ember),2000,,,,,,,,378.76,,19.334,,73.23,50.43,13.314,,0.0,0.0,,0.0,0.0,,22.8,6.02,,73.23,19.334,
ASEAN (Ember),2001,,,,,,,,405.09,,19.055,,77.19,54.33,13.412,,0.0,0.0,,0.0,0.0,,22.86,5.643,,77.19,19.055,
ASEAN (Ember),2002,,,,,,,,433.19,,17.667,,76.53,53.3,12.304,,0.0,0.0,,0.0,0.0,,23.23,5.363,,76.53,17.667,
ASEAN (Ember),2003,,,,,,,,458.3,,16.668,,76.39,53.21,11.61,,0.0,0.0,,0.0,0.0,,23.18,5.058,,76.39,16.668,
ASEAN (Ember),2004,,,,,,,,496.61,,15.696,,77.95,52.99,10.67,,0.0,0.0,,0.0,0.0,,24.96,5.026,,77.95,15.696,
ASEAN (Ember),2005,,,,,,,,522.68,,15.151,,79.19,53.88,10.308,,0.0,0.0,,0.02,0.004,,25.29,4.839,,79.19,15.151,
ASEAN (Ember),2006,,,,,,,,547.17,,15.765,,86.26,60.52,11.061,,0.04,0.007,,0.05,0.009,,25.65,4.688,,86.26,15.765,
ASEAN (Ember),2007,,,,,,,,578.98,,15.686,,90.82,63.25,10.924,,0.04,0.007,,0.06,0.01,,27.47,4.745,,90.82,15.686,
ASEAN (Ember),2008,,,,,,,,603.96,,16.493,,99.61,69.95,11.582,,0.04,0.007,,0.06,0.01,,29.56,4.894,,99.61,16.493,
ASEAN (Ember),2009,,,,,,,,624.57,,16.698,,104.29,73.69,11.799,,0.04,0.006,,0.07,0.011,,30.49,4.882,,104.29,16.698,
ASEAN (Ember),2010,,,,,,,,686.86,,16.484,,113.22,80.07,11.657,,0.07,0.01,,0.1,0.015,,32.98,4.802,,113.22,16.484,
ASEAN (Ember),2011,,,,,,,,717.07,,18.783,,134.69,99.6,13.89,,0.1,0.014,,0.13,0.018,,34.86,4.861,,134.69,18.783,
ASEAN (Ember),2012,,,,,,,,776.57,,19.621,,152.37,115.26,14.842,,0.52,0.067,,0.14,0.018,,36.45,4.694,,152.37,19.621,
ASEAN (Ember),2013,,,,,,,,816.74,,20.342,,166.14,127.16,15.569,,1.43,0.175,,0.49,0.06,,37.06,4.538,,166.14,20.342,
ASEAN (Ember),2014,,,,,,,,863.97,,19.959,,172.44,130.81,15.141,,2.21,0.256,,0.62,0.072,,38.8,4.491,,172.44,19.959,
ASEAN (Ember),2015,,,,,,,,907.23,,18.382,,166.77,121.66,13.41,,2.84,0.313,,1.2,0.132,,41.07,4.527,,166.77,18.382,
ASEAN (Ember),2016,,,,,,,,969.34,,20.079,,194.63,144.13,14.869,,5.13,0.529,,1.57,0.162,,43.8,4.519,,194.63,20.079,
ASEAN (Ember),2017,,,,,,,,1007.89,,23.423,,236.08,179.46,17.806,,6.3,0.625,,2.55,0.253,,47.77,4.74,,236.08,23.423,
ASEAN (Ember),2018,,,,,,,,1071.01,,23.426,,250.9,187.37,17.495,,6.78,0.633,,3.47,0.324,,53.28,4.975,,250.9,23.426,
ASEAN (Ember),2019,,,,,,,,1122.19,,20.944,,235.03,162.11,14.446,,13.21,1.177,,5.91,0.527,,53.8,4.794,,235.03,20.944,
ASEAN (Ember),2020,,,,,,,,1113.63,,23.212,,258.5,177.4,15.93,,20.1,1.805,,5.7,0.512,,55.3,4.966,,258.5,23.212,
ASEAN (Ember),2021,,,,,,,,1156.89,,25.801,,298.49,194.75,16.834,,36.27,3.135,,8.59,0.743,,58.88,5.09,,298.49,25.801,
ASEAN (Ember),2022,,,,,,,,1221.62,,28.061,,342.8,225.39,18.45,,37.4,3.062,,13.5,1.105,,66.51,5.444,,342.8,28.061,
ASEAN (Ember),2023,,,,,,,,1272.63,,26.165,,332.98,207.67,16.318,,38.55,3.029,,17.16,1.348,,69.6,5.469,,332.98,26.165,
ASEAN (Ember),2024,,,,,,,,1352.11,,25.881,,349.94,221.4,16.374,,41.41,3.063,,18.1,1.339,,69.03,5.105,,349.94,25.881,
ASEAN (Ember),2025,,,,,,,,1369.85,,26.946,,369.12,238.88,17.438,,46.33,3.382,,19.73,1.44,,64.18,4.685,,369.12,26.946,
Africa,1900,,138755559.0,,,,,,,,,,,,,,,,,,,,,,,,,
Africa,1901,,139195205.0,,,,,,,,,,,,,,,,,,,,,,,,,
Africa,1902,,139666271.0,,,,,,,,,,,,,,,,,,,,,,,,,
Africa,1903,,140170120.0,,,,,,,,,,,,,,,,,,,,,,,,,
Africa,1904,,140688001.0,,,,,,,,,,,,,,,,,,,,,,,,,
Africa,1905,,141220048.0,,,,,,,,,,,,,,,,,,,,,,,,,
Africa,1906,,141766391.0,,,,,,,,,,,,,,,,,,,,,,,,,
Africa,1907,,142327180.0,,,,,,,,,,,,,,,,,,,,,,,,,
Africa,1908,,142902543.0,,,,,,,,,,,,,,,,,,,,,,,,,
Africa,1909,,143483346.0,,,,,,,,,,,,,,,,,,,,,,,,,
Africa,1910,,144068383.0,,,,,,,,,,,,,,,,,,,,,,,,,
Africa,1911,,144655670.0,,,,,,,,,,,,,,,,,,,,,,,,,
Africa,1912,,145245400.0,,,,,,,,,,,,,,,,,,,,,,,,,
Africa,1913,,145835662.0,,,,,,,,,,,,,,,,,,,,,,,,,
Africa,1914,,146434524.0,,,,,,,,,,,,,,,,,,,,,,,,,
Africa,1915,,147042086.0,,,,,,,,,,,,,,,,,,,,,,,,,
Africa,1916,,147658424.0,,,,,,,,,,,,,,,,,,,,,,,,,
Africa,1917,,148283643.0,,,,,,,,,,,,,,,,,,,,,,,,,
Africa,1918,,148892208.0,,,,,,,,,,,,,,,,,,,,,,,,,
Africa,1919,,149751440.0,,,,,,,,,,,,,,,,,,,,,,,,,
Africa,1920,,150865200.0,,,,,,,,,,,,,,,,,,,,,,,,,
Africa,1921,,152239781.0,,,,,,,,,,,,,,,,,,,,,,,,,
Africa,1922,,153876862.0,,,,,,,,,,,,,,,,,,,,,,,,,
Africa,1923,,155780482.0,,,,,,,,,,,,,,,,,,,,,,,,,
Africa,1924,,157712366.0,,,,,,,,,,,,,,,,,,,,,,,,,
Africa,1925,,159672951.0,,,,,,,,,,,,,,,,,,,,,,,,,
Africa,1926,,161662674.0,,,,,,,,,,,,,,,,,,,,,,,,,
Africa,1927,,163681990.0,,,,,,,,,,,,,,,,,,,,,,,,,
Africa,1928,,165731367.0,,,,,,,,,,,,,,,,,,,,,,,,,
Africa,1929,,167813287.0,,,,,,,,,,,,,,,,,,,,,,,,,
Africa,1930,,169928217.0,,,,,,,,,,,,,,,,,,,,,,,,,
Africa,1931,,172076932.0,,,,,,,,,,,,,,,,,,,,,,,,,
Africa,1932,,174259628.0,,,,,,,,,,,,,,,,,,,,,,,,,
Africa,1933,,176476818.0,,,,,,,,,,,,,,,,,,,,,,,,,
Africa,1934,,178726971.0,,,,,,,,,,,,,,,,,,,,,,,,,
Africa,1935,,181010603.0,,,,,,,,,,,,,,,,,,,,,,,,,
Africa,1936,,183328236.0,,,,,,,,,,,,,,,,,,,,,,,,,
Africa,1937,,185680386.0,,,,,,,,,,,,,,,,,,,,,,,,,
Africa,1938,,188067589.0,,,,,,,,,,,,,,,,,,,,,,,,,
Africa,1939,,190609541.0,,,,,,,,,,,,,,,,,,,,,,,,,
Africa,1940,,193310936.0,,,,,,,,,,,,,,,,,,,,,,,,,
Africa,1941,,196179605.0,,,,,,,,,,,,,,,,,,,,,,,,,
Africa,1942,,199217448.0,,,,,,,,,,,,,,,,,,,,,,,,,
Africa,1943,,202429522.0,,,,,,,,,,,,,,,,,,,,,,,,,
Africa,1944,,205701844.0,,,,,,,,,,,,,,,,,,,,,,,,,
Africa,1945,,209035596.0,,,,,,,,,,,,,,,,,,,,,,,,,
Africa,1946,,212431972.0,,,,,,,,,,,,,,,,,,,,,,,,,
Africa,1947,,215892204.0,,,,,,,,,,,,,,,,,,,,,,,,,
Africa,1948,,219417536.0,,,,,,,,,,,,,,,,,,,,,,,,,
Africa,1949,,223283534.0,,,,,,,,,,,,,,,,,,,,,,,,,
Africa,1950,,227776838.0,,,,,,,,,,,,,,,,,,,,,,,,,
Africa,1951,,232557370.0,,,,,,,,,,,,,,,,,,,,,,,,,
Africa,1952,,237539910.0,,,,,,,,,,,,,,,,,,,,,,,,,
Africa,1953,,242685417.0,,,,,,,,,,,,,,,,,,,,,,,,,
Africa,1954,,248006203.0,,,,,,,,,,,,,,,,,,,,,,,,,
Africa,1955,,253538234.0,,,,,,,,,,,,,,,,,,,,,,,,,
Africa,1956,,259271764.0,,,,,,,,,,,,,,,,,,,,,,,,,
Africa,1957,,265129059.0,,,,,,,,,,,,,,,,,,,,,,,,,
Africa,1958,,271042090.0,,,,,,,,,,,,,,,,,,,,,,,,,
Africa,1959,,277271946.0,,,,,,,,,,,,,,,,,,,,,,,,,
Africa,1960,,283922294.0,,,,,,,,,,,,,,,,,,,,,,,,,
Africa,1961,,290814089.0,,,,,,,,,,,,,,,,,,,,,,,,,
Africa,1962,,297959970.0,,,,,,,,,,,,,,,,,,,,,,,,,
Africa,1963,,305371364.0,,,,,,,,,,,,,,,,,,,,,,,,,
Africa,1964,,313056695.0,,,,,,,,,,,,,,,,,,,,,,,,,
Africa,1965,,320995365.0,,715.26,2228.255,94.581,674.141,,5.419,,38.627,13.906,13.906,,5.419,0.0,,0.0,0.0,,0.0,0.0,,0.0,13.906,,5.419
Africa,1966,,329207333.0,,749.148,2275.611,94.228,703.285,,5.772,,43.083,15.51,15.51,,5.772,0.0,,0.0,0.0,,0.0,0.0,,0.0,15.51,,5.772
Africa,1967,,337767952.0,,757.023,2241.25,94.036,709.147,,5.964,,44.974,16.191,16.191,,5.964,0.0,,0.0,0.0,,0.0,0.0,,0.0,16.191,,5.964
Africa,1968,,346674276.0,,799.802,2307.071,93.395,743.802,,6.605,,52.607,18.938,18.938,,6.605,0.0,,0.0,0.0,,0.0,0.0,,0.0,18.938,,6.605
Africa,1969,,355911162.0,,821.888,2309.25,92.494,756.536,,7.506,,61.391,22.101,22.101,,7.506,0.0,,0.0,0.0,,0.0,0.0,,0.0,22.101,,7.506
Africa,1970,,365456903.0,,892.296,2441.59,91.35,810.593,,8.65,,76.751,27.63,27.63,,8.65,0.0,,0.0,0.0,,0.0,0.0,,0.0,27.63,,8.65
Africa,1971,,375228323.0,,951.088,2534.69,92.311,873.643,,7.689,,72.772,26.177,26.013,,7.635,0.0,,0.0,0.0,,0.0,0.164,,0.054,26.177,,7.689
Africa,1972,,385211089.0,,1006.129,2611.89,91.724,917.977,,8.276,,82.83,29.798,29.633,,8.225,0.0,,0.0,0.0,,0.0,0.165,,0.052,29.798,,8.276
Africa,1973,,395717739.0,,1091.336,2757.866,91.931,998.105,,8.069,,87.603,31.516,31.346,,8.02,0.0,,0.0,0.0,,0.0,0.17,,0.049,31.516,,8.069
Africa,1974,,406762881.0,,1146.729,2819.157,91.264,1040.703,,8.736,,99.622,35.842,35.667,,8.688,0.0,,0.0,0.0,,0.0,0.175,,0.048,35.842,,8.736
Africa,1975,,418322666.0,,1215.407,2905.43,91.287,1103.326,,8.713,,105.31,37.89,37.718,,8.669,0.0,,0.0,0.0,,0.0,0.172,,0.044,37.89,,8.713
Africa,1976,,430382650.0,,1317.606,3061.477,91.094,1193.421,,8.906,,116.683,41.983,41.798,,8.862,0.0,,0.0,0.0,,0.0,0.185,,0.044,41.983,,8.906
Africa,1977,,442542565.0,,1389.259,3139.265,90.719,1252.844,,9.281,,128.171,46.118,45.929,,9.238,0.0,,0.0,0.0,,0.0,0.189,,0.043,46.118,,9.281
Africa,1978,,455417592.0,,1443.465,3169.542,90.995,1305.913,,9.005,,129.24,46.502,46.307,,8.963,0.0,,0.0,0.0,,0.0,0.195,,0.042,46.502,,9.005
Africa,1979,,469072946.0,,1573.52,3354.531,91.16,1426.314,,8.84,,138.309,49.766,49.565,,8.8,0.0,,0.0,0.0,,0.0,0.201,,0.04,49.766,,8.84
Africa,1980,,482922202.0,,1692.948,3505.632,91.994,1549.429,,8.006,,134.846,48.519,48.312,,7.968,0.0,,0.0,0.0,,0.0,0.207,,0.038,48.519,,8.006
Africa,1981,,497487390.0,,1901.133,3821.47,92.595,1752.018,,7.405,,140.106,50.411,50.193,,7.369,0.0,,0.0,0.0,,0.0,0.218,,0.036,50.411,,7.405
Africa,1982,,512805436.0,,2027.8,3954.325,93.055,1878.587,,6.945,,140.199,50.442,50.206,,6.908,0.0,,0.0,0.0,,0.0,0.236,,0.037,50.442,,6.945
Africa,1983,,528042881.0,,2083.269,3945.265,93.909,1948.739,,6.091,,126.405,45.477,45.247,,6.057,0.0,,0.0,0.0,,0.0,0.23,,0.035,45.477,,6.091
Africa,1984,,543411002.0,,2144.854,3947.019,93.671,2001.413,,5.818,,124.315,44.724,44.49,,5.784,0.0,,0.0,0.0,,0.0,0.234,,0.034,44.724,,5.818
Africa,1985,,559417482.0,,2231.859,3989.613,93.118,2069.697,258.986,6.218,19.197,138.201,49.719,49.45,19.094,6.18,0.0,0.0,0.0,0.0,0.0,0.0,0.269,0.104,0.038,49.719,19.197,6.218
Africa,1986,,575715653.0,,2276.799,3954.728,92.564,2098.61,270.11,6.357,19.179,144.13,51.804,51.145,18.935,6.266,0.0,0.0,0.0,0.0,0.0,0.0,0.659,0.244,0.091,51.804,19.179,6.357
Africa,1987,,592341398.0,,2354.032,3974.113,93.371,2189.5,280.26,5.899,17.739,138.324,49.714,49.056,17.504,5.811,0.0,0.0,0.0,0.0,0.0,0.0,0.658,0.235,0.088,49.714,17.739,5.899
Africa,1988,,609119477.0,,2520.128,4137.33,92.83,2329.995,295.296,6.009,18.361,150.827,54.219,53.593,18.149,5.931,0.0,0.0,0.0,0.0,0.0,0.0,0.626,0.212,0.078,54.219,18.361,6.009
Africa,1989,,626082685.0,,2524.231,4031.785,92.478,2324.474,306.648,6.296,18.553,158.251,56.893,56.276,18.352,6.219,0.0,0.0,0.0,0.0,0.0,0.0,0.617,0.201,0.077,56.893,18.553,6.296
Africa,1990,,643490587.0,,2610.341,4056.533,92.883,2414.609,318.776,6.215,18.214,161.559,58.06,57.255,17.961,6.118,0.0,0.0,0.0,0.0,0.0,0.0,0.806,0.253,0.097,58.06,18.214,6.215
Africa,1991,,660810865.0,,2605.747,3943.257,92.428,2397.937,324.848,6.593,18.924,171.044,61.473,60.651,18.671,6.494,0.0,0.0,0.0,0.0,0.0,0.0,0.822,0.253,0.099,61.473,18.924,6.593
Africa,1992,,678257033.0,,2642.723,3896.345,92.811,2442.647,327.871,6.208,17.908,163.392,58.714,57.86,17.647,6.107,0.0,0.0,0.0,0.0,0.0,0.0,0.854,0.26,0.101,58.714,17.908,6.208
Africa,1993,,696302246.0,,2650.903,3807.115,93.161,2459.767,339.074,6.076,16.997,160.424,57.634,56.683,16.717,5.963,0.0,0.0,0.0,0.002,0.001,0.0,0.949,0.28,0.112,57.634,16.997,6.076
Africa,1994,,714183914.0,,2740.532,3837.292,93.055,2540.08,351.334,5.959,16.636,162.65,58.448,57.596,16.394,5.861,0.0,0.0,0.0,0.005,0.002,0.001,0.847,0.241,0.097,58.448,16.636,5.959
Africa,1995,,732395090.0,,2849.608,3890.807,92.933,2637.697,362.692,5.961,16.759,169.204,60.785,59.75,16.474,5.848,0.0,0.0,0.0,0.006,0.002,0.001,1.028,0.284,0.113,60.785,16.759,5.961
Africa,1996,,751187001.0,,2923.535,3891.888,92.797,2701.981,382.14,6.08,16.636,177.031,63.573,62.298,16.302,5.943,0.0,0.0,0.0,0.007,0.002,0.001,1.268,0.332,0.136,63.573,16.636,6.08
Africa,1997,,770098458.0,,2985.129,3876.295,92.707,2756.144,400.878,6.112,16.273,181.695,65.235,63.832,15.923,5.964,0.0,0.0,0.0,0.007,0.002,0.001,1.396,0.348,0.147,65.235,16.273,6.112
Africa,1998,,789672411.0,,3028.711,3835.402,92.429,2787.642,406.459,6.318,16.825,190.562,68.387,66.655,16.399,6.139,0.0,0.0,0.0,0.008,0.002,0.001,1.724,0.424,0.179,68.387,16.825,6.318
Africa,1999,,809745318.0,,3121.758,3855.234,92.362,2870.946,418.592,6.49,17.299,201.743,72.414,70.684,16.886,6.317,0.0,0.0,0.0,0.02,0.005,0.002,1.71,0.408,0.172,72.414,17.299,6.49
Africa,2000,,830226481.0,,3196.58,3850.251,92.052,2929.334,441.07,6.813,17.569,216.803,77.49,74.85,16.97,6.573,0.0,0.0,0.001,0.17,0.039,0.015,2.47,0.56,0.223,77.49,17.569,6.813
Africa,2001,,851317075.0,,3318.36,3897.914,92.08,3041.863,459.45,7.024,18.13,232.038,83.3,80.3,17.477,6.766,0.0,0.0,0.001,0.42,0.091,0.035,2.58,0.562,0.222,83.3,18.13,7.024
Africa,2002,,873025213.0,,3361.184,3850.043,91.782,3070.235,487.7,7.236,18.05,242.04,88.03,84.6,17.347,6.967,0.02,0.004,0.001,0.44,0.09,0.036,2.97,0.609,0.216,88.03,18.05,7.236
Africa,2003,,895336412.0,,3512.796,3923.437,92.282,3227.681,509.15,6.731,16.867,235.436,85.88,82.01,16.107,6.436,0.02,0.004,0.002,0.53,0.104,0.042,3.32,0.652,0.236,85.88,16.867,6.731
Africa,2004,,918363272.0,,3819.399,4158.92,92.513,3518.97,540.14,6.535,16.849,248.585,91.01,86.54,16.022,6.215,0.02,0.004,0.002,0.76,0.141,0.055,3.69,0.683,0.248,91.01,16.849,6.535
Africa,2005,,942115143.0,,3787.717,4020.439,92.551,3490.628,560.75,6.644,16.754,250.588,93.95,89.49,15.959,6.332,0.02,0.004,0.002,0.78,0.139,0.056,3.66,0.653,0.254,93.95,16.754,6.644
Africa,2006,,966491337.0,,3871.46,4005.685,92.546,3567.785,586.8,6.759,16.697,260.576,97.98,92.62,15.784,6.385,0.03,0.005,0.002,0.85,0.145,0.059,4.48,0.763,0.311,97.98,16.697,6.759
Africa,2007,,991615906.0,,4012.792,4046.72,92.57,3699.359,610.23,6.676,16.469,266.808,100.5,95.55,15.658,6.336,0.03,0.005,0.003,1.01,0.166,0.068,3.91,0.641,0.25,100.5,16.469,6.676
Africa,2008,,1017632831.0,,4258.883,4185.088,92.815,3936.815,621.69,6.376,16.487,270.426,102.5,96.94,15.593,6.032,0.04,0.006,0.004,1.31,0.211,0.082,4.21,0.677,0.245,102.5,16.487,6.376
Africa,2009,,1044356804.0,,4315.665,4132.366,92.763,3987.32,624.58,6.455,17.067,277.44,106.6,100.65,16.115,6.08,0.07,0.011,0.005,1.6,0.256,0.097,4.28,0.685,0.265,106.6,17.067,6.455
Africa,2010,,1071809929.0,,4460.19,4161.363,92.471,4106.646,672.41,6.736,17.29,299.146,116.26,109.27,16.251,6.315,0.21,0.031,0.012,2.28,0.339,0.134,4.5,0.669,0.271,116.26,17.29,6.736
Africa,2011,,1099732995.0,,4529.279,4118.526,92.44,4169.005,688.68,6.819,17.32,307.544,119.28,112.1,16.278,6.361,0.51,0.074,0.034,2.41,0.35,0.137,4.26,0.619,0.276,119.28,17.32,6.819
Africa,2012,,1128396676.0,,4734.076,4195.4,92.737,4372.651,725.45,6.554,16.874,309.049,122.41,114.57,15.793,6.061,0.89,0.123,0.052,2.59,0.357,0.138,4.36,0.601,0.285,122.41,16.874,6.554
Africa,2013,,1158293959.0,,4888.162,4220.139,92.556,4505.302,740.91,6.703,17.2,326.263,127.44,118.22,15.956,6.164,0.56,0.076,0.039,3.83,0.517,0.189,4.83,0.652,0.297,127.44,17.2,6.703
Africa,2014,,1188685762.0,,5049.482,4247.954,92.305,4641.549,768.06,6.997,17.884,351.851,137.36,124.3,16.184,6.283,1.86,0.242,0.094,5.17,0.673,0.256,6.03,0.785,0.35,137.36,17.884,6.997
Africa,2015,,1219484027.0,,5163.164,4233.892,92.375,4751.086,790.03,7.023,17.987,361.194,142.1,122.39,15.492,5.954,3.25,0.411,0.175,8.98,1.137,0.439,7.48,0.947,0.439,142.1,17.987,7.023
Africa,2016,,1250551239.0,,5280.843,4222.812,92.35,4857.562,805.8,6.933,17.962,364.653,144.74,120.82,14.994,5.7,4.72,0.586,0.251,11.21,1.391,0.534,7.99,0.992,0.435,144.74,17.962,6.933
Africa,2017,,1282169538.0,,5444.701,4246.475,92.166,4998.094,825.62,7.179,18.748,389.335,154.79,126.4,15.31,5.787,6.78,0.821,0.319,13.44,1.628,0.628,8.17,0.99,0.434,154.79,18.748,7.179
Africa,2018,,1314609397.0,,5530.573,4207.008,91.878,5060.675,855.75,7.599,19.637,418.531,168.04,136.66,15.97,6.07,8.45,0.987,0.376,14.88,1.739,0.667,8.05,0.941,0.467,168.04,19.637,7.599
Africa,2019,,1347162538.0,,5681.833,4217.629,91.58,5180.658,875.96,7.841,20.575,443.538,180.23,140.92,16.087,6.031,11.55,1.319,0.483,19.52,2.228,0.844,8.24,0.941,0.459,180.23,20.575,7.841
Africa,2020,,1379939686.0,,5412.605,3922.349,90.726,4886.883,861.09,8.82,22.304,475.073,192.06,148.36,17.229,6.757,16.55,1.922,0.696,19.13,2.222,0.876,8.02,0.931,0.464,192.06,22.304,8.82
Africa,2021,,1412811077.0,,5870.374,4155.102,90.764,5302.949,905.76,8.715,22.821,509.193,206.7,155.55,17.173,6.556,19.87,2.194,0.736,23.2,2.561,0.968,8.08,0.892,0.431,206.7,22.821,8.715
Africa,2022,,1445862695.0,,5954.654,4118.409,90.661,5373.315,923.17,8.92,23.945,528.702,221.05,163.33,17.692,6.713,24.41,2.644,0.714,24.7,2.676,1.025,8.61,0.933,0.447,221.05,23.945,8.92
Africa,2023,,1479690254.0,,6050.292,4088.891,90.457,5444.936,930.89,9.215,24.51,554.704,228.16,160.49,17.24,6.772,29.89,3.211,0.768,27.77,2.983,1.151,10.01,1.075,0.505,228.16,24.51,9.215
Africa,2024,,1514032368.0,,6139.628,4055.15,90.335,5519.12,961.77,9.354,24.736,571.503,237.9,164.99,17.155,6.79,35.65,3.707,0.833,28.31,2.944,1.161,8.95,0.931,0.552,237.9,24.736,9.354
Africa (EI),1965,,,,715.26,,94.581,674.141,,5.419,,38.627,13.906,13.906,,5.419,0.0,,0.0,0.0,,0.0,0.0,,0.0,13.906,,5.419
Africa (EI),1966,,,,749.148,,94.228,703.285,,5.772,,43.083,15.51,15.51,,5.772,0.0,,0.0,0.0,,0.0,0.0,,0.0,15.51,,5.772
Africa (EI),1967,,,,757.023,,94.036,709.147,,5.964,,44.974,16.191,16.191,,5.964,0.0,,0.0,0.0,,0.0,0.0,,0.0,16.191,,5.964
Africa (EI),1968,,,,799.802,,93.395,743.802,,6.605,,52.607,18.938,18.938,,6.605,0.0,,0.0,0.0,,0.0,0.0,,0.0,18.938,,6.605
Africa (EI),1969,,,,821.888,,92.494,756.536,,7.506,,61.391,22.101,22.101,,7.506,0.0,,0.0,0.0,,0.0,0.0,,0.0,22.101,,7.506
Africa (EI),1970,,,,892.296,,91.35,810.593,,8.65,,76.751,27.63,27.63,,8.65,0.0,,0.0,0.0,,0.0,0.0,,0.0,27.63,,8.65
Africa (EI),1971,,,,951.088,,92.311,873.643,,7.689,,72.772,26.177,26.013,,7.635,0.0,,0.0,0.0,,0.0,0.164,,0.054,26.177,,7.689
Africa (EI),1972,,,,1006.129,,91.724,917.977,,8.276,,82.83,29.798,29.633,,8.225,0.0,,0.0,0.0,,0.0,0.165,,0.052,29.798,,8.276
Africa (EI),1973,,,,1091.336,,91.931,998.105,,8.069,,87.603,31.516,31.346,,8.02,0.0,,0.0,0.0,,0.0,0.17,,0.049,31.516,,8.069
Africa (EI),1974,,,,1146.729,,91.264,1040.703,,8.736,,99.622,35.842,35.667,,8.688,0.0,,0.0,0.0,,0.0,0.175,,0.048,35.842,,8.736
Africa (EI),1975,,,,1215.407,,91.287,1103.326,,8.713,,105.31,37.89,37.718,,8.669,0.0,,0.0,0.0,,0.0,0.172,,0.044,37.89,,8.713
Africa (EI),1976,,,,1317.606,,91.094,1193.421,,8.906,,116.683,41.983,41.798,,8.862,0.0,,0.0,0.0,,0.0,0.185,,0.044,41.983,,8.906
Africa (EI),1977,,,,1389.259,,90.719,1252.844,,9.281,,128.171,46.118,45.929,,9.238,0.0,,0.0,0.0,,0.0,0.189,,0.043,46.118,,9.281
Africa (EI),1978,,,,1443.465,,90.995,1305.913,,9.005,,129.24,46.502,46.307,,8.963,0.0,,0.0,0.0,,0.0,0.195,,0.042,46.502,,9.005
Africa (EI),1979,,,,1573.52,,91.16,1426.314,,8.84,,138.309,49.766,49.565,,8.8,0.0,,0.0,0.0,,0.0,0.201,,0.04,49.766,,8.84
Africa (EI),1980,,,,1692.948,,91.994,1549.429,,8.006,,134.846,48.519,48.312,,7.968,0.0,,0.0,0.0,,0.0,0.207,,0.038,48.519,,8.006
Africa (EI),1981,,,,1901.133,,92.595,1752.018,,7.405,,140.106,50.411,50.193,,7.369,0.0,,0.0,0.0,,0.0,0.218,,0.036,50.411,,7.405
Africa (EI),1982,,,,2027.8,,93.055,1878.587,,6.945,,140.199,50.442,50.206,,6.908,0.0,,0.0,0.0,,0.0,0.236,,0.037,50.442,,6.945
Africa (EI),1983,,,,2083.269,,93.909,1948.739,,6.091,,126.405,45.477,45.247,,6.057,0.0,,0.0,0.0,,0.0,0.23,,0.035,45.477,,6.091
Africa (EI),1984,,,,2144.854,,93.671,2001.413,,5.818,,124.315,44.724,44.49,,5.784,0.0,,0.0,0.0,,0.0,0.234,,0.034,44.724,,5.818
Africa (EI),1985,,,,2231.859,,93.118,2069.697,258.986,6.218,19.197,138.201,49.719,49.45,19.094,6.18,0.0,0.0,0.0,0.0,0.0,0.0,0.269,0.104,0.038,49.719,19.197,6.218
Africa (EI),1986,,,,2276.799,,92.564,2098.61,270.11,6.357,19.179,144.13,51.804,51.145,18.935,6.266,0.0,0.0,0.0,0.0,0.0,0.0,0.659,0.244,0.091,51.804,19.179,6.357
Africa (EI),1987,,,,2354.032,,93.371,2189.5,280.26,5.899,17.739,138.324,49.714,49.056,17.504,5.811,0.0,0.0,0.0,0.0,0.0,0.0,0.658,0.235,0.088,49.714,17.739,5.899
Africa (EI),1988,,,,2520.128,,92.83,2329.995,295.296,6.009,18.361,150.827,54.219,53.593,18.149,5.931,0.0,0.0,0.0,0.0,0.0,0.0,0.626,0.212,0.078,54.219,18.361,6.009
Africa (EI),1989,,,,2524.231,,92.478,2324.474,306.648,6.296,18.553,158.251,56.893,56.276,18.352,6.219,0.0,0.0,0.0,0.0,0.0,0.0,0.617,0.201,0.077,56.893,18.553,6.296
Africa (EI),1990,,,,2610.341,,92.883,2414.609,318.776,6.215,18.214,161.559,58.06,57.255,17.961,6.118,0.0,0.0,0.0,0.0,0.0,0.0,0.806,0.253,0.097,58.06,18.214,6.215
Africa (EI),1991,,,,2605.747,,92.428,2397.937,324.848,6.593,18.924,171.044,61.473,60.651,18.671,6.494,0.0,0.0,0.0,0.0,0.0,0.0,0.822,0.253,0.099,61.473,18.924,6.593
Africa (EI),1992,,,,2642.723,,92.811,2442.647,327.871,6.208,17.908,163.392,58.714,57.86,17.647,6.107,0.0,0.0,0.0,0.0,0.0,0.0,0.854,0.26,0.101,58.714,17.908,6.208
Africa (EI),1993,,,,2650.903,,93.161,2459.767,339.074,6.076,16.997,160.424,57.634,56.683,16.717,5.963,0.0,0.0,0.0,0.002,0.001,0.0,0.949,0.28,0.112,57.634,16.997,6.076
Africa (EI),1994,,,,2740.532,,93.055,2540.08,351.334,5.959,16.636,162.65,58.448,57.596,16.394,5.861,0.0,0.0,0.0,0.005,0.002,0.001,0.847,0.241,0.097,58.448,16.636,5.959
Africa (EI),1995,,,,2849.608,,92.933,2637.697,362.692,5.961,16.759,169.204,60.785,59.75,16.474,5.848,0.0,0.0,0.0,0.006,0.002,0.001,1.028,0.284,0.113,60.785,16.759,5.961
Africa (EI),1996,,,,2923.535,,92.797,2701.981,382.14,6.08,16.636,177.031,63.573,62.298,16.302,5.943,0.0,0.0,0.0,0.007,0.002,0.001,1.268,0.332,0.136,63.573,16.636,6.08
Africa (EI),1997,,,,2985.129,,92.707,2756.144,400.878,6.112,16.273,181.695,65.235,63.832,15.923,5.964,0.0,0.0,0.0,0.007,0.002,0.001,1.396,0.348,0.147,65.235,16.273,6.112
Africa (EI),1998,,,,3028.711,,92.429,2787.642,406.459,6.318,16.825,190.562,68.387,66.655,16.399,6.139,0.0,0.0,0.0,0.008,0.002,0.001,1.724,0.424,0.179,68.387,16.825,6.318
Africa (EI),1999,,,,3121.758,,92.362,2870.946,418.592,6.49,17.299,201.743,72.414,70.684,16.886,6.317,0.0,0.0,0.0,0.02,0.005,0.002,1.71,0.408,0.172,72.414,17.299,6.49
Africa (EI),2000,,,,3196.58,,92.052,2929.334,440.257,6.813,17.663,216.803,77.765,75.302,17.104,6.573,0.012,0.003,0.001,0.176,0.04,0.015,2.275,0.517,0.223,77.765,17.663,6.813
Africa (EI),2001,,,,3318.36,,92.08,3041.863,459.188,7.024,18.226,232.038,83.689,80.911,17.62,6.766,0.015,0.003,0.001,0.416,0.091,0.035,2.348,0.511,0.222,83.689,18.226,7.024
Africa (EI),2002,,,,3361.184,,91.782,3070.235,487.571,7.236,18.016,242.04,87.84,85.068,17.447,6.967,0.016,0.003,0.001,0.444,0.091,0.036,2.312,0.474,0.216,87.84,18.016,7.236
Africa (EI),2003,,,,3512.796,,92.282,3227.681,509.034,6.731,16.859,235.436,85.817,82.617,16.23,6.436,0.019,0.004,0.002,0.536,0.105,0.042,2.646,0.52,0.236,85.817,16.859,6.731
Africa (EI),2004,,,,3819.399,,92.513,3518.97,540.743,6.535,16.834,248.585,91.031,87.227,16.131,6.215,0.023,0.004,0.002,0.768,0.142,0.055,3.013,0.557,0.248,91.031,16.834,6.535
Africa (EI),2005,,,,3787.717,,92.551,3490.628,560.415,6.644,16.545,250.588,92.72,88.843,15.853,6.332,0.027,0.005,0.002,0.78,0.139,0.056,3.069,0.548,0.254,92.72,16.545,6.644
Africa (EI),2006,,,,3871.46,,92.546,3567.785,586.134,6.759,16.512,260.576,96.781,92.055,15.705,6.385,0.035,0.006,0.002,0.853,0.145,0.059,3.838,0.655,0.311,96.781,16.512,6.759
Africa (EI),2007,,,,4012.792,,92.57,3699.359,610.672,6.676,16.288,266.808,99.465,95.205,15.59,6.336,0.044,0.007,0.003,1.016,0.166,0.068,3.2,0.524,0.25,99.465,16.288,6.676
Africa (EI),2008,,,,4258.883,,92.815,3936.815,623.504,6.376,16.304,270.426,101.659,96.962,15.551,6.032,0.063,0.01,0.004,1.312,0.21,0.082,3.322,0.533,0.245,101.659,16.304,6.376
Africa (EI),2009,,,,4315.665,,92.763,3987.32,630.124,6.455,16.646,277.44,104.89,99.567,15.801,6.08,0.084,0.013,0.005,1.59,0.252,0.097,3.65,0.579,0.265,104.89,16.646,6.455
Africa (EI),2010,,,,4460.19,,92.471,4106.646,672.758,6.736,16.949,299.146,114.029,107.687,16.007,6.315,0.201,0.03,0.012,2.285,0.34,0.134,3.856,0.573,0.271,114.029,16.949,6.736
Africa (EI),2011,,,,4529.279,,92.44,4169.005,688.22,6.819,17.101,307.544,117.695,110.733,16.09,6.361,0.587,0.085,0.034,2.388,0.347,0.137,3.987,0.579,0.276,117.695,17.101,6.819
Africa (EI),2012,,,,4734.076,,92.737,4372.651,722.586,6.554,16.421,309.049,118.655,110.881,15.345,6.061,0.949,0.131,0.052,2.518,0.348,0.138,4.307,0.596,0.285,118.655,16.421,6.554
Africa (EI),2013,,,,4888.162,,92.556,4505.302,745.498,6.703,16.939,326.263,126.277,117.321,15.737,6.164,0.738,0.099,0.039,3.596,0.482,0.189,4.622,0.62,0.297,126.277,16.939,6.703
Africa (EI),2014,,,,5049.482,,92.305,4641.549,770.714,6.997,17.74,351.851,136.722,124.171,16.111,6.283,1.856,0.241,0.094,5.062,0.657,0.256,5.633,0.731,0.35,136.722,17.74,6.997
Africa (EI),2015,,,,5163.164,,92.375,4751.086,790.712,7.023,17.788,361.194,140.648,120.966,15.298,5.954,3.546,0.448,0.175,8.913,1.127,0.439,7.223,0.913,0.439,140.648,17.788,7.023
Africa (EI),2016,,,,5280.843,,92.35,4857.562,799.935,6.933,17.887,364.653,143.087,119.332,14.918,5.7,5.259,0.657,0.251,11.179,1.397,0.534,7.317,0.915,0.435,143.087,17.887,6.933
Africa (EI),2017,,,,5444.701,,92.166,4998.094,827.068,7.179,18.571,389.335,153.592,125.531,15.178,5.787,6.911,0.836,0.319,13.614,1.646,0.628,7.536,0.911,0.434,153.592,18.571,7.179
Africa (EI),2018,,,,5530.573,,91.878,5060.675,849.991,7.599,19.498,418.531,165.735,134.414,15.814,6.07,8.334,0.98,0.376,14.764,1.737,0.667,8.223,0.967,0.467,165.735,19.498,7.599
Africa (EI),2019,,,,5681.833,,91.58,5180.658,870.895,7.841,20.262,443.538,176.46,137.838,15.827,6.031,11.033,1.267,0.483,19.283,2.214,0.844,8.306,0.954,0.459,176.46,20.262,7.841
Africa (EI),2020,,,,5412.605,,90.726,4886.883,853.838,8.82,22.217,475.073,189.698,147.409,17.264,6.757,15.182,1.778,0.696,19.111,2.238,0.876,7.996,0.936,0.464,189.698,22.217,8.82
Africa (EI),2021,,,,5870.374,,90.764,5302.949,900.059,8.715,22.664,509.193,203.988,155.507,17.277,6.556,17.458,1.94,0.736,22.96,2.551,0.968,8.063,0.896,0.431,203.988,22.664,8.715
Africa (EI),2022,,,,5954.654,,90.661,5373.315,911.739,8.92,23.29,528.702,212.348,161.926,17.76,6.713,17.227,1.889,0.714,24.724,2.712,1.025,8.471,0.929,0.447,212.348,23.29,8.92
Africa (EI),2023,,,,6050.292,,90.457,5444.936,924.325,9.215,24.258,554.704,224.221,167.117,18.08,6.772,18.963,2.052,0.768,28.41,3.074,1.151,9.731,1.053,0.505,224.221,24.258,9.215
Africa (EI),2024,,,,6139.628,,90.335,5519.12,963.931,9.354,23.944,571.503,230.805,170.076,17.644,6.79,20.864,2.164,0.833,29.071,3.016,1.161,10.793,1.12,0.552,230.805,23.944,9.354
Africa (EIA),1980,,,,1823.399,,,,,,,,,,,,,,,,,,,,,,,
Africa (EIA),1981,,,,1890.375,,,,,,,,,,,,,,,,,,,,,,,
Africa (EIA),1982,,,,2060.424,,,,,,,,,,,,,,,,,,,,,,,
Africa (EIA),1983,,,,2183.673,,,,,,,,,,,,,,,,,,,,,,,
Africa (EIA),1984,,,,2309.847,,,,,,,,,,,,,,,,,,,,,,,
Africa (EIA),1985,,,,2369.861,,,,,,,,,,,,,,,,,,,,,,,
Africa (EIA),1986,,,,2409.641,,,,,,,,,,,,,,,,,,,,,,,
Africa (EIA),1987,,,,2502.451,,,,,,,,,,,,,,,,,,,,,,,
Africa (EIA),1988,,,,2593.336,,,,,,,,,,,,,,,,,,,,,,,
Africa (EIA),1989,,,,2649.122,,,,,,,,,,,,,,,,,,,,,,,
Africa (EIA),1990,,,,2731.023,,,,,,,,,,,,,,,,,,,,,,,
Africa (EIA),1991,,,,2781.017,,,,,,,,,,,,,,,,,,,,,,,
Africa (EIA),1992,,,,2806.12,,,,,,,,,,,,,,,,,,,,,,,
Africa (EIA),1993,,,,2834.033,,,,,,,,,,,,,,,,,,,,,,,
Africa (EIA),1994,,,,2897.901,,,,,,,,,,,,,,,,,,,,,,,
Africa (EIA),1995,,,,3025.859,,,,,,,,,,,,,,,,,,,,,,,
Africa (EIA),1996,,,,3123.804,,,,,,,,,,,,,,,,,,,,,,,
Africa (EIA),1997,,,,3199.062,,,,,,,,,,,,,,,,,,,,,,,
Africa (EIA),1998,,,,3261.529,,,,,,,,,,,,,,,,,,,,,,,
Africa (EIA),1999,,,,3253.761,,,,,,,,,,,,,,,,,,,,,,,
Africa (EIA),2000,,,,3402.793,,,,,,,,,,,,,,,,,,,,,,,
Africa (EIA),2001,,,,3508.286,,,,,,,,,,,,,,,,,,,,,,,
Africa (EIA),2002,,,,3622.22,,,,,,,,,,,,,,,,,,,,,,,
Africa (EIA),2003,,,,3778.402,,,,,,,,,,,,,,,,,,,,,,,
Africa (EIA),2004,,,,3898.832,,,,,,,,,,,,,,,,,,,,,,,
Africa (EIA),2005,,,,4121.82,,,,,,,,,,,,,,,,,,,,,,,
Africa (EIA),2006,,,,4200.947,,,,,,,,,,,,,,,,,,,,,,,
Africa (EIA),2007,,,,4351.817,,,,,,,,,,,,,,,,,,,,,,,
Africa (EIA),2008,,,,4554.907,,,,,,,,,,,,,,,,,,,,,,,
Africa (EIA),2009,,,,4549.266,,,,,,,,,,,,,,,,,,,,,,,
Africa (EIA),2010,,,,4754.933,,,,,,,,,,,,,,,,,,,,,,,
Africa (EIA),2011,,,,4883.411,,,,,,,,,,,,,,,,,,,,,,,
Africa (EIA),2012,,,,5104.439,,,,,,,,,,,,,,,,,,,,,,,
Africa (EIA),2013,,,,5265.281,,,,,,,,,,,,,,,,,,,,,,,
Africa (EIA),2014,,,,5431.361,,,,,,,,,,,,,,,,,,,,,,,
Africa (EIA),2015,,,,5425.935,,,,,,,,,,,,,,,,,,,,,,,
Africa (EIA),2016,,,,5464.726,,,,,,,,,,,,,,,,,,,,,,,
Africa (EIA),2017,,,,5698.093,,,,,,,,,,,,,,,,,,,,,,,
Africa (EIA),2018,,,,5717.813,,,,,,,,,,,,,,,,,,,,,,,
Africa (EIA),2019,,,,5916.964,,,,,,,,,,,,,,,,,,,,,,,
Africa (EIA),2020,,,,5551.27,,,,,,,,,,,,,,,,,,,,,,,
Africa (EIA),2021,,,,5772.613,,,,,,,,,,,,,,,,,,,,,,,
Africa (EIA),2022,,,,5965.856,,,,,,,,,,,,,,,,,,,,,,,
Africa (EIA),2023,,,,6051.291,,,,,,,,,,,,,,,,,,,,,,,
Africa (Ember),2000,,,,,,,,441.07,,17.569,,77.49,74.85,16.97,,0.0,0.0,,0.17,0.039,,2.47,0.56,,77.49,17.569,
Africa (Ember),2001,,,,,,,,459.45,,18.13,,83.3,80.3,17.477,,0.0,0.0,,0.42,0.091,,2.58,0.562,,83.3,18.13,
Africa (Ember),2002,,,,,,,,487.7,,18.05,,88.03,84.6,17.347,,0.02,0.004,,0.44,0.09,,2.97,0.609,,88.03,18.05,
Africa (Ember),2003,,,,,,,,509.15,,16.867,,85.88,82.01,16.107,,0.02,0.004,,0.53,0.104,,3.32,0.652,,85.88,16.867,
Africa (Ember),2004,,,,,,,,540.14,,16.849,,91.01,86.54,16.022,,0.02,0.004,,0.76,0.141,,3.69,0.683,,91.01,16.849,
Africa (Ember),2005,,,,,,,,560.75,,16.754,,93.95,89.49,15.959,,0.02,0.004,,0.78,0.139,,3.66,0.653,,93.95,16.754,
Africa (Ember),2006,,,,,,,,586.8,,16.697,,97.98,92.62,15.784,,0.03,0.005,,0.85,0.145,,4.48,0.763,,97.98,16.697,
Africa (Ember),2007,,,,,,,,610.23,,16.469,,100.5,95.55,15.658,,0.03,0.005,,1.01,0.166,,3.91,0.641,,100.5,16.469,
Africa (Ember),2008,,,,,,,,621.69,,16.487,,102.5,96.94,15.593,,0.04,0.006,,1.31,0.211,,4.21,0.677,,102.5,16.487,
Africa (Ember),2009,,,,,,,,624.58,,17.067,,106.6,100.65,16.115,,0.07,0.011,,1.6,0.256,,4.28,0.685,,106.6,17.067,
Africa (Ember),2010,,,,,,,,672.5,,17.288,,116.26,109.27,16.248,,0.21,0.031,,2.28,0.339,,4.5,0.669,,116.26,17.288,
Africa (Ember),2011,,,,,,,,688.77,,17.318,,119.28,112.1,16.275,,0.51,0.074,,2.41,0.35,,4.26,0.618,,119.28,17.318,
Africa (Ember),2012,,,,,,,,725.54,,16.872,,122.41,114.57,15.791,,0.89,0.123,,2.59,0.357,,4.36,0.601,,122.41,16.872,
Africa (Ember),2013,,,,,,,,741.0,,17.198,,127.44,118.22,15.954,,0.56,0.076,,3.83,0.517,,4.83,0.652,,127.44,17.198,
Africa (Ember),2014,,,,,,,,768.15,,17.882,,137.36,124.3,16.182,,1.86,0.242,,5.17,0.673,,6.03,0.785,,137.36,17.882,
Africa (Ember),2015,,,,,,,,790.12,,17.985,,142.1,122.39,15.49,,3.25,0.411,,8.98,1.137,,7.48,0.947,,142.1,17.985,
Africa (Ember),2016,,,,,,,,805.89,,17.96,,144.74,120.82,14.992,,4.72,0.586,,11.21,1.391,,7.99,0.991,,144.74,17.96,
Africa (Ember),2017,,,,,,,,825.71,,18.746,,154.79,126.4,15.308,,6.78,0.821,,13.44,1.628,,8.17,0.989,,154.79,18.746,
Africa (Ember),2018,,,,,,,,855.84,,19.635,,168.04,136.66,15.968,,8.45,0.987,,14.88,1.739,,8.05,0.941,,168.04,19.635,
Africa (Ember),2019,,,,,,,,876.05,,20.573,,180.23,140.92,16.086,,11.55,1.318,,19.52,2.228,,8.24,0.941,,180.23,20.573,
Africa (Ember),2020,,,,,,,,861.18,,22.302,,192.06,148.36,17.228,,16.55,1.922,,19.13,2.221,,8.02,0.931,,192.06,22.302,
Africa (Ember),2021,,,,,,,,905.85,,22.818,,206.7,155.55,17.172,,19.87,2.194,,23.2,2.561,,8.08,0.892,,206.7,22.818,
Africa (Ember),2022,,,,,,,,923.26,,23.942,,221.05,163.33,17.691,,24.41,2.644,,24.7,2.675,,8.61,0.933,,221.05,23.942,
Africa (Ember),2023,,,,,,,,930.98,,24.508,,228.16,160.49,17.239,,29.89,3.211,,27.77,2.983,,10.01,1.075,,228.16,24.508,
Africa (Ember),2024,,,,,,,,965.35,,24.846,,239.85,165.61,17.155,,35.96,3.725,,28.33,2.935,,9.95,1.031,,239.85,24.846,
Africa (Ember),2025,,,,,,,,998.12,,26.21,,261.61,179.08,17.942,,39.83,3.991,,32.3,3.236,,10.4,1.042,,261.61,26.21,
Africa (Shift),1900,,,,,,,,,,,,,,,,,,,,,,,,,,,
Africa (Shift),1901,,,,,,,,,,,,,,,,,,,,,,,,,,,
Africa (Shift),1902,,,,,,,,,,,,,,,,,,,,,,,,,,,
Africa (Shift),1903,,,,,,,,,,,,,,,,,,,,,,,,,,,
Africa (Shift),1904,,,,,,,,,,,,,,,,,,,,,,,,,,,
Africa (Shift),1905,,,,,,,,,,,,,,,,,,,,,,,,,,,
Africa (Shift),1906,,,,,,,,,,,,,,,,,,,,,,,,,,,
Africa (Shift),1907,,,,,,,,,,,,,,,,,,,,,,,,,,,
Africa (Shift),1908,,,,,,,,,,,,,,,,,,,,,,,,,,,
Africa (Shift),1909,,,,,,,,,,,,,,,,,,,,,,,,,,,
Africa (Shift),1910,,,,,,,,,,,,,,,,,,,,,,,,,,,
Africa (Shift),1911,,,,,,,,,,,,,,,,,,,,,,,,,,,
Africa (Shift),1912,,,,,,,,,,,,,,,,,,,,,,,,,,,
Africa (Shift),1913,,,,,,,,,,,,,,,,,,,,,,,,,,,
Africa (Shift),1914,,,,,,,,,,,,,,,,,,,,,,,,,,,
Africa (Shift),1915,,,,,,,,,,,,,,,,,,,,,,,,,,,
Africa (Shift),1916,,,,,,,,,,,,,,,,,,,,,,,,,,,
Africa (Shift),1917,,,,,,,,,,,,,,,,,,,,,,,,,,,
Africa (Shift),1918,,,,,,,,,,,,,,,,,,,,,,,,,,,
Africa (Shift),1919,,,,,,,,,,,,,,,,,,,,,,,,,,,
Africa (Shift),1920,,,,,,,,,,,,,,,,,,,,,,,,,,,
Africa (Shift),1921,,,,,,,,,,,,,,,,,,,,,,,,,,,
Africa (Shift),1922,,,,,,,,,,,,,,,,,,,,,,,,,,,
Africa (Shift),1923,,,,,,,,,,,,,,,,,,,,,,,,,,,
Africa (Shift),1924,,,,,,,,,,,,,,,,,,,,,,,,,,,
Africa (Shift),1925,,,,,,,,,,,,,,,,,,,,,,,,,,,
Africa (Shift),1926,,,,,,,,,,,,,,,,,,,,,,,,,,,
Africa (Shift),1927,,,,,,,,,,,,,,,,,,,,,,,,,,,
Africa (Shift),1928,,,,,,,,,,,,,,,,,,,,,,,,,,,
Africa (Shift),1929,,,,,,,,,,,,,,,,,,,,,,,,,,,
Africa (Shift),1930,,,,,,,,,,,,,,,,,,,,,,,,,,,
Africa (Shift),1931,,,,,,,,,,,,,,,,,,,,,,,,,,,
Africa (Shift),1932,,,,,,,,,,,,,,,,,,,,,,,,,,,
Africa (Shift),1933,,,,,,,,,,,,,,,,,,,,,,,,,,,
Africa (Shift),1934,,,,,,,,,,,,,,,,,,,,,,,,,,,
Africa (Shift),1935,,,,,,,,,,,,,,,,,,,,,,,,,,,
Africa (Shift),1936,,,,,,,,,,,,,,,,,,,,,,,,,,,
Africa (Shift),1937,,,,,,,,,,,,,,,,,,,,,,,,,,,
Africa (Shift),1938,,,,,,,,,,,,,,,,,,,,,,,,,,,
Africa (Shift),1939,,,,,,,,,,,,,,,,,,,,,,,,,,,
Africa (Shift),1940,,,,,,,,,,,,,,,,,,,,,,,,,,,
Africa (Shift),1941,,,,,,,,,,,,,,,,,,,,,,,,,,,
Africa (Shift),1942,,,,,,,,,,,,,,,,,,,,,,,,,,,
Africa (Shift),1943,,,,,,,,,,,,,,,,,,,,,,,,,,,
Africa (Shift),1944,,,,,,,,,,,,,,,,,,,,,,,,,,,
Africa (Shift),1945,,,,,,,,,,,,,,,,,,,,,,,,,,,
Africa (Shift),1946,,,,,,,,,,,,,,,,,,,,,,,,,,,
Africa (Shift),1947,,,,,,,,,,,,,,,,,,,,,,,,,,,
Africa (Shift),1948,,,,,,,,,,,,,,,,,,,,,,,,,,,
Africa (Shift),1949,,,,,,,,,,,,,,,,,,,,,,,,,,,
Africa (Shift),1950,,,,,,,,,,,,,,,,,,,,,,,,,,,
Africa (Shift),1951,,,,,,,,,,,,,,,,,,,,,,,,,,,
Africa (Shift),1952,,,,,,,,,,,,,,,,,,,,,,,,,,,
Africa (Shift),1953,,,,,,,,,,,,,,,,,,,,,,,,,,,
Africa (Shift),1954,,,,,,,,,,,,,,,,,,,,,,,,,,,
Africa (Shift),1955,,,,,,,,,,,,,,,,,,,,,,,,,,,
Africa (Shift),1956,,,,,,,,,,,,,,,,,,,,,,,,,,,
Africa (Shift),1957,,,,,,,,,,,,,,,,,,,,,,,,,,,
Africa (Shift),1958,,,,,,,,,,,,,,,,,,,,,,,,,,,
Africa (Shift),1959,,,,,,,,,,,,,,,,,,,,,,,,,,,
Africa (Shift),1960,,,,,,,,,,,,,,,,,,,,,,,,,,,
Africa (Shift),1961,,,,,,,,,,,,,,,,,,,,,,,,,,,
Africa (Shift),1962,,,,,,,,,,,,,,,,,,,,,,,,,,,
Africa (Shift),1963,,,,,,,,,,,,,,,,,,,,,,,,,,,
Africa (Shift),1964,,,,,,,,,,,,,,,,,,,,,,,,,,,
Africa (Shift),1965,,,,,,,,,,,,,,,,,,,,,,,,,,,
Africa (Shift),1966,,,,,,,,,,,,,,,,,,,,,,,,,,,
Africa (Shift),1967,,,,,,,,,,,,,,,,,,,,,,,,,,,
Africa (Shift),1968,,,,,,,,,,,,,,,,,,,,,,,,,,,
Africa (Shift),1969,,,,,,,,,,,,,,,,,,,,,,,,,,,
Africa (Shift),1970,,,,,,,,,,,,,,,,,,,,,,,,,,,
Africa (Shift),1971,,,,,,,,,,,,,,,,,,,,,,,,,,,
Africa (Shift),1972,,,,,,,,,,,,,,,,,,,,,,,,,,,
Africa (Shift),1973,,,,,,,,,,,,,,,,,,,,,,,,,,,
Africa (Shift),1974,,,,,,,,,,,,,,,,,,,,,,,,,,,
Africa (Shift),1975,,,,,,,,,,,,,,,,,,,,,,,,,,,
Africa (Shift),1976,,,,,,,,,,,,,,,,,,,,,,,,,,,
Africa (Shift),1977,,,,,,,,,,,,,,,,,,,,,,,,,,,
Africa (Shift),1978,,,,,,,,,,,,,,,,,,,,,,,,,,,
Africa (Shift),1979,,,,,,,,,,,,,,,,,,,,,,,,,,,
Africa (Shift),1980,,,,,,,,,,,,,,,,,,,,,,,,,,,
Africa (Shift),1981,,,,,,,,,,,,,,,,,,,,,,,,,,,
Africa (Shift),1982,,,,,,,,,,,,,,,,,,,,,,,,,,,
Africa (Shift),1983,,,,,,,,,,,,,,,,,,,,,,,,,,,
Africa (Shift),1984,,,,,,,,,,,,,,,,,,,,,,,,,,,
Africa (Shift),1985,,,,,,,,,,,,,,,,,,,,,,,,,,,
Africa (Shift),1986,,,,,,,,,,,,,,,,,,,,,,,,,,,
Africa (Shift),1987,,,,,,,,,,,,,,,,,,,,,,,,,,,
Africa (Shift),1988,,,,,,,,,,,,,,,,,,,,,,,,,,,
Africa (Shift),1989,,,,,,,,,,,,,,,,,,,,,,,,,,,
Africa (Shift),1990,,,,,,,,,,,,,,,,,,,,,,,,,,,
Africa (Shift),1991,,,,,,,,,,,,,,,,,,,,,,,,,,,
Africa (Shift),1992,,,,,,,,,,,,,,,,,,,,,,,,,,,
Africa (Shift),1993,,,,,,,,,,,,,,,,,,,,,,,,,,,
Africa (Shift),1994,,,,,,,,,,,,,,,,,,,,,,,,,,,
Africa (Shift),1995,,,,,,,,,,,,,,,,,,,,,,,,,,,
Africa (Shift),1996,,,,,,,,,,,,,,,,,,,,,,,,,,,
Africa (Shift),1997,,,,,,,,,,,,,,,,,,,,,,,,,,,
Africa (Shift),1998,,,,,,,,,,,,,,,,,,,,,,,,,,,
Africa (Shift),1999,,,,,,,,,,,,,,,,,,,,,,,,,,,
Africa (Shift),2000,,,,,,,,,,,,,,,,,,,,,,,,,,,
Africa (Shift),2001,,,,,,,,,,,,,,,,,,,,,,,,,,,
Africa (Shift),2002,,,,,,,,,,,,,,,,,,,,,,,,,,,
Africa (Shift),2003,,,,,,,,,,,,,,,,,,,,,,,,,,,
Africa (Shift),2004,,,,,,,,,,,,,,,,,,,,,,,,,,,
Africa (Shift),2005,,,,,,,,,,,,,,,,,,,,,,,,,,,
Africa (Shift),2006,,,,,,,,,,,,,,,,,,,,,,,,,,,
Africa (Shift),2007,,,,,,,,,,,,,,,,,,,,,,,,,,,
Africa (Shift),2008,,,,,,,,,,,,,,,,,,,,,,,,,,,
Africa (Shift),2009,,,,,,,,,,,,,,,,,,,,,,,,,,,
Africa (Shift),2010,,,,,,,,,,,,,,,,,,,,,,,,,,,
Africa (Shift),2011,,,,,,,,,,,,,,,,,,,,,,,,,,,
Africa (Shift),2012,,,,,,,,,,,,,,,,,,,,,,,,,,,
Africa (Shift),2013,,,,,,,,,,,,,,,,,,,,,,,,,,,
Africa (Shift),2014,,,,,,,,,,,,,,,,,,,,,,,,,,,
Africa (Shift),2015,,,,,,,,,,,,,,,,,,,,,,,,,,,
Africa (Shift),2016,,,,,,,,,,,,,,,,,,,,,,,,,,,
Asia,1900,,931021418.0,,,,,,,,,,,,,,,,,,,,,,,,,
Asia,1901,,936902660.0,,,,,,,,,,,,,,,,,,,,,,,,,
Asia,1902,,943255046.0,,,,,,,,,,,,,,,,,,,,,,,,,
Asia,1903,,950069951.0,,,,,,,,,,,,,,,,,,,,,,,,,
Asia,1904,,956950596.0,,,,,,,,,,,,,,,,,,,,,,,,,
Asia,1905,,963899803.0,,,,,,,,,,,,,,,,,,,,,,,,,
Asia,1906,,970921559.0,,,,,,,,,,,,,,,,,,,,,,,,,
Asia,1907,,978034978.0,,,,,,,,,,,,,,,,,,,,,,,,,
Asia,1908,,985241824.0,,,,,,,,,,,,,,,,,,,,,,,,,
Asia,1909,,992474216.0,,,,,,,,,,,,,,,,,,,,,,,,,
Asia,1910,,999734197.0,,,,,,,,,,,,,,,,,,,,,,,,,
Asia,1911,,1006983059.0,,,,,,,,,,,,,,,,,,,,,,,,,
Asia,1912,,1014336227.0,,,,,,,,,,,,,,,,,,,,,,,,,
Asia,1913,,1021733426.0,,,,,,,,,,,,,,,,,,,,,,,,,
Asia,1914,,1029237086.0,,,,,,,,,,,,,,,,,,,,,,,,,
Asia,1915,,1036849812.0,,,,,,,,,,,,,,,,,,,,,,,,,
Asia,1916,,1044516276.0,,,,,,,,,,,,,,,,,,,,,,,,,
Asia,1917,,1052212325.0,,,,,,,,,,,,,,,,,,,,,,,,,
Asia,1918,,1060455454.0,,,,,,,,,,,,,,,,,,,,,,,,,
Asia,1919,,1068676253.0,,,,,,,,,,,,,,,,,,,,,,,,,
Asia,1920,,1076882587.0,,,,,,,,,,,,,,,,,,,,,,,,,
Asia,1921,,1084965328.0,,,,,,,,,,,,,,,,,,,,,,,,,
Asia,1922,,1092913940.0,,,,,,,,,,,,,,,,,,,,,,,,,
Asia,1923,,1100750146.0,,,,,,,,,,,,,,,,,,,,,,,,,
Asia,1924,,1108723191.0,,,,,,,,,,,,,,,,,,,,,,,,,
Asia,1925,,1116816909.0,,,,,,,,,,,,,,,,,,,,,,,,,
Asia,1926,,1125041494.0,,,,,,,,,,,,,,,,,,,,,,,,,
Asia,1927,,1133396748.0,,,,,,,,,,,,,,,,,,,,,,,,,
Asia,1928,,1141888360.0,,,,,,,,,,,,,,,,,,,,,,,,,
Asia,1929,,1151215839.0,,,,,,,,,,,,,,,,,,,,,,,,,
Asia,1930,,1161422369.0,,,,,,,,,,,,,,,,,,,,,,,,,
Asia,1931,,1172523816.0,,,,,,,,,,,,,,,,,,,,,,,,,
Asia,1932,,1184512344.0,,,,,,,,,,,,,,,,,,,,,,,,,
Asia,1933,,1197356574.0,,,,,,,,,,,,,,,,,,,,,,,,,
Asia,1934,,1210362883.0,,,,,,,,,,,,,,,,,,,,,,,,,
Asia,1935,,1223537795.0,,,,,,,,,,,,,,,,,,,,,,,,,
Asia,1936,,1236977246.0,,,,,,,,,,,,,,,,,,,,,,,,,
Asia,1937,,1250648056.0,,,,,,,,,,,,,,,,,,,,,,,,,
Asia,1938,,1264656203.0,,,,,,,,,,,,,,,,,,,,,,,,,
Asia,1939,,1277274161.0,,,,,,,,,,,,,,,,,,,,,,,,,
Asia,1940,,1288504299.0,,,,,,,,,,,,,,,,,,,,,,,,,
Asia,1941,,1298273758.0,,,,,,,,,,,,,,,,,,,,,,,,,
Asia,1942,,1306646043.0,,,,,,,,,,,,,,,,,,,,,,,,,
Asia,1943,,1313426824.0,,,,,,,,,,,,,,,,,,,,,,,,,
Asia,1944,,1319919244.0,,,,,,,,,,,,,,,,,,,,,,,,,
Asia,1945,,1326525660.0,,,,,,,,,,,,,,,,,,,,,,,,,
Asia,1946,,1333534094.0,,,,,,,,,,,,,,,,,,,,,,,,,
Asia,1947,,1341255487.0,,,,,,,,,,,,,,,,,,,,,,,,,
Asia,1948,,1349532425.0,,,,,,,,,,,,,,,,,,,,,,,,,
Asia,1949,,1362069888.0,,,,,,,,,,,,,,,,,,,,,,,,,
Asia,1950,,1367581793.0,,,,,,,,,,,,,,,,,,,,,,,,,
Asia,1951,,1394310207.0,,,,,,,,,,,,,,,,,,,,,,,,,
Asia,1952,,1423932566.0,,,,,,,,,,,,,,,,,,,,,,,,,
Asia,1953,,1455634309.0,,,,,,,,,,,,,,,,,,,,,,,,,
Asia,1954,,1488418592.0,,,,,,,,,,,,,,,,,,,,,,,,,
Asia,1955,,1523146415.0,,,,,,,,,,,,,,,,,,,,,,,,,
Asia,1956,,1558262821.0,,,,,,,,,,,,,,,,,,,,,,,,,
Asia,1957,,1594675233.0,,,,,,,,,,,,,,,,,,,,,,,,,
Asia,1958,,1631866795.0,,,,,,,,,,,,,,,,,,,,,,,,,
Asia,1959,,1664697447.0,,,,,,,,,,,,,,,,,,,,,,,,,
Asia,1960,,1691762696.0,,,,,,,,,,,,,,,,,,,,,,,,,
Asia,1961,,1718156557.0,,,,,,,,,,,,,,,,,,,,,,,,,
Asia,1962,,1753318905.0,,,,,,,,,,,,,,,,,,,,,,,,,
Asia,1963,,1799305125.0,,,,,,,,,,,,,,,,,,,,,,,,,
Asia,1964,,1847441778.0,,,,,,,,,,,,,,,,,,,,,,,,,
Asia,1965,,1894030104.0,,5371.029,2835.767,92.567,4948.067,,7.432,,397.273,143.006,142.906,,7.426,0.0,,0.0,0.0,,0.0,0.1,,0.006,143.006,,7.432
Asia,1966,,1940186408.0,,5886.4,3033.935,92.9,5443.627,,7.072,,414.397,149.168,149.046,,7.066,0.0,,0.0,0.0,,0.0,0.122,,0.007,149.168,,7.072
Asia,1967,,1986308215.0,,6122.304,3082.253,93.619,5708.204,,6.353,,387.348,139.424,139.251,,6.344,0.0,,0.0,0.0,,0.0,0.173,,0.009,139.424,,6.353
Asia,1968,,2034769710.0,,6581.304,3234.422,93.387,6120.083,,6.569,,430.507,154.96,154.781,,6.561,0.0,,0.0,0.0,,0.0,0.179,,0.009,154.96,,6.569
Asia,1969,,2085428639.0,,7549.391,3620.067,93.991,7068.555,,5.942,,446.901,160.862,160.684,,5.935,0.0,,0.0,0.0,,0.0,0.178,,0.007,160.862,,5.942
Asia,1970,,2136911807.0,,8611.759,4030.002,94.471,8107.46,,5.339,,458.17,164.89,164.481,,5.324,0.0,,0.0,0.0,,0.0,0.409,,0.015,164.89,,5.339
Asia,1971,,2187672732.0,,9384.61,4289.769,94.374,8825.775,,5.357,,501.022,180.318,179.921,,5.344,0.0,,0.0,0.0,,0.0,0.398,,0.013,180.318,,5.357
Asia,1972,,2237825630.0,,10060.199,4495.524,94.538,9478.627,,5.168,,518.189,186.495,186.071,,5.155,0.0,,0.0,0.0,,0.0,0.424,,0.013,186.495,,5.168
Asia,1973,,2288852583.0,,10853.22,4741.773,95.238,10306.196,,4.453,,481.917,173.434,172.983,,4.44,0.0,,0.0,0.0,,0.0,0.451,,0.013,173.434,,4.453
Asia,1974,,2339398095.0,,11042.772,4720.348,94.457,10396.168,,4.987,,548.868,197.528,197.014,,4.972,0.0,,0.0,0.0,,0.0,0.515,,0.015,197.528,,4.987
Asia,1975,,2388510805.0,,11584.045,4849.903,94.206,10875.581,,5.123,,591.417,212.835,212.237,,5.107,0.0,,0.0,0.0,,0.0,0.599,,0.016,212.835,,5.123
Asia,1976,,2436467535.0,,12271.712,5036.682,94.182,11518.939,,4.972,,608.042,218.829,218.3,,4.958,0.0,,0.0,0.0,,0.0,0.529,,0.014,218.829,,4.972
Asia,1977,,2484229185.0,,13024.873,5243.024,94.667,12292.051,,4.606,,598.032,215.197,214.445,,4.588,0.0,,0.0,0.0,,0.0,0.753,,0.018,215.197,,4.606
Asia,1978,,2531837746.0,,13850.015,5470.34,94.091,12989.989,,4.566,,630.409,226.826,225.859,,4.544,0.0,,0.0,0.0,,0.0,0.968,,0.022,226.826,,4.566
Asia,1979,,2580755587.0,,14535.341,5632.204,93.7,13574.408,,4.723,,684.206,246.079,244.197,,4.682,0.0,,0.0,0.0,,0.0,1.882,,0.041,246.079,,4.723
Asia,1980,,2631643580.0,,14534.998,5523.164,93.055,13477.32,,5.089,,737.023,264.919,261.647,,5.018,0.0,,0.0,0.0,,0.0,3.272,,0.071,264.919,,5.089
Asia,1981,,2683999130.0,,14744.055,5493.316,92.647,13609.059,,5.386,,791.16,284.173,279.014,,5.276,0.0,,0.0,0.0,,0.0,5.159,,0.11,284.173,,5.386
Asia,1982,,2738669570.0,,15109.653,5517.151,92.369,13904.957,,5.386,,810.766,290.152,276.365,,5.1,0.0,,0.0,0.0,,0.0,13.787,,0.286,290.152,,5.386
Asia,1983,,2794057018.0,,15988.695,5722.394,92.109,14672.134,,5.354,,852.766,305.0,289.03,,5.04,0.0,,0.0,0.0,,0.0,15.97,,0.313,305.0,,5.354
Asia,1984,,2849479886.0,,17051.834,5984.192,92.08,15644.804,,5.058,,859.433,307.208,289.704,,4.736,0.0,,0.0,0.0,,0.0,17.504,,0.322,307.208,,5.058
Asia,1985,,2906232641.0,,20034.094,6893.493,91.937,18351.238,2009.022,5.068,18.013,1011.706,361.882,343.224,17.084,4.776,0.0,0.0,0.0,0.0,0.0,0.0,18.658,0.929,0.292,361.882,18.013,5.068
Asia,1986,,2964898217.0,,20860.193,7035.72,92.025,19127.805,2123.062,4.915,17.209,1021.663,365.359,345.846,16.29,4.622,0.0,0.0,0.0,0.0,0.0,0.0,19.514,0.919,0.293,365.359,17.209,4.915
Asia,1987,,3025641753.0,,22154.141,7322.129,91.8,20264.395,2302.996,4.79,16.42,1057.338,378.161,358.316,15.559,4.509,0.0,0.0,0.0,0.0,0.0,0.0,19.845,0.862,0.281,378.161,16.42,4.79
Asia,1988,,3086642989.0,,23660.064,7665.307,91.851,21650.896,2468.226,5.135,17.548,1210.526,433.114,411.711,16.68,4.852,0.0,0.0,0.0,0.0,0.0,0.0,21.403,0.867,0.284,433.114,17.548,5.135
Asia,1989,,3147693773.0,,24755.953,7864.791,91.957,22681.5,2643.98,5.036,16.805,1242.263,444.325,421.204,15.931,4.744,0.0,0.0,0.0,0.0,0.0,0.0,23.12,0.874,0.293,444.325,16.805,5.036
Asia,1990,,3209094423.0,,25686.197,8004.188,91.831,23500.732,2839.062,5.052,16.31,1292.834,463.059,444.133,15.644,4.821,0.004,0.0,0.0,0.033,0.001,0.0,18.888,0.665,0.231,463.059,16.31,5.052
Asia,1991,,3268207608.0,,26742.186,8182.523,91.894,24485.41,2989.701,4.909,15.668,1307.908,468.437,449.028,15.019,4.681,0.004,0.0,0.0,0.123,0.004,0.001,19.282,0.645,0.226,468.437,15.668,4.909
Asia,1992,,3324812378.0,,27935.555,8402.145,92.124,25644.836,3158.97,4.735,14.944,1318.077,472.065,452.29,14.318,4.513,0.015,0.0,0.0,0.221,0.007,0.002,19.539,0.619,0.219,472.065,14.944,4.735
Asia,1993,,3380039932.0,,29123.301,8616.26,91.636,26587.205,3318.543,5.024,15.741,1457.778,522.381,502.69,15.148,4.813,0.029,0.001,0.0,0.31,0.009,0.003,19.352,0.583,0.208,522.381,15.741,5.024
Asia,1994,,3433680236.0,,30625.486,8919.144,91.83,28022.906,3576.6,4.78,14.602,1458.712,522.268,498.706,13.944,4.54,0.036,0.001,0.0,0.578,0.016,0.005,22.948,0.642,0.235,522.268,14.602,4.78
Asia,1995,,3486817949.0,,31881.82,9143.528,91.42,29037.492,3808.039,4.99,14.892,1584.877,567.108,538.362,14.138,4.708,0.05,0.001,0.0,1.115,0.029,0.01,27.582,0.724,0.271,567.108,14.892,4.99
Asia,1996,,3539849816.0,,33290.742,9404.563,91.617,30390.812,3997.333,4.751,14.105,1575.929,563.831,534.757,13.378,4.478,0.073,0.002,0.001,0.977,0.024,0.008,28.025,0.701,0.264,563.831,14.105,4.751
Asia,1997,,3592367920.0,,34256.441,9535.895,91.609,31271.727,4181.864,4.636,13.53,1582.678,565.811,532.874,12.742,4.336,0.116,0.003,0.001,1.196,0.029,0.01,31.625,0.756,0.29,565.811,13.53,4.636
Asia,1998,,3644341780.0,,34322.676,9418.072,91.192,31184.037,4313.292,4.908,13.91,1678.329,599.985,564.652,13.091,4.587,0.167,0.004,0.001,1.458,0.034,0.012,33.708,0.781,0.308,599.985,13.91,4.908
Asia,1999,,3695620583.0,,35413.875,9582.66,91.483,32284.012,4519.918,4.675,13.037,1649.734,589.28,550.013,12.169,4.329,0.246,0.005,0.002,2.03,0.045,0.016,36.992,0.818,0.328,589.28,13.037,4.675
Asia,2000,,3746832777.0,,36891.332,9846.005,91.557,33659.812,4806.64,4.649,12.723,1709.293,611.54,564.24,11.739,4.281,0.38,0.008,0.003,2.37,0.049,0.018,44.55,0.927,0.346,611.54,12.723,4.649
Asia,2001,,3797954107.0,,38139.59,10042.141,91.487,34771.969,5017.83,4.817,13.129,1830.669,658.77,609.76,12.152,4.445,0.55,0.011,0.004,3.18,0.063,0.023,45.28,0.902,0.342,658.77,13.129,4.817
Asia,2002,,3847359674.0,,40024.75,10403.174,91.693,36570.5,5346.54,4.724,12.822,1884.166,685.55,634.36,11.865,4.351,0.76,0.014,0.005,3.46,0.065,0.024,46.97,0.879,0.337,685.55,12.822,4.724
Asia,2003,,3895799439.0,,43127.867,11070.351,92.511,39770.191,5738.94,4.548,12.499,1955.026,717.29,661.85,11.533,4.172,1.04,0.018,0.007,4.57,0.08,0.029,49.83,0.868,0.326,717.29,12.499,4.548
Asia,2004,,3944378395.0,,47339.004,12001.639,92.104,43454.957,6247.91,4.838,13.364,2282.687,834.96,772.88,12.37,4.454,1.38,0.022,0.008,8.15,0.13,0.047,52.55,0.841,0.314,834.96,13.364,4.838
Asia,2005,,3992890580.0,,50966.953,12764.425,92.396,46933.582,6719.41,4.663,13.133,2368.463,882.44,810.7,12.065,4.252,1.75,0.026,0.009,10.23,0.152,0.054,59.76,0.889,0.327,882.44,13.133,4.663
Asia,2006,,4041771416.0,,53908.762,13337.904,92.308,49594.465,7255.08,4.853,13.367,2607.165,969.77,888.15,12.242,4.401,2.19,0.03,0.011,16.02,0.221,0.08,63.41,0.874,0.333,969.77,13.367,4.853
Asia,2007,,4090564345.0,,57188.984,13980.708,92.621,52798.539,7864.73,4.826,12.997,2751.048,1022.21,927.4,11.792,4.331,2.62,0.033,0.012,21.29,0.271,0.1,70.9,0.901,0.349,1022.21,12.997,4.826
Asia,2008,,4139267468.0,,59053.008,14266.536,92.302,54312.301,8190.4,5.315,14.322,3127.371,1173.02,1057.98,12.917,4.723,3.16,0.039,0.014,32.57,0.398,0.146,79.31,0.968,0.38,1173.02,14.322,5.315
Asia,2009,,4188829464.0,,60345.113,14406.199,92.397,55567.684,8449.36,5.177,13.835,3113.24,1169.0,1027.78,12.164,4.466,4.11,0.049,0.018,50.61,0.599,0.221,86.5,1.024,0.413,1169.0,13.835,5.177
Asia,2010,,4238694946.0,,64320.453,15174.589,91.994,58945.738,9279.12,5.627,14.761,3605.343,1369.72,1188.41,12.807,4.79,5.85,0.063,0.024,77.91,0.84,0.317,97.55,1.051,0.433,1369.72,14.761,5.627
Asia,2011,,4288350005.0,,67605.312,15764.878,92.57,62358.297,9940.439,5.562,14.29,3746.564,1420.44,1195.64,12.028,4.589,10.3,0.104,0.04,110.04,1.107,0.423,104.46,1.051,0.44,1420.44,14.29,5.562
Asia,2012,,4338443538.0,,70002.195,16135.325,92.595,64577.023,10413.76,6.124,15.806,4270.77,1645.99,1374.19,13.196,4.992,15.51,0.149,0.058,143.97,1.382,0.532,112.32,1.079,0.458,1645.99,15.806,6.124
Asia,2013,,4387757369.0,,71782.398,16359.701,92.151,65876.461,10995.95,6.594,16.37,4713.707,1800.06,1461.66,13.293,5.22,29.16,0.265,0.105,185.16,1.684,0.662,124.08,1.128,0.494,1800.06,16.37,6.594
Asia,2014,,4435744576.0,,73772.555,16631.381,91.546,67241.508,11608.34,7.145,17.326,5248.263,2011.25,1596.43,13.752,5.518,59.27,0.511,0.206,211.46,1.822,0.731,144.09,1.241,0.565,2011.25,17.326,7.145
Asia,2015,,4482088489.0,,75114.688,16758.859,91.097,68120.219,11762.561,7.461,18.339,5579.107,2157.16,1665.54,14.16,5.615,91.74,0.78,0.312,240.99,2.049,0.816,158.89,1.351,0.615,2157.16,18.339,7.461
Asia,2016,,4527178153.0,,76546.836,16908.289,90.484,68921.906,12359.39,7.944,18.953,6050.861,2342.47,1725.41,13.96,5.685,138.73,1.122,0.458,312.65,2.53,1.03,165.68,1.341,0.634,2342.47,18.953,7.944
Asia,2017,,4571224645.0,,79234.734,17333.371,90.042,70983.016,13101.64,8.362,19.59,6591.948,2566.63,1768.29,13.497,5.604,218.23,1.666,0.693,391.86,2.991,1.241,188.25,1.437,0.698,2566.63,19.59,8.362
Asia,2018,,4612352852.0,,82105.531,17801.225,89.425,73038.5,13890.53,8.862,20.192,7237.954,2804.77,1810.42,13.033,5.508,310.35,2.234,0.947,467.03,3.362,1.421,216.97,1.562,0.828,2804.77,20.192,8.862
Asia,2019,,4651098724.0,,84504.664,18168.754,88.599,74441.297,14320.72,9.47,21.499,7956.405,3078.85,1936.78,13.524,5.7,384.65,2.686,1.159,514.67,3.594,1.517,242.75,1.695,0.9,3078.85,21.499,9.47
Asia,2020,,4686811214.0,,84082.523,17940.24,87.836,73413.375,14545.22,10.197,22.719,8522.543,3304.46,1983.83,13.639,5.862,468.25,3.219,1.398,578.82,3.979,1.71,273.56,1.881,1.021,3304.46,22.719,10.197
Asia,2021,,4716999164.0,,88455.969,18752.594,87.29,76741.922,15656.38,10.664,23.313,9375.36,3649.94,1953.92,12.48,5.46,587.64,3.753,1.649,789.34,5.042,2.209,319.04,2.038,1.132,3649.94,23.313,10.664
Asia,2022,,4746329727.0,,90876.898,19146.773,86.515,78121.953,16257.72,11.397,24.736,10291.35,4021.57,2011.19,12.371,5.452,746.54,4.592,2.022,913.16,5.617,2.476,350.68,2.157,1.214,4021.57,24.736,11.397
Asia,2023,,4776659631.0,,94503.469,19784.426,86.217,80910.461,17060.699,11.639,25.12,10922.744,4285.61,1899.71,11.135,4.923,953.65,5.59,2.472,1057.4,6.198,2.738,374.85,2.197,1.25,4285.61,25.12,11.639
Asia,2024,,4805539800.0,,97910.242,20374.453,84.989,82613.172,18014.91,12.841,27.262,12481.891,4911.29,2073.31,11.509,5.197,1269.19,7.045,3.148,1179.2,6.546,2.946,389.59,2.163,1.272,4911.29,27.262,12.841
Asia (Ember),2000,,,,,,,,4199.28,,13.626,,572.18,525.23,12.508,,0.38,0.009,,2.3,0.055,,44.27,1.054,,572.18,13.626,
Asia (Ember),2001,,,,,,,,4386.02,,14.269,,625.83,577.22,13.16,,0.55,0.013,,3.08,0.07,,44.98,1.026,,625.83,14.269,
Asia (Ember),2002,,,,,,,,4674.17,,13.688,,639.8,588.96,12.6,,0.76,0.016,,3.37,0.072,,46.71,0.999,,639.8,13.688,
Asia (Ember),2003,,,,,,,,5022.33,,13.29,,667.45,612.32,12.192,,1.04,0.021,,4.47,0.089,,49.62,0.988,,667.45,13.29,
Asia (Ember),2004,,,,,,,,5490.54,,14.038,,770.76,709.01,12.913,,1.38,0.025,,8.03,0.146,,52.34,0.953,,770.76,14.038,
Asia (Ember),2005,,,,,,,,5897.07,,13.849,,816.69,745.24,12.637,,1.75,0.03,,10.09,0.171,,59.61,1.011,,816.69,13.849,
Asia (Ember),2006,,,,,,,,6377.58,,14.046,,895.77,814.61,12.773,,2.19,0.034,,15.75,0.247,,63.22,0.991,,895.77,14.046,
Asia (Ember),2007,,,,,,,,6927.25,,13.826,,957.73,863.72,12.468,,2.62,0.038,,20.78,0.3,,70.61,1.019,,957.73,13.826,
Asia (Ember),2008,,,,,,,,7216.33,,15.577,,1124.1,1010.47,14.003,,3.16,0.044,,31.51,0.437,,78.96,1.094,,1124.1,15.577,
Asia (Ember),2009,,,,,,,,7440.91,,15.025,,1117.98,979.3,13.161,,4.08,0.055,,48.87,0.657,,85.73,1.152,,1117.98,15.025,
Asia (Ember),2010,,,,,,,,8168.12,,15.855,,1295.09,1118.08,13.688,,5.76,0.071,,74.81,0.916,,96.44,1.181,,1295.09,15.855,
Asia (Ember),2011,,,,,,,,8789.72,,15.289,,1343.82,1125.34,12.803,,10.08,0.115,,105.1,1.196,,103.3,1.175,,1343.82,15.289,
Asia (Ember),2012,,,,,,,,9210.1,,16.927,,1558.98,1295.39,14.065,,15.09,0.164,,137.82,1.496,,110.68,1.202,,1558.98,16.927,
Asia (Ember),2013,,,,,,,,9753.86,,17.491,,1706.03,1378.52,14.133,,28.49,0.292,,177.36,1.818,,121.66,1.247,,1706.03,17.491,
Asia (Ember),2014,,,,,,,,10280.3,,18.84,,1936.78,1535.76,14.939,,57.91,0.563,,202.71,1.972,,140.4,1.366,,1936.78,18.84,
Asia (Ember),2015,,,,,,,,10374.5,,19.803,,2054.47,1581.64,15.245,,89.8,0.866,,229.05,2.208,,153.98,1.484,,2054.47,19.803,
Asia (Ember),2016,,,,,,,,10924.76,,20.399,,2228.52,1638.04,14.994,,135.02,1.236,,296.51,2.714,,158.95,1.455,,2228.52,20.399,
Asia (Ember),2017,,,,,,,,11563.56,,21.221,,2453.87,1689.46,14.61,,211.6,1.83,,372.97,3.225,,179.84,1.555,,2453.87,21.221,
Asia (Ember),2018,,,,,,,,12342.44,,21.776,,2687.75,1737.9,14.081,,297.16,2.408,,445.48,3.609,,207.21,1.679,,2687.75,21.776,
Asia (Ember),2019,,,,,,,,12731.17,,22.732,,2894.09,1807.58,14.198,,364.51,2.863,,491.18,3.858,,230.82,1.813,,2894.09,22.732,
Asia (Ember),2020,,,,,,,,12938.56,,24.192,,3130.15,1876.77,14.505,,442.36,3.419,,551.45,4.262,,259.57,2.006,,3130.15,24.192,
Asia (Ember),2021,,,,,,,,13970.77,,25.002,,3492.94,1879.83,13.455,,555.43,3.976,,755.22,5.406,,302.46,2.165,,3492.94,25.002,
Asia (Ember),2022,,,,,,,,14524.92,,26.421,,3837.65,1926.4,13.263,,706.06,4.861,,872.68,6.008,,332.51,2.289,,3837.65,26.421,
Asia (Ember),2023,,,,,,,,15250.02,,26.76,,4080.95,1810.32,11.871,,898.03,5.889,,1016.62,6.666,,355.98,2.334,,4080.95,26.76,
Asia (Ember),2024,,,,,,,,16119.51,,29.026,,4678.87,1976.39,12.261,,1196.86,7.425,,1135.45,7.044,,370.17,2.296,,4678.87,29.026,
Asia (Ember),2025,,,,,,,,16728.881,,32.048,,5361.19,2053.25,12.274,,1623.46,9.705,,1304.87,7.8,,379.61,2.269,,5361.19,32.048,
Asia Pacific (EI),1965,,,,5251.795,,91.601,4785.399,,8.398,,438.72,157.734,156.09,,8.3,0.0,,0.0,0.0,,0.0,1.644,,0.098,157.734,,8.398
Asia Pacific (EI),1966,,,,5757.876,,92.012,5271.502,,7.959,,456.001,163.955,162.312,,7.87,0.0,,0.0,0.0,,0.0,1.643,,0.09,163.955,,7.959
Asia Pacific (EI),1967,,,,5985.972,,92.77,5528.018,,7.201,,429.08,154.291,152.867,,7.126,0.0,,0.0,0.0,,0.0,1.424,,0.075,154.291,,7.201
Asia Pacific (EI),1968,,,,6424.734,,92.569,5919.686,,7.385,,472.287,169.826,168.249,,7.308,0.0,,0.0,0.0,,0.0,1.577,,0.077,169.826,,7.385
Asia Pacific (EI),1969,,,,7366.66,,93.268,6841.87,,6.663,,488.813,175.772,174.164,,6.595,0.0,,0.0,0.0,,0.0,1.608,,0.069,175.772,,6.663
Asia Pacific (EI),1970,,,,8434.379,,93.765,7878.178,,6.04,,507.524,182.487,180.71,,5.974,0.0,,0.0,0.0,,0.0,1.777,,0.066,182.487,,6.04
Asia Pacific (EI),1971,,,,9171.671,,93.601,8551.182,,6.125,,559.531,201.212,199.457,,6.065,0.0,,0.0,0.0,,0.0,1.755,,0.06,201.212,,6.125
Asia Pacific (EI),1972,,,,9804.583,,93.808,9162.794,,5.89,,575.347,206.902,205.116,,5.833,0.0,,0.0,0.0,,0.0,1.786,,0.057,206.902,,5.89
Asia Pacific (EI),1973,,,,10537.671,,94.496,9924.488,,5.186,,544.656,195.847,194.012,,5.131,0.0,,0.0,0.0,,0.0,1.835,,0.055,195.847,,5.186
Asia Pacific (EI),1974,,,,10709.332,,93.671,9994.114,,5.756,,614.089,220.72,217.905,,5.673,0.0,,0.0,0.0,,0.0,2.816,,0.082,220.72,,5.756
Asia Pacific (EI),1975,,,,11246.55,,93.463,10471.255,,5.846,,654.971,235.418,232.444,,5.763,0.0,,0.0,0.0,,0.0,2.974,,0.083,235.418,,5.846
Asia Pacific (EI),1976,,,,11812.646,,93.538,11008.55,,5.583,,657.009,236.16,233.253,,5.505,0.0,,0.0,0.0,,0.0,2.906,,0.077,236.16,,5.583
Asia Pacific (EI),1977,,,,12431.663,,94.073,11655.067,,5.165,,639.855,229.98,227.038,,5.09,0.0,,0.0,0.0,,0.0,2.942,,0.074,229.98,,5.165
Asia Pacific (EI),1978,,,,13190.507,,93.503,12290.618,,5.086,,668.577,240.283,237.046,,5.009,0.0,,0.0,0.0,,0.0,3.237,,0.077,240.283,,5.086
Asia Pacific (EI),1979,,,,13705.557,,93.007,12700.373,,5.32,,726.439,261.014,256.982,,5.228,0.0,,0.0,0.0,,0.0,4.032,,0.092,261.014,,5.32
Asia Pacific (EI),1980,,,,13750.195,,92.366,12650.985,,5.671,,776.74,278.94,273.447,,5.546,0.0,,0.0,0.0,,0.0,5.493,,0.125,278.94,,5.671
Asia Pacific (EI),1981,,,,13842.635,,91.899,12669.252,,6.005,,827.902,297.121,289.73,,5.838,0.0,,0.0,0.0,,0.0,7.391,,0.168,297.121,,6.005
Asia Pacific (EI),1982,,,,14013.402,,91.588,12782.572,,5.99,,836.034,298.938,282.667,,5.626,0.0,,0.0,0.0,,0.0,16.271,,0.364,298.938,,5.99
Asia Pacific (EI),1983,,,,14704.746,,91.169,13350.414,,6.071,,888.964,317.729,299.341,,5.678,0.0,,0.0,0.0,,0.0,18.387,,0.392,317.729,,6.071
Asia Pacific (EI),1984,,,,15537.952,,91.079,14094.541,,5.779,,894.377,319.468,299.407,,5.374,0.0,,0.0,0.0,,0.0,20.061,,0.405,319.468,,5.779
Asia Pacific (EI),1985,,,,16369.718,,90.564,14762.936,1724.88,5.859,19.779,955.003,341.161,320.044,18.555,5.454,0.0,0.0,0.0,0.0,0.0,0.0,21.118,1.224,0.405,341.161,19.779,5.859
Asia Pacific (EI),1986,,,,17030.906,,90.515,15351.071,1816.744,5.781,19.275,980.367,350.18,328.167,18.063,5.375,0.0,0.0,0.0,0.0,0.0,0.0,22.013,1.212,0.406,350.18,19.275,5.781
Asia Pacific (EI),1987,,,,18093.342,,90.463,16301.287,1972.583,5.426,17.704,977.84,349.23,326.895,16.572,5.039,0.0,0.0,0.0,0.0,0.0,0.0,22.335,1.132,0.387,349.23,17.704,5.426
Asia Pacific (EI),1988,,,,19373.102,,90.788,17516.885,2125.055,5.6,18.161,1080.432,385.936,361.783,17.025,5.209,0.0,0.0,0.0,0.0,0.0,0.0,24.153,1.137,0.391,385.936,18.161,5.6
Asia Pacific (EI),1989,,,,20391.076,,90.652,18408.594,2289.017,5.715,18.108,1160.539,414.488,388.043,16.952,5.308,0.0,0.0,0.0,0.0,0.0,0.0,26.446,1.155,0.407,414.488,18.108,5.715
Asia Pacific (EI),1990,,,,21159.07,,90.617,19095.355,2469.691,5.598,17.081,1179.601,421.841,399.284,16.167,5.263,0.004,0.0,0.0,0.032,0.001,0.0,22.521,0.912,0.334,421.841,17.081,5.598
Asia Pacific (EI),1991,,,,22195.844,,90.668,20043.299,2636.315,5.485,16.45,1212.631,433.672,410.537,15.572,5.159,0.009,0.0,0.0,0.122,0.005,0.002,23.003,0.873,0.325,433.672,16.45,5.485
Asia Pacific (EI),1992,,,,23209.504,,91.083,21059.342,2780.684,5.14,15.282,1188.457,424.949,401.539,14.44,4.824,0.028,0.001,0.0,0.22,0.008,0.003,23.162,0.833,0.313,424.949,15.282,5.14
Asia Pacific (EI),1993,,,,24456.176,,90.705,22094.609,2919.067,5.322,15.887,1296.254,463.763,440.302,15.084,5.021,0.043,0.001,0.0,0.312,0.011,0.004,23.107,0.792,0.296,463.763,15.887,5.322
Asia Pacific (EI),1994,,,,25775.32,,90.85,23327.096,3176.039,5.125,14.811,1315.894,470.398,443.172,13.954,4.794,0.053,0.002,0.001,0.584,0.018,0.006,26.589,0.837,0.324,470.398,14.811,5.125
Asia Pacific (EI),1995,,,,26999.314,,90.396,24308.25,3395.667,5.366,15.184,1443.057,515.61,483.294,14.233,4.992,0.071,0.002,0.001,1.122,0.033,0.012,31.124,0.917,0.362,515.61,15.184,5.366
Asia Pacific (EI),1996,,,,28279.758,,90.719,25557.564,3571.708,5.028,14.167,1416.541,505.997,473.244,13.25,4.666,0.098,0.003,0.001,0.991,0.028,0.01,31.664,0.887,0.351,505.997,14.167,5.028
Asia Pacific (EI),1997,,,,29145.492,,90.658,26323.453,3742.705,4.946,13.696,1436.129,512.595,475.942,12.717,4.553,0.147,0.004,0.001,1.214,0.032,0.012,35.292,0.943,0.38,512.595,13.696,4.946
Asia Pacific (EI),1998,,,,29112.805,,90.142,26138.527,3849.332,5.275,14.184,1529.726,545.98,506.517,13.159,4.852,0.203,0.005,0.002,1.49,0.039,0.014,37.771,0.981,0.407,545.98,14.184,5.275
Asia Pacific (EI),1999,,,,30182.867,,90.437,27193.02,4039.123,5.072,13.466,1525.203,543.89,500.083,12.381,4.62,0.286,0.007,0.003,2.053,0.051,0.019,41.468,1.027,0.431,543.89,13.466,5.072
Asia Pacific (EI),2000,,,,31397.447,,90.449,28291.086,4286.583,5.111,13.289,1598.559,569.63,521.601,12.168,4.632,0.427,0.01,0.004,2.564,0.06,0.023,45.038,1.051,0.45,569.63,13.289,5.111
Asia Pacific (EI),2001,,,,32423.879,,90.31,29169.898,4478.642,5.358,13.846,1730.533,620.122,570.379,12.736,4.878,0.607,0.014,0.005,3.517,0.079,0.03,45.619,1.019,0.441,620.122,13.846,5.358
Asia Pacific (EI),2002,,,,33967.398,,90.624,30664.314,4762.881,5.171,13.249,1749.821,631.034,578.784,12.152,4.686,0.827,0.017,0.007,4.067,0.085,0.033,47.356,0.994,0.437,631.034,13.249,5.171
Asia Pacific (EI),2003,,,,36793.238,,91.664,33610.266,5099.382,4.903,12.753,1797.719,650.345,594.227,11.653,4.416,1.114,0.022,0.008,5.341,0.105,0.04,49.663,0.974,0.423,650.345,12.753,4.903
Asia Pacific (EI),2004,,,,40442.938,,91.229,36763.699,5568.057,5.205,13.707,2097.611,763.199,699.091,12.555,4.701,1.461,0.026,0.01,9.187,0.165,0.062,53.46,0.96,0.415,763.199,13.707,5.205
Asia Pacific (EI),2005,,,,43661.371,,91.539,39823.734,5971.893,5.043,13.437,2193.956,802.469,727.921,12.189,4.498,1.849,0.031,0.011,12.019,0.201,0.074,60.68,1.016,0.436,802.469,13.437,5.043
Asia Pacific (EI),2006,,,,46211.391,,91.451,42108.121,6457.72,5.252,13.744,2418.061,887.579,801.703,12.415,4.655,2.286,0.035,0.013,18.57,0.288,0.108,65.02,1.007,0.441,887.579,13.744,5.252
Asia Pacific (EI),2007,,,,49071.0,,91.753,44867.828,7016.016,5.284,13.559,2583.999,951.327,852.111,12.145,4.634,2.742,0.039,0.015,24.603,0.351,0.134,71.872,1.024,0.459,951.327,13.559,5.284
Asia Pacific (EI),2008,,,,50458.867,,91.22,45845.609,7303.541,6.003,15.294,3016.921,1116.978,997.706,13.661,5.238,3.323,0.045,0.017,36.08,0.494,0.189,79.869,1.094,0.497,1116.978,15.294,6.003
Asia Pacific (EI),2009,,,,51618.965,,91.331,46966.516,7537.762,5.844,14.783,3005.23,1114.32,968.009,12.842,4.941,4.38,0.058,0.022,54.848,0.728,0.28,87.082,1.155,0.529,1114.32,14.783,5.844
Asia Pacific (EI),2010,,,,54895.852,,90.943,49715.301,8257.958,6.28,15.53,3433.148,1282.487,1097.585,13.291,5.229,6.739,0.082,0.032,81.484,0.987,0.388,96.678,1.171,0.553,1282.487,15.53,6.28
Asia Pacific (EI),2011,,,,57669.059,,91.565,52596.516,8875.114,6.256,15.174,3593.365,1346.686,1117.724,12.594,5.041,12.229,0.138,0.055,113.551,1.279,0.512,103.182,1.163,0.561,1346.686,15.174,6.256
Asia Pacific (EI),2012,,,,59548.543,,91.621,54334.785,9276.172,6.889,16.581,4085.469,1538.088,1261.932,13.604,5.484,17.621,0.19,0.077,147.724,1.593,0.642,110.812,1.195,0.584,1538.088,16.581,6.889
Asia Pacific (EI),2013,,,,61128.102,,91.112,55441.48,9811.527,7.441,17.452,4528.075,1712.329,1369.981,13.963,5.758,32.451,0.331,0.136,188.473,1.921,0.792,121.424,1.238,0.624,1712.329,17.452,7.441
Asia Pacific (EI),2014,,,,62678.707,,90.283,56309.953,10333.273,8.202,18.791,5115.79,1941.71,1523.429,14.743,6.215,63.033,0.61,0.257,214.273,2.074,0.874,140.974,1.364,0.706,1941.71,18.791,8.202
Asia Pacific (EI),2015,,,,63747.262,,89.834,56979.039,10433.888,8.491,19.742,5385.389,2059.89,1565.903,15.008,6.25,96.215,0.922,0.384,243.003,2.329,0.97,154.768,1.483,0.763,2059.89,19.742,8.491
Asia Pacific (EI),2016,,,,64686.184,,89.1,57315.32,10975.852,9.073,20.429,5836.439,2242.289,1628.491,14.837,6.361,142.35,1.297,0.556,311.227,2.836,1.216,160.221,1.46,0.778,2242.289,20.429,9.073
Asia Pacific (EI),2017,,,,67046.375,,88.605,59065.289,11603.016,9.544,21.203,6362.408,2460.144,1672.056,14.411,6.271,220.509,1.9,0.827,387.547,3.34,1.453,180.033,1.552,0.844,2460.144,21.203,9.544
Asia Pacific (EI),2018,,,,69817.367,,87.893,60999.531,12399.812,10.123,21.911,7025.703,2716.953,1725.89,13.919,6.186,309.566,2.497,1.11,463.018,3.734,1.66,218.479,1.762,0.984,2716.953,21.911,10.123
Asia Pacific (EI),2019,,,,72059.055,,87.167,62410.309,12800.716,10.597,22.938,7586.946,2936.275,1791.154,13.993,6.192,391.154,3.056,1.352,512.325,4.002,1.771,241.643,1.888,1.055,2936.275,22.938,10.597
Asia Pacific (EI),2020,,,,71728.922,,86.214,61423.707,12986.742,11.516,24.496,8204.304,3181.2,1865.898,14.368,6.467,469.768,3.617,1.628,574.995,4.428,1.993,270.539,2.083,1.187,3181.2,24.496,11.516
Asia Pacific (EI),2021,,,,75584.344,,85.499,64174.156,13994.504,12.157,25.328,9125.161,3544.546,1864.579,13.324,6.119,584.985,4.18,1.92,781.61,5.585,2.565,313.371,2.239,1.305,3544.546,25.328,12.157
Asia Pacific (EI),2022,,,,77486.914,,84.638,65107.25,14533.493,13.006,26.788,10004.634,3893.194,1911.576,13.153,6.106,736.622,5.068,2.353,901.405,6.202,2.879,343.591,2.364,1.396,3893.194,26.788,13.006
Asia Pacific (EI),2023,,,,80762.773,,84.41,67633.5,15258.936,13.213,27.128,10586.717,4139.402,1794.188,11.758,5.462,932.968,6.114,2.84,1045.561,6.852,3.183,366.684,2.403,1.43,4139.402,27.128,13.213
Asia Pacific (EI),2024,,,,83748.133,,83.096,69026.57,16132.352,14.513,29.281,12055.956,4723.728,1952.599,12.104,5.733,1220.304,7.564,3.583,1163.384,7.211,3.416,387.442,2.402,1.458,4723.728,29.281,14.513
Asia and Oceania (EIA),1980,,,,14399.231,,,,,,,,,,,,,,,,,,,,,,,
Asia and Oceania (EIA),1981,,,,14572.296,,,,,,,,,,,,,,,,,,,,,,,
Asia and Oceania (EIA),1982,,,,14881.91,,,,,,,,,,,,,,,,,,,,,,,
Asia and Oceania (EIA),1983,,,,15355.876,,,,,,,,,,,,,,,,,,,,,,,
Asia and Oceania (EIA),1984,,,,16496.648,,,,,,,,,,,,,,,,,,,,,,,
Asia and Oceania (EIA),1985,,,,17054.037,,,,,,,,,,,,,,,,,,,,,,,
Asia and Oceania (EIA),1986,,,,17617.078,,,,,,,,,,,,,,,,,,,,,,,
Asia and Oceania (EIA),1987,,,,18550.385,,,,,,,,,,,,,,,,,,,,,,,
Asia and Oceania (EIA),1988,,,,19876.656,,,,,,,,,,,,,,,,,,,,,,,
Asia and Oceania (EIA),1989,,,,20457.891,,,,,,,,,,,,,,,,,,,,,,,
Asia and Oceania (EIA),1990,,,,21189.809,,,,,,,,,,,,,,,,,,,,,,,
Asia and Oceania (EIA),1991,,,,21821.172,,,,,,,,,,,,,,,,,,,,,,,
Asia and Oceania (EIA),1992,,,,22767.715,,,,,,,,,,,,,,,,,,,,,,,
Asia and Oceania (EIA),1993,,,,24028.439,,,,,,,,,,,,,,,,,,,,,,,
Asia and Oceania (EIA),1994,,,,25589.441,,,,,,,,,,,,,,,,,,,,,,,
Asia and Oceania (EIA),1995,,,,27189.59,,,,,,,,,,,,,,,,,,,,,,,
Asia and Oceania (EIA),1996,,,,28556.068,,,,,,,,,,,,,,,,,,,,,,,
Asia and Oceania (EIA),1997,,,,28642.504,,,,,,,,,,,,,,,,,,,,,,,
Asia and Oceania (EIA),1998,,,,28699.48,,,,,,,,,,,,,,,,,,,,,,,
Asia and Oceania (EIA),1999,,,,30084.893,,,,,,,,,,,,,,,,,,,,,,,
Asia and Oceania (EIA),2000,,,,31533.277,,,,,,,,,,,,,,,,,,,,,,,
Asia and Oceania (EIA),2001,,,,32197.453,,,,,,,,,,,,,,,,,,,,,,,
Asia and Oceania (EIA),2002,,,,33628.074,,,,,,,,,,,,,,,,,,,,,,,
Asia and Oceania (EIA),2003,,,,36354.422,,,,,,,,,,,,,,,,,,,,,,,
Asia and Oceania (EIA),2004,,,,40510.344,,,,,,,,,,,,,,,,,,,,,,,
Asia and Oceania (EIA),2005,,,,43467.746,,,,,,,,,,,,,,,,,,,,,,,
Asia and Oceania (EIA),2006,,,,46489.066,,,,,,,,,,,,,,,,,,,,,,,
Asia and Oceania (EIA),2007,,,,49186.359,,,,,,,,,,,,,,,,,,,,,,,
Asia and Oceania (EIA),2008,,,,50375.684,,,,,,,,,,,,,,,,,,,,,,,
Asia and Oceania (EIA),2009,,,,52955.055,,,,,,,,,,,,,,,,,,,,,,,
Asia and Oceania (EIA),2010,,,,57719.105,,,,,,,,,,,,,,,,,,,,,,,
Asia and Oceania (EIA),2011,,,,61008.324,,,,,,,,,,,,,,,,,,,,,,,
Asia and Oceania (EIA),2012,,,,63805.312,,,,,,,,,,,,,,,,,,,,,,,
Asia and Oceania (EIA),2013,,,,65304.426,,,,,,,,,,,,,,,,,,,,,,,
Asia and Oceania (EIA),2014,,,,66226.047,,,,,,,,,,,,,,,,,,,,,,,
Asia and Oceania (EIA),2015,,,,66621.75,,,,,,,,,,,,,,,,,,,,,,,
Asia and Oceania (EIA),2016,,,,67590.75,,,,,,,,,,,,,,,,,,,,,,,
Asia and Oceania (EIA),2017,,,,68622.5,,,,,,,,,,,,,,,,,,,,,,,
Asia and Oceania (EIA),2018,,,,71362.539,,,,,,,,,,,,,,,,,,,,,,,
Asia and Oceania (EIA),2019,,,,73090.773,,,,,,,,,,,,,,,,,,,,,,,
Asia and Oceania (EIA),2020,,,,72370.148,,,,,,,,,,,,,,,,,,,,,,,
Asia and Oceania (EIA),2021,,,,75234.656,,,,,,,,,,,,,,,,,,,,,,,
Asia and Oceania (EIA),2022,,,,77168.414,,,,,,,,,,,,,,,,,,,,,,,
Asia and Oceania (EIA),2023,,,,81259.469,,,,,,,,,,,,,,,,,,,,,,,
Asia and Oceania (Shift),1900,,,,,,,,,,,,,,,,,,,,,,,,,,,
Asia and Oceania (Shift),1901,,,,,,,,,,,,,,,,,,,,,,,,,,,
Asia and Oceania (Shift),1902,,,,,,,,,,,,,,,,,,,,,,,,,,,
Asia and Oceania (Shift),1903,,,,,,,,,,,,,,,,,,,,,,,,,,,
Asia and Oceania (Shift),1904,,,,,,,,,,,,,,,,,,,,,,,,,,,
Asia and Oceania (Shift),1905,,,,,,,,,,,,,,,,,,,,,,,,,,,
Asia and Oceania (Shift),1906,,,,,,,,,,,,,,,,,,,,,,,,,,,
Asia and Oceania (Shift),1907,,,,,,,,,,,,,,,,,,,,,,,,,,,
Asia and Oceania (Shift),1908,,,,,,,,,,,,,,,,,,,,,,,,,,,
Asia and Oceania (Shift),1909,,,,,,,,,,,,,,,,,,,,,,,,,,,
Asia and Oceania (Shift),1910,,,,,,,,,,,,,,,,,,,,,,,,,,,
Asia and Oceania (Shift),1911,,,,,,,,,,,,,,,,,,,,,,,,,,,
Asia and Oceania (Shift),1912,,,,,,,,,,,,,,,,,,,,,,,,,,,
Asia and Oceania (Shift),1913,,,,,,,,,,,,,,,,,,,,,,,,,,,
Asia and Oceania (Shift),1914,,,,,,,,,,,,,,,,,,,,,,,,,,,
Asia and Oceania (Shift),1915,,,,,,,,,,,,,,,,,,,,,,,,,,,
Asia and Oceania (Shift),1916,,,,,,,,,,,,,,,,,,,,,,,,,,,
Asia and Oceania (Shift),1917,,,,,,,,,,,,,,,,,,,,,,,,,,,
Asia and Oceania (Shift),1918,,,,,,,,,,,,,,,,,,,,,,,,,,,
Asia and Oceania (Shift),1919,,,,,,,,,,,,,,,,,,,,,,,,,,,
Asia and Oceania (Shift),1920,,,,,,,,,,,,,,,,,,,,,,,,,,,
Asia and Oceania (Shift),1921,,,,,,,,,,,,,,,,,,,,,,,,,,,
Asia and Oceania (Shift),1922,,,,,,,,,,,,,,,,,,,,,,,,,,,
Asia and Oceania (Shift),1923,,,,,,,,,,,,,,,,,,,,,,,,,,,
Asia and Oceania (Shift),1924,,,,,,,,,,,,,,,,,,,,,,,,,,,
Asia and Oceania (Shift),1925,,,,,,,,,,,,,,,,,,,,,,,,,,,
Asia and Oceania (Shift),1926,,,,,,,,,,,,,,,,,,,,,,,,,,,
Asia and Oceania (Shift),1927,,,,,,,,,,,,,,,,,,,,,,,,,,,
Asia and Oceania (Shift),1928,,,,,,,,,,,,,,,,,,,,,,,,,,,
Asia and Oceania (Shift),1929,,,,,,,,,,,,,,,,,,,,,,,,,,,
Asia and Oceania (Shift),1930,,,,,,,,,,,,,,,,,,,,,,,,,,,
Asia and Oceania (Shift),1931,,,,,,,,,,,,,,,,,,,,,,,,,,,
Asia and Oceania (Shift),1932,,,,,,,,,,,,,,,,,,,,,,,,,,,
Asia and Oceania (Shift),1933,,,,,,,,,,,,,,,,,,,,,,,,,,,
Asia and Oceania (Shift),1934,,,,,,,,,,,,,,,,,,,,,,,,,,,
Asia and Oceania (Shift),1935,,,,,,,,,,,,,,,,,,,,,,,,,,,
Asia and Oceania (Shift),1936,,,,,,,,,,,,,,,,,,,,,,,,,,,
Asia and Oceania (Shift),1937,,,,,,,,,,,,,,,,,,,,,,,,,,,
Asia and Oceania (Shift),1938,,,,,,,,,,,,,,,,,,,,,,,,,,,
Asia and Oceania (Shift),1939,,,,,,,,,,,,,,,,,,,,,,,,,,,
Asia and Oceania (Shift),1940,,,,,,,,,,,,,,,,,,,,,,,,,,,
Asia and Oceania (Shift),1941,,,,,,,,,,,,,,,,,,,,,,,,,,,
Asia and Oceania (Shift),1942,,,,,,,,,,,,,,,,,,,,,,,,,,,
Asia and Oceania (Shift),1943,,,,,,,,,,,,,,,,,,,,,,,,,,,
Asia and Oceania (Shift),1944,,,,,,,,,,,,,,,,,,,,,,,,,,,
Asia and Oceania (Shift),1945,,,,,,,,,,,,,,,,,,,,,,,,,,,
Asia and Oceania (Shift),1946,,,,,,,,,,,,,,,,,,,,,,,,,,,
Asia and Oceania (Shift),1947,,,,,,,,,,,,,,,,,,,,,,,,,,,
Asia and Oceania (Shift),1948,,,,,,,,,,,,,,,,,,,,,,,,,,,
Asia and Oceania (Shift),1949,,,,,,,,,,,,,,,,,,,,,,,,,,,
Asia and Oceania (Shift),1950,,,,,,,,,,,,,,,,,,,,,,,,,,,
Asia and Oceania (Shift),1951,,,,,,,,,,,,,,,,,,,,,,,,,,,
Asia and Oceania (Shift),1952,,,,,,,,,,,,,,,,,,,,,,,,,,,
Asia and Oceania (Shift),1953,,,,,,,,,,,,,,,,,,,,,,,,,,,
Asia and Oceania (Shift),1954,,,,,,,,,,,,,,,,,,,,,,,,,,,
Asia and Oceania (Shift),1955,,,,,,,,,,,,,,,,,,,,,,,,,,,
Asia and Oceania (Shift),1956,,,,,,,,,,,,,,,,,,,,,,,,,,,
Asia and Oceania (Shift),1957,,,,,,,,,,,,,,,,,,,,,,,,,,,
Asia and Oceania (Shift),1958,,,,,,,,,,,,,,,,,,,,,,,,,,,
Asia and Oceania (Shift),1959,,,,,,,,,,,,,,,,,,,,,,,,,,,
Asia and Oceania (Shift),1960,,,,,,,,,,,,,,,,,,,,,,,,,,,
Asia and Oceania (Shift),1961,,,,,,,,,,,,,,,,,,,,,,,,,,,
Asia and Oceania (Shift),1962,,,,,,,,,,,,,,,,,,,,,,,,,,,
Asia and Oceania (Shift),1963,,,,,,,,,,,,,,,,,,,,,,,,,,,
Asia and Oceania (Shift),1964,,,,,,,,,,,,,,,,,,,,,,,,,,,
Asia and Oceania (Shift),1965,,,,,,,,,,,,,,,,,,,,,,,,,,,
Asia and Oceania (Shift),1966,,,,,,,,,,,,,,,,,,,,,,,,,,,
Asia and Oceania (Shift),1967,,,,,,,,,,,,,,,,,,,,,,,,,,,
Asia and Oceania (Shift),1968,,,,,,,,,,,,,,,,,,,,,,,,,,,
Asia and Oceania (Shift),1969,,,,,,,,,,,,,,,,,,,,,,,,,,,
Asia and Oceania (Shift),1970,,,,,,,,,,,,,,,,,,,,,,,,,,,
Asia and Oceania (Shift),1971,,,,,,,,,,,,,,,,,,,,,,,,,,,
Asia and Oceania (Shift),1972,,,,,,,,,,,,,,,,,,,,,,,,,,,
Asia and Oceania (Shift),1973,,,,,,,,,,,,,,,,,,,,,,,,,,,
Asia and Oceania (Shift),1974,,,,,,,,,,,,,,,,,,,,,,,,,,,
Asia and Oceania (Shift),1975,,,,,,,,,,,,,,,,,,,,,,,,,,,
Asia and Oceania (Shift),1976,,,,,,,,,,,,,,,,,,,,,,,,,,,
Asia and Oceania (Shift),1977,,,,,,,,,,,,,,,,,,,,,,,,,,,
Asia and Oceania (Shift),1978,,,,,,,,,,,,,,,,,,,,,,,,,,,
Asia and Oceania (Shift),1979,,,,,,,,,,,,,,,,,,,,,,,,,,,
Asia and Oceania (Shift),1980,,,,,,,,,,,,,,,,,,,,,,,,,,,
Asia and Oceania (Shift),1981,,,,,,,,,,,,,,,,,,,,,,,,,,,
Asia and Oceania (Shift),1982,,,,,,,,,,,,,,,,,,,,,,,,,,,
Asia and Oceania (Shift),1983,,,,,,,,,,,,,,,,,,,,,,,,,,,
Asia and Oceania (Shift),1984,,,,,,,,,,,,,,,,,,,,,,,,,,,
Asia and Oceania (Shift),1985,,,,,,,,,,,,,,,,,,,,,,,,,,,
Asia and Oceania (Shift),1986,,,,,,,,,,,,,,,,,,,,,,,,,,,
Asia and Oceania (Shift),1987,,,,,,,,,,,,,,,,,,,,,,,,,,,
Asia and Oceania (Shift),1988,,,,,,,,,,,,,,,,,,,,,,,,,,,
Asia and Oceania (Shift),1989,,,,,,,,,,,,,,,,,,,,,,,,,,,
Asia and Oceania (Shift),1990,,,,,,,,,,,,,,,,,,,,,,,,,,,
Asia and Oceania (Shift),1991,,,,,,,,,,,,,,,,,,,,,,,,,,,
Asia and Oceania (Shift),1992,,,,,,,,,,,,,,,,,,,,,,,,,,,
Asia and Oceania (Shift),1993,,,,,,,,,,,,,,,,,,,,,,,,,,,
Asia and Oceania (Shift),1994,,,,,,,,,,,,,,,,,,,,,,,,,,,
Asia and Oceania (Shift),1995,,,,,,,,,,,,,,,,,,,,,,,,,,,
Asia and Oceania (Shift),1996,,,,,,,,,,,,,,,,,,,,,,,,,,,
Asia and Oceania (Shift),1997,,,,,,,,,,,,,,,,,,,,,,,,,,,
Asia and Oceania (Shift),1998,,,,,,,,,,,,,,,,,,,,,,,,,,,
Asia and Oceania (Shift),1999,,,,,,,,,,,,,,,,,,,,,,,,,,,
Asia and Oceania (Shift),2000,,,,,,,,,,,,,,,,,,,,,,,,,,,
Asia and Oceania (Shift),2001,,,,,,,,,,,,,,,,,,,,,,,,,,,
Asia and Oceania (Shift),2002,,,,,,,,,,,,,,,,,,,,,,,,,,,
Asia and Oceania (Shift),2003,,,,,,,,,,,,,,,,,,,,,,,,,,,
Asia and Oceania (Shift),2004,,,,,,,,,,,,,,,,,,,,,,,,,,,
Asia and Oceania (Shift),2005,,,,,,,,,,,,,,,,,,,,,,,,,,,
Asia and Oceania (Shift),2006,,,,,,,,,,,,,,,,,,,,,,,,,,,
Asia and Oceania (Shift),2007,,,,,,,,,,,,,,,,,,,,,,,,,,,
Asia and Oceania (Shift),2008,,,,,,,,,,,,,,,,,,,,,,,,,,,
Asia and Oceania (Shift),2009,,,,,,,,,,,,,,,,,,,,,,,,,,,
Asia and Oceania (Shift),2010,,,,,,,,,,,,,,,,,,,,,,,,,,,
Asia and Oceania (Shift),2011,,,,,,,,,,,,,,,,,,,,,,,,,,,
Asia and Oceania (Shift),2012,,,,,,,,,,,,,,,,,,,,,,,,,,,
Asia and Oceania (Shift),2013,,,,,,,,,,,,,,,,,,,,,,,,,,,
Asia and Oceania (Shift),2014,,,,,,,,,,,,,,,,,,,,,,,,,,,
Asia and Oceania (Shift),2015,,,,,,,,,,,,,,,,,,,,,,,,,,,
Asia and Oceania (Shift),2016,,,,,,,,,,,,,,,,,,,,,,,,,,,
Australia and New Zealand (EIA),1980,,,,965.32,,,,,,,,,,,,,,,,,,,,,,,
Australia and New Zealand (EIA),1981,,,,977.863,,,,,,,,,,,,,,,,,,,,,,,
Australia and New Zealand (EIA),1982,,,,1028.28,,,,,,,,,,,,,,,,,,,,,,,
Australia and New Zealand (EIA),1983,,,,992.203,,,,,,,,,,,,,,,,,,,,,,,
Australia and New Zealand (EIA),1984,,,,1012.486,,,,,,,,,,,,,,,,,,,,,,,
Australia and New Zealand (EIA),1985,,,,1056.131,,,,,,,,,,,,,,,,,,,,,,,
Australia and New Zealand (EIA),1986,,,,1079.052,,,,,,,,,,,,,,,,,,,,,,,
Australia and New Zealand (EIA),1987,,,,1133.575,,,,,,,,,,,,,,,,,,,,,,,
Australia and New Zealand (EIA),1988,,,,1170.064,,,,,,,,,,,,,,,,,,,,,,,
Australia and New Zealand (EIA),1989,,,,1237.459,,,,,,,,,,,,,,,,,,,,,,,
Australia and New Zealand (EIA),1990,,,,1215.488,,,,,,,,,,,,,,,,,,,,,,,
Australia and New Zealand (EIA),1991,,,,1204.632,,,,,,,,,,,,,,,,,,,,,,,
Australia and New Zealand (EIA),1992,,,,1235.203,,,,,,,,,,,,,,,,,,,,,,,
Australia and New Zealand (EIA),1993,,,,1257.419,,,,,,,,,,,,,,,,,,,,,,,
Australia and New Zealand (EIA),1994,,,,1284.871,,,,,,,,,,,,,,,,,,,,,,,
Australia and New Zealand (EIA),1995,,,,1324.876,,,,,,,,,,,,,,,,,,,,,,,
Australia and New Zealand (EIA),1996,,,,1385.327,,,,,,,,,,,,,,,,,,,,,,,
Australia and New Zealand (EIA),1997,,,,1420.029,,,,,,,,,,,,,,,,,,,,,,,
Australia and New Zealand (EIA),1998,,,,1465.258,,,,,,,,,,,,,,,,,,,,,,,
Australia and New Zealand (EIA),1999,,,,1505.79,,,,,,,,,,,,,,,,,,,,,,,
Australia and New Zealand (EIA),2000,,,,1520.91,,,,,,,,,,,,,,,,,,,,,,,
Australia and New Zealand (EIA),2001,,,,1539.529,,,,,,,,,,,,,,,,,,,,,,,
Australia and New Zealand (EIA),2002,,,,1589.485,,,,,,,,,,,,,,,,,,,,,,,
Australia and New Zealand (EIA),2003,,,,1590.774,,,,,,,,,,,,,,,,,,,,,,,
Australia and New Zealand (EIA),2004,,,,1640.283,,,,,,,,,,,,,,,,,,,,,,,
Australia and New Zealand (EIA),2005,,,,1665.678,,,,,,,,,,,,,,,,,,,,,,,
Australia and New Zealand (EIA),2006,,,,1685.325,,,,,,,,,,,,,,,,,,,,,,,
Australia and New Zealand (EIA),2007,,,,1732.232,,,,,,,,,,,,,,,,,,,,,,,
Australia and New Zealand (EIA),2008,,,,1738.143,,,,,,,,,,,,,,,,,,,,,,,
Australia and New Zealand (EIA),2009,,,,1768.955,,,,,,,,,,,,,,,,,,,,,,,
Australia and New Zealand (EIA),2010,,,,1780.65,,,,,,,,,,,,,,,,,,,,,,,
Australia and New Zealand (EIA),2011,,,,1793.6,,,,,,,,,,,,,,,,,,,,,,,
Australia and New Zealand (EIA),2012,,,,1821.485,,,,,,,,,,,,,,,,,,,,,,,
Australia and New Zealand (EIA),2013,,,,1814.392,,,,,,,,,,,,,,,,,,,,,,,
Australia and New Zealand (EIA),2014,,,,1796.591,,,,,,,,,,,,,,,,,,,,,,,
Australia and New Zealand (EIA),2015,,,,1807.07,,,,,,,,,,,,,,,,,,,,,,,
Australia and New Zealand (EIA),2016,,,,1868.465,,,,,,,,,,,,,,,,,,,,,,,
Australia and New Zealand (EIA),2017,,,,1873.936,,,,,,,,,,,,,,,,,,,,,,,
Australia and New Zealand (EIA),2018,,,,1906.98,,,,,,,,,,,,,,,,,,,,,,,
Australia and New Zealand (EIA),2019,,,,1971.238,,,,,,,,,,,,,,,,,,,,,,,
Australia and New Zealand (EIA),2020,,,,1829.144,,,,,,,,,,,,,,,,,,,,,,,
Australia and New Zealand (EIA),2021,,,,1857.368,,,,,,,,,,,,,,,,,,,,,,,
Australia and New Zealand (EIA),2022,,,,1938.687,,,,,,,,,,,,,,,,,,,,,,,
Australia and New Zealand (EIA),2023,,,,1932.387,,,,,,,,,,,,,,,,,,,,,,,
CIS (EI),1965,,,,6916.875,,96.648,6670.796,,3.277,,226.206,81.434,81.434,,3.277,0.0,,0.0,0.0,,0.0,0.0,,0.0,81.434,,3.277
CIS (EI),1966,,,,7356.217,,96.447,7078.841,,3.475,,255.064,91.823,91.823,,3.475,0.0,,0.0,0.0,,0.0,0.0,,0.0,91.823,,3.475
CIS (EI),1967,,,,7730.988,,96.73,7462.689,,3.189,,246.031,88.571,88.571,,3.189,0.0,,0.0,0.0,,0.0,0.0,,0.0,88.571,,3.189
CIS (EI),1968,,,,8020.227,,96.279,7703.691,,3.612,,289.0,104.04,104.04,,3.612,0.0,,0.0,0.0,,0.0,0.0,,0.0,104.04,,3.612
CIS (EI),1969,,,,8391.309,,96.057,8040.412,,3.822,,319.947,115.181,115.181,,3.822,0.0,,0.0,0.0,,0.0,0.0,,0.0,115.181,,3.822
CIS (EI),1970,,,,8809.916,,95.93,8429.683,,3.932,,345.492,124.377,124.377,,3.932,0.0,,0.0,0.0,,0.0,0.0,,0.0,124.377,,3.932
CIS (EI),1971,,,,9242.354,,96.038,8854.193,,3.799,,350.275,126.099,126.099,,3.799,0.0,,0.0,0.0,,0.0,0.0,,0.0,126.099,,3.799
CIS (EI),1972,,,,9712.479,,96.195,9321.167,,3.523,,341.386,122.899,122.899,,3.523,0.0,,0.0,0.0,,0.0,0.0,,0.0,122.899,,3.523
CIS (EI),1973,,,,10210.021,,96.274,9807.643,,3.336,,339.847,122.345,122.345,,3.336,0.0,,0.0,0.0,,0.0,0.0,,0.0,122.345,,3.336
CIS (EI),1974,,,,10774.621,,96.034,10323.314,,3.412,,366.75,132.03,132.03,,3.412,0.0,,0.0,0.0,,0.0,0.0,,0.0,132.03,,3.412
CIS (EI),1975,,,,11306.364,,96.194,10852.625,,3.102,,349.964,125.987,125.987,,3.102,0.0,,0.0,0.0,,0.0,0.0,,0.0,125.987,,3.102
CIS (EI),1976,,,,11747.266,,95.879,11237.641,,3.217,,377.042,135.735,135.735,,3.217,0.0,,0.0,0.0,,0.0,0.0,,0.0,135.735,,3.217
CIS (EI),1977,,,,12274.354,,95.507,11694.834,,3.335,,408.372,147.014,147.014,,3.335,0.0,,0.0,0.0,,0.0,0.0,,0.0,147.014,,3.335
CIS (EI),1978,,,,12805.889,,95.168,12155.222,,3.691,,471.392,169.701,169.701,,3.691,0.0,,0.0,0.0,,0.0,0.0,,0.0,169.701,,3.691
CIS (EI),1979,,,,13156.517,,95.096,12478.681,,3.641,,477.842,172.023,172.023,,3.641,0.0,,0.0,0.0,,0.0,0.0,,0.0,172.023,,3.641
CIS (EI),1980,,,,13451.627,,94.66,12697.966,,3.809,,510.939,183.938,183.938,,3.809,0.0,,0.0,0.0,,0.0,0.0,,0.0,183.938,,3.809
CIS (EI),1981,,,,13738.253,,94.448,12938.937,,3.786,,518.733,186.744,186.744,,3.786,0.0,,0.0,0.0,,0.0,0.0,,0.0,186.744,,3.786
CIS (EI),1982,,,,14080.254,,94.562,13279.264,,3.455,,485.214,174.677,174.677,,3.455,0.0,,0.0,0.0,,0.0,0.0,,0.0,174.677,,3.455
CIS (EI),1983,,,,14377.113,,94.348,13527.698,,3.494,,501.006,180.362,180.362,,3.494,0.0,,0.0,0.0,,0.0,0.0,,0.0,180.362,,3.494
CIS (EI),1984,,,,14920.483,,93.524,13912.221,,3.79,,563.856,202.988,202.988,,3.79,0.0,,0.0,0.0,,0.0,0.0,,0.0,202.988,,3.79
CIS (EI),1985,,,,11984.144,,93.053,11113.453,1213.718,4.514,15.992,539.145,194.092,194.092,15.992,4.514,0.0,0.0,0.0,0.0,0.0,0.0,0.0,0.0,0.0,194.092,15.992,4.514
CIS (EI),1986,,,,12255.633,,93.105,11372.044,1265.841,4.439,15.421,542.226,195.201,195.201,15.421,4.439,0.0,0.0,0.0,0.0,0.0,0.0,0.0,0.0,0.0,195.201,15.421,4.439
CIS (EI),1987,,,,12623.481,,92.802,11674.887,1321.837,4.349,14.902,547.161,196.978,196.978,14.902,4.349,0.0,0.0,0.0,0.0,0.0,0.0,0.0,0.0,0.0,196.978,14.902,4.349
CIS (EI),1988,,,,12884.828,,92.546,11882.69,1344.297,4.433,15.244,569.221,204.92,204.92,15.244,4.433,0.0,0.0,0.0,0.0,0.0,0.0,0.0,0.0,0.0,204.92,15.244,4.433
CIS (EI),1989,,,,12902.394,,92.723,11922.715,1357.639,4.302,14.669,553.213,199.157,199.157,14.669,4.302,0.0,0.0,0.0,0.0,0.0,0.0,0.0,0.0,0.0,199.157,14.669,4.302
CIS (EI),1990,,,,12754.882,,92.796,11794.305,1363.653,4.618,15.495,586.977,211.304,211.239,15.491,4.617,0.0,0.0,0.0,0.0,0.0,0.0,0.065,0.005,0.002,211.304,15.495,4.618
CIS (EI),1991,,,,12515.533,,92.604,11548.07,1343.325,4.712,15.746,587.587,211.523,211.458,15.741,4.71,0.0,0.0,0.0,0.0,0.0,0.0,0.065,0.005,0.002,211.523,15.746,4.712
CIS (EI),1992,,,,11949.286,,92.155,10969.627,1265.638,5.042,17.072,600.198,216.064,216.001,17.067,5.041,0.0,0.0,0.0,0.0,0.0,0.0,0.063,0.005,0.002,216.064,17.072,5.042
CIS (EI),1993,,,,11058.433,,91.366,10060.629,1195.778,5.617,18.619,618.462,222.639,222.579,18.614,5.615,0.0,0.0,0.0,0.0,0.0,0.0,0.06,0.005,0.002,222.639,18.619,5.617
CIS (EI),1994,,,,10089.929,,91.022,9141.845,1095.189,6.262,20.671,628.885,226.391,226.33,20.666,6.26,0.0,0.0,0.0,0.0,0.0,0.0,0.061,0.006,0.002,226.391,20.671,6.262
CIS (EI),1995,,,,9494.464,,90.584,8559.305,1068.325,6.479,20.628,612.171,220.374,220.315,20.622,6.477,0.0,0.0,0.0,0.0,0.0,0.0,0.059,0.006,0.002,220.374,20.628,6.479
CIS (EI),1996,,,,9188.157,,90.575,8283.88,1046.585,6.04,19.002,552.445,198.873,198.816,18.997,6.038,0.0,0.0,0.0,0.0,0.0,0.0,0.057,0.005,0.002,198.873,19.002,6.04
CIS (EI),1997,,,,8672.474,,90.076,7773.972,1025.339,6.37,19.302,549.773,197.911,197.854,19.296,6.368,0.0,0.0,0.0,0.0,0.0,0.0,0.057,0.006,0.002,197.911,19.302,6.37
CIS (EI),1998,,,,8644.51,,90.19,7758.788,1013.279,6.406,19.58,551.12,198.396,198.338,19.574,6.404,0.0,0.0,0.0,0.0,0.0,0.0,0.058,0.006,0.002,198.396,19.58,6.406
CIS (EI),1999,,,,8739.433,,89.548,7786.787,1034.143,6.492,19.651,564.526,203.222,203.164,19.646,6.49,0.0,0.0,0.0,0.0,0.0,0.0,0.058,0.006,0.002,203.222,19.651,6.492
CIS (EI),2000,,,,8858.025,,89.244,7864.867,1071.699,6.573,19.456,579.225,208.511,208.43,19.449,6.57,0.0,0.0,0.0,0.002,0.0,0.0,0.079,0.007,0.003,208.511,19.456,6.573
CIS (EI),2001,,,,9026.198,,89.038,7995.825,1089.075,6.689,19.964,600.659,217.423,217.306,19.953,6.685,0.0,0.0,0.0,0.003,0.0,0.0,0.114,0.01,0.004,217.423,19.964,6.689
CIS (EI),2002,,,,9004.098,,89.252,7995.363,1093.269,6.347,18.98,568.569,207.503,207.324,18.964,6.341,0.0,0.0,0.0,0.006,0.001,0.0,0.173,0.016,0.006,207.503,18.98,6.347
CIS (EI),2003,,,,9191.743,,89.321,8170.134,1129.697,6.141,18.243,561.694,206.088,205.714,18.21,6.128,0.0,0.0,0.0,0.009,0.001,0.0,0.366,0.032,0.012,206.088,18.243,6.141
CIS (EI),2004,,,,9366.253,,89.147,8308.094,1156.951,6.581,19.555,613.318,226.245,225.788,19.516,6.566,0.0,0.0,0.0,0.008,0.001,0.0,0.45,0.039,0.015,226.245,19.555,6.581
CIS (EI),2005,,,,9383.097,,89.166,8323.683,1180.583,6.452,18.972,602.296,223.981,223.522,18.933,6.437,0.0,0.0,0.0,0.008,0.001,0.0,0.451,0.038,0.015,223.981,18.972,6.452
CIS (EI),2006,,,,9739.273,,89.47,8671.782,1226.637,6.141,18.141,595.223,222.528,222.011,18.099,6.125,0.0,0.0,0.0,0.009,0.001,0.0,0.508,0.041,0.016,222.528,18.141,6.141
CIS (EI),2007,,,,9852.176,,89.405,8766.529,1257.038,6.184,18.131,606.398,227.918,227.409,18.091,6.168,0.0,0.0,0.0,0.01,0.001,0.0,0.498,0.04,0.016,227.918,18.131,6.184
CIS (EI),2008,,,,9870.978,,89.961,8839.484,1281.95,5.594,16.241,549.668,208.197,207.667,16.199,5.576,0.0,0.0,0.0,0.008,0.001,0.0,0.522,0.041,0.017,208.197,16.241,5.594
CIS (EI),2009,,,,9441.784,,89.241,8385.21,1226.236,6.12,17.85,575.023,218.887,218.319,17.804,6.098,0.0,0.0,0.0,0.011,0.001,0.0,0.557,0.045,0.019,218.887,17.85,6.12
CIS (EI),2010,,,,9822.844,,89.593,8758.337,1283.983,5.801,16.937,567.039,217.469,216.838,16.888,5.776,0.0,0.0,0.0,0.01,0.001,0.0,0.621,0.048,0.02,217.469,16.937,5.801
CIS (EI),2011,,,,10240.992,,90.111,9187.385,1308.507,5.429,16.31,553.554,213.414,212.748,16.259,5.406,0.002,0.0,0.0,0.013,0.001,0.0,0.652,0.05,0.02,213.414,16.31,5.429
CIS (EI),2012,,,,10403.032,,90.203,9343.643,1330.408,5.323,16.06,551.334,213.659,213.037,16.013,5.301,0.006,0.0,0.0,0.018,0.001,0.0,0.598,0.045,0.018,213.659,16.06,5.323
CIS (EI),2013,,,,10226.325,,89.817,9141.537,1323.675,5.788,17.384,589.147,230.111,229.437,17.333,5.765,0.019,0.001,0.0,0.021,0.002,0.001,0.634,0.048,0.019,230.111,17.384,5.788
CIS (EI),2014,,,,10335.955,,89.968,9257.401,1337.935,5.501,16.606,566.059,222.181,221.144,16.529,5.469,0.177,0.013,0.004,0.126,0.009,0.003,0.733,0.055,0.022,222.181,16.606,5.501
CIS (EI),2015,,,,10074.42,,89.515,8977.832,1340.887,5.48,16.172,549.611,216.847,215.426,16.066,5.438,0.411,0.031,0.01,0.329,0.025,0.008,0.682,0.051,0.021,216.847,16.172,5.48
CIS (EI),2016,,,,10317.834,,89.305,9169.7,1369.322,5.826,17.357,598.169,237.676,235.868,17.225,5.772,0.64,0.047,0.016,0.524,0.038,0.013,0.643,0.047,0.02,237.676,17.357,5.826
CIS (EI),2017,,,,10423.614,,89.184,9251.762,1383.047,5.857,17.532,607.627,242.478,240.349,17.378,5.792,0.786,0.057,0.019,0.607,0.044,0.015,0.736,0.053,0.022,242.478,17.532,5.857
CIS (EI),2018,,,,10844.842,,89.535,9665.76,1416.357,5.703,17.427,615.724,246.822,244.313,17.249,5.63,0.953,0.067,0.022,0.829,0.059,0.019,0.727,0.051,0.021,246.822,17.427,5.703
CIS (EI),2019,,,,10784.839,,89.291,9583.791,1426.352,5.839,17.687,626.677,252.273,248.451,17.419,5.73,1.685,0.118,0.039,1.355,0.095,0.031,0.782,0.055,0.023,252.273,17.687,5.839
CIS (EI),2020,,,,10493.596,,88.414,9230.736,1399.978,6.407,19.273,668.909,269.821,262.703,18.765,6.213,3.399,0.243,0.08,2.501,0.179,0.059,1.219,0.087,0.036,269.821,19.273,6.407
CIS (EI),2021,,,,10916.862,,88.504,9615.043,1491.208,6.278,18.465,681.991,275.352,264.778,17.756,6.003,4.407,0.296,0.1,4.671,0.313,0.106,1.496,0.1,0.043,275.352,18.465,6.278
CIS (EI),2022,,,,11259.39,,89.144,9993.202,1505.818,5.787,17.405,648.781,262.085,248.207,16.483,5.44,5.468,0.363,0.12,6.913,0.459,0.152,1.497,0.099,0.042,262.085,17.405,5.787
CIS (EI),2023,,,,11400.139,,89.159,10115.384,1524.042,5.857,17.718,664.497,270.035,253.355,16.624,5.447,6.237,0.409,0.134,8.958,0.588,0.193,1.486,0.097,0.041,270.035,17.718,5.857
CIS (EI),2024,,,,11739.903,,88.955,10395.498,1570.211,6.156,18.602,719.453,292.096,269.249,17.147,5.619,10.932,0.696,0.228,10.443,0.665,0.218,1.471,0.094,0.039,292.096,18.602,6.156
Central America (EI),1965,,,,43.879,,91.368,39.869,,8.632,,3.767,1.356,1.356,,8.632,0.0,,0.0,0.0,,0.0,0.0,,0.0,1.356,,8.632
Central America (EI),1966,,,,45.498,,90.831,41.083,,9.169,,4.147,1.493,1.493,,9.169,0.0,,0.0,0.0,,0.0,0.0,,0.0,1.493,,9.169
Central America (EI),1967,,,,47.687,,90.116,42.702,,9.884,,4.683,1.686,1.686,,9.884,0.0,,0.0,0.0,,0.0,0.0,,0.0,1.686,,9.884
Central America (EI),1968,,,,49.55,,89.474,44.035,,10.526,,5.181,1.865,1.865,,10.526,0.0,,0.0,0.0,,0.0,0.0,,0.0,1.865,,10.526
Central America (EI),1969,,,,52.024,,88.62,45.773,,11.106,,5.736,2.065,2.065,,11.106,0.0,,0.0,0.0,,0.0,0.0,,0.0,2.065,,11.106
Central America (EI),1970,,,,54.568,,87.761,47.519,,12.008,,6.502,2.341,2.341,,12.008,0.0,,0.0,0.0,,0.0,0.0,,0.0,2.341,,12.008
Central America (EI),1971,,,,56.65,,87.711,49.315,,12.081,,6.792,2.432,2.325,,11.486,0.0,,0.0,0.0,,0.0,0.107,,0.595,2.432,,12.081
Central America (EI),1972,,,,60.192,,87.414,52.216,,12.246,,7.315,2.616,2.475,,11.509,0.0,,0.0,0.0,,0.0,0.141,,0.738,2.616,,12.246
Central America (EI),1973,,,,65.828,,88.036,57.527,,11.768,,7.69,2.754,2.637,,11.209,0.0,,0.0,0.0,,0.0,0.117,,0.56,2.754,,11.768
Central America (EI),1974,,,,70.122,,87.477,60.87,,12.419,,8.642,3.091,2.935,,11.718,0.0,,0.0,0.0,,0.0,0.156,,0.701,3.091,,12.419
Central America (EI),1975,,,,77.279,,88.578,68.046,,11.332,,8.705,3.092,2.753,,9.957,0.0,,0.0,0.0,,0.0,0.338,,1.375,3.092,,11.332
Central America (EI),1976,,,,82.006,,87.225,71.194,,12.714,,10.377,3.645,2.921,,9.942,0.0,,0.0,0.0,,0.0,0.724,,2.772,3.645,,12.714
Central America (EI),1977,,,,86.724,,88.051,76.021,,11.949,,10.316,3.626,2.927,,9.418,0.0,,0.0,0.0,,0.0,0.699,,2.53,3.626,,11.949
Central America (EI),1978,,,,91.0,,85.167,77.031,,14.833,,13.416,4.736,3.984,,12.235,0.0,,0.0,0.0,,0.0,0.752,,2.598,4.736,,14.833
Central America (EI),1979,,,,94.041,,83.394,77.805,,16.606,,15.493,5.497,4.855,,14.455,0.0,,0.0,0.0,,0.0,0.642,,2.15,5.497,,16.606
Central America (EI),1980,,,,91.187,,80.551,72.754,,19.449,,17.566,6.239,5.556,,17.089,0.0,,0.0,0.0,,0.0,0.682,,2.36,6.239,,19.449
Central America (EI),1981,,,,90.717,,78.313,70.397,,21.687,,19.494,6.879,5.77,,17.831,0.0,,0.0,0.0,,0.0,1.109,,3.856,6.879,,21.687
Central America (EI),1982,,,,90.224,,78.481,70.209,,21.519,,19.25,6.78,5.582,,17.333,0.0,,0.0,0.0,,0.0,1.198,,4.185,6.78,,21.519
Central America (EI),1983,,,,90.484,,77.205,69.15,,22.795,,20.417,7.222,6.196,,19.215,0.0,,0.0,0.0,,0.0,1.026,,3.58,7.222,,22.795
Central America (EI),1984,,,,94.639,,75.198,70.419,,24.802,,23.226,8.207,6.97,,20.674,0.0,,0.0,0.0,,0.0,1.237,,4.128,8.207,,24.802
Central America (EI),1985,,,,98.294,,74.146,71.965,11.155,25.854,79.928,25.093,8.916,7.979,71.529,22.837,0.0,0.0,0.0,0.0,0.0,0.0,0.937,8.399,3.017,8.916,79.928,25.854
Central America (EI),1986,,,,101.786,,71.492,71.693,11.576,28.508,87.976,28.588,10.184,9.324,80.54,25.826,0.0,0.0,0.0,0.0,0.0,0.0,0.861,7.435,2.682,10.184,87.976,28.508
Central America (EI),1987,,,,108.372,,72.152,77.067,12.647,27.848,83.77,29.745,10.594,9.684,76.571,25.184,0.0,0.0,0.0,0.0,0.0,0.0,0.911,7.199,2.664,10.594,83.77,27.848
Central America (EI),1988,,,,107.837,,70.407,74.736,12.987,29.593,86.227,31.413,11.198,10.314,79.421,26.991,0.0,0.0,0.0,0.0,0.0,0.0,0.884,6.807,2.602,11.198,86.227,29.593
Central America (EI),1989,,,,114.651,,69.353,78.278,13.886,30.647,88.622,34.59,12.306,11.134,80.183,27.402,0.0,0.0,0.0,0.0,0.0,0.0,1.172,8.439,3.245,12.306,88.622,30.647
Central America (EI),1990,,,,118.707,,69.052,80.669,14.494,30.948,88.752,36.155,12.863,11.643,80.329,27.683,0.0,0.0,0.0,0.0,0.0,0.0,1.221,8.423,3.265,12.863,88.752,30.948
Central America (EI),1991,,,,125.515,,71.193,88.072,15.272,28.807,82.911,35.637,12.662,11.327,74.169,25.434,0.0,0.0,0.0,0.0,0.0,0.0,1.335,8.742,3.373,12.662,82.911,28.807
Central America (EI),1992,,,,137.306,,73.728,100.065,17.281,26.272,72.961,35.656,12.608,10.787,62.419,22.077,0.0,0.0,0.0,0.0,0.0,0.0,1.822,10.541,4.194,12.608,72.961,26.272
Central America (EI),1993,,,,147.539,,73.386,106.934,18.229,26.614,75.404,38.78,13.746,12.024,65.958,22.921,0.0,0.0,0.0,0.0,0.0,0.0,1.722,9.446,3.693,13.746,75.404,26.614
Central America (EI),1994,,,,156.295,,75.697,116.981,18.772,24.303,70.897,37.557,13.309,11.616,61.878,20.879,0.0,0.0,0.0,0.0,0.0,0.0,1.693,9.019,3.424,13.309,70.897,24.303
Central America (EI),1995,,,,168.496,,77.626,129.446,19.819,22.374,66.67,37.311,13.213,11.462,57.836,19.093,0.0,0.0,0.0,0.0,0.0,0.0,1.751,8.834,3.281,13.213,66.67,22.374
Central America (EI),1996,,,,171.262,,75.038,126.966,20.11,24.962,74.529,42.237,14.988,13.226,65.768,21.713,0.0,0.0,0.0,0.023,0.112,0.037,1.739,8.65,3.213,14.988,74.529,24.962
Central America (EI),1997,,,,180.588,,76.79,137.148,21.097,23.21,69.643,41.454,14.692,12.766,60.511,19.854,0.0,0.0,0.0,0.076,0.359,0.118,1.851,8.773,3.238,14.692,69.643,23.21
Central America (EI),1998,,,,200.339,,79.371,157.425,23.225,20.629,62.552,40.915,14.528,12.849,55.325,17.995,0.0,0.0,0.0,0.064,0.276,0.09,1.614,6.951,2.543,14.528,62.552,20.629
Central America (EI),1999,,,,207.26,,75.867,155.527,24.747,24.133,70.751,49.473,17.509,14.995,60.595,20.319,0.0,0.0,0.0,0.1,0.403,0.135,2.414,9.754,3.679,17.509,70.751,24.133
Central America (EI),2000,,,,214.989,,75.589,160.82,26.618,24.411,68.924,51.935,18.346,15.365,57.727,20.061,0.0,0.0,0.0,0.175,0.657,0.228,2.806,10.54,4.121,18.346,68.924,24.411
Central America (EI),2001,,,,221.866,,78.231,172.188,28.499,21.769,59.455,47.914,16.944,13.712,48.112,17.209,0.0,0.0,0.0,0.179,0.63,0.225,3.053,10.714,4.335,16.944,59.455,21.769
Central America (EI),2002,,,,227.285,,77.499,174.672,30.117,22.501,59.907,50.713,18.042,14.462,48.018,17.579,0.0,0.0,0.0,0.254,0.844,0.309,3.326,11.045,4.612,18.042,59.907,22.501
Central America (EI),2003,,,,236.834,,77.517,182.156,32.148,22.483,58.693,52.832,18.868,15.092,46.946,17.5,0.0,0.0,0.0,0.23,0.716,0.267,3.546,11.031,4.716,18.868,58.693,22.483
Central America (EI),2004,,,,245.149,,77.07,187.467,33.974,22.93,58.901,55.775,20.011,16.036,47.199,17.866,0.0,0.0,0.0,0.255,0.752,0.285,3.72,10.95,4.779,20.011,58.901,22.93
Central America (EI),2005,,,,246.901,,75.793,185.504,35.82,24.207,59.706,59.247,21.387,17.166,47.922,18.854,0.001,0.002,0.001,0.202,0.565,0.222,4.018,11.217,5.13,21.387,59.706,24.207
Central America (EI),2006,,,,260.761,,75.898,196.3,37.95,24.102,59.51,62.337,22.584,17.985,47.392,18.593,0.001,0.002,0.001,0.272,0.717,0.281,4.326,11.399,5.227,22.584,59.51,24.102
Central America (EI),2007,,,,271.437,,76.519,206.248,39.967,23.481,57.447,63.291,22.96,17.931,44.866,17.693,0.001,0.002,0.001,0.24,0.601,0.237,4.787,11.978,5.55,22.96,57.447,23.481
Central America (EI),2008,,,,280.229,,75.206,209.095,40.883,24.794,61.67,68.933,25.213,20.064,49.075,19.041,0.001,0.002,0.001,0.198,0.484,0.188,4.951,12.109,5.564,25.213,61.67,24.794
Central America (EI),2009,,,,274.733,,75.354,205.577,41.612,24.646,59.119,67.237,24.601,18.846,45.291,18.132,0.001,0.002,0.001,0.421,1.013,0.405,5.332,12.814,6.108,24.601,59.119,24.646
Central America (EI),2010,,,,286.601,,73.544,209.004,42.975,26.456,64.447,75.186,27.696,21.296,49.554,19.514,0.001,0.002,0.001,0.522,1.214,0.478,5.878,13.677,6.463,27.696,64.447,26.456
Central America (EI),2011,,,,293.78,,74.227,216.403,44.487,25.773,62.395,75.139,27.758,20.972,47.142,18.636,0.003,0.006,0.002,0.741,1.667,0.659,6.042,13.581,6.476,27.758,62.395,25.773
Central America (EI),2012,,,,306.358,,73.044,222.129,46.588,26.956,65.171,81.972,30.362,22.436,48.158,19.015,0.004,0.008,0.003,1.131,2.427,0.958,6.791,14.578,6.979,30.362,65.171,26.956
Central America (EI),2013,,,,311.485,,73.313,226.815,48.054,26.687,63.672,82.563,30.596,21.883,45.538,18.09,0.008,0.017,0.007,1.358,2.826,1.123,7.348,15.291,7.422,30.596,63.672,26.687
Central America (EI),2014,,,,320.682,,73.314,233.601,49.424,26.686,63.7,85.032,31.484,21.565,43.632,17.221,0.027,0.055,0.022,2.095,4.24,1.673,7.796,15.774,7.646,31.484,63.7,26.686
Central America (EI),2015,,,,353.317,,73.796,258.933,52.167,26.204,65.695,91.946,34.271,22.509,43.148,16.241,0.619,1.187,0.447,3.135,6.01,2.262,8.007,15.349,7.131,34.271,65.695,26.204
Central America (EI),2016,,,,368.634,,73.728,269.845,53.773,26.272,66.882,96.154,35.964,22.779,42.361,15.637,1.21,2.249,0.83,3.3,6.137,2.265,8.676,16.134,7.408,35.964,66.882,26.272
Central America (EI),2017,,,,383.255,,72.037,273.724,54.461,27.963,73.833,106.25,40.21,27.113,49.785,17.839,1.502,2.758,0.988,3.212,5.897,2.113,8.383,15.393,6.894,40.21,73.833,27.963
Central America (EI),2018,,,,390.843,,71.39,276.653,56.384,28.61,74.695,110.869,42.116,26.842,47.605,17.23,1.85,3.281,1.188,4.437,7.87,2.848,8.987,15.939,7.247,42.116,74.695,28.61
Central America (EI),2019,,,,411.292,,75.042,306.871,59.323,24.958,64.774,102.06,38.426,21.584,36.384,13.065,2.28,3.843,1.38,4.401,7.419,2.664,10.161,17.128,7.765,38.426,64.774,24.958
Central America (EI),2020,,,,357.579,,68.107,241.632,57.198,31.893,75.354,113.15,43.101,26.935,47.091,18.746,2.655,4.642,1.848,3.629,6.345,2.526,9.881,17.276,8.704,43.101,75.354,31.893
Central America (EI),2021,,,,400.279,,68.972,273.81,61.612,31.028,76.536,123.178,47.155,29.846,48.442,18.517,3.122,5.067,1.937,3.991,6.477,2.476,10.196,16.549,8.026,47.155,76.536,31.028
Central America (EI),2022,,,,413.718,,69.609,285.698,63.038,30.391,76.147,124.733,48.002,31.432,49.862,18.817,3.169,5.027,1.897,3.646,5.784,2.183,9.755,15.474,7.427,48.002,76.147,30.391
Central America (EI),2023,,,,424.498,,73.331,309.206,65.601,26.669,65.791,112.45,43.159,25.393,38.709,14.688,3.549,5.41,2.053,4.3,6.554,2.487,9.918,15.118,7.35,43.159,65.791,26.669
Central America (EI),2024,,,,437.673,,72.655,315.845,66.945,27.345,68.467,118.873,45.835,28.64,42.782,16.069,3.893,5.815,2.184,3.547,5.298,1.99,9.755,14.571,7.012,45.835,68.467,27.345
Central and South America (EIA),1980,,,,2832.37,,,,,,,,,,,,,,,,,,,,,,,
Central and South America (EIA),1981,,,,2816.581,,,,,,,,,,,,,,,,,,,,,,,
Central and South America (EIA),1982,,,,2833.875,,,,,,,,,,,,,,,,,,,,,,,
Central and South America (EIA),1983,,,,2774.848,,,,,,,,,,,,,,,,,,,,,,,
Central and South America (EIA),1984,,,,2903.075,,,,,,,,,,,,,,,,,,,,,,,
Central and South America (EIA),1985,,,,2940.248,,,,,,,,,,,,,,,,,,,,,,,
Central and South America (EIA),1986,,,,3113.34,,,,,,,,,,,,,,,,,,,,,,,
Central and South America (EIA),1987,,,,3141.722,,,,,,,,,,,,,,,,,,,,,,,
Central and South America (EIA),1988,,,,3230.201,,,,,,,,,,,,,,,,,,,,,,,
Central and South America (EIA),1989,,,,3329.682,,,,,,,,,,,,,,,,,,,,,,,
Central and South America (EIA),1990,,,,3513.039,,,,,,,,,,,,,,,,,,,,,,,
Central and South America (EIA),1991,,,,3466.154,,,,,,,,,,,,,,,,,,,,,,,
Central and South America (EIA),1992,,,,3564.226,,,,,,,,,,,,,,,,,,,,,,,
Central and South America (EIA),1993,,,,3723.788,,,,,,,,,,,,,,,,,,,,,,,
Central and South America (EIA),1994,,,,3888.784,,,,,,,,,,,,,,,,,,,,,,,
Central and South America (EIA),1995,,,,4086.927,,,,,,,,,,,,,,,,,,,,,,,
Central and South America (EIA),1996,,,,4304.323,,,,,,,,,,,,,,,,,,,,,,,
Central and South America (EIA),1997,,,,4533.899,,,,,,,,,,,,,,,,,,,,,,,
Central and South America (EIA),1998,,,,4704.743,,,,,,,,,,,,,,,,,,,,,,,
Central and South America (EIA),1999,,,,4677.614,,,,,,,,,,,,,,,,,,,,,,,
Central and South America (EIA),2000,,,,5026.674,,,,,,,,,,,,,,,,,,,,,,,
Central and South America (EIA),2001,,,,5139.477,,,,,,,,,,,,,,,,,,,,,,,
Central and South America (EIA),2002,,,,5114.227,,,,,,,,,,,,,,,,,,,,,,,
Central and South America (EIA),2003,,,,5196.866,,,,,,,,,,,,,,,,,,,,,,,
Central and South America (EIA),2004,,,,5493.137,,,,,,,,,,,,,,,,,,,,,,,
Central and South America (EIA),2005,,,,5631.138,,,,,,,,,,,,,,,,,,,,,,,
Central and South America (EIA),2006,,,,5915.922,,,,,,,,,,,,,,,,,,,,,,,
Central and South America (EIA),2007,,,,6063.001,,,,,,,,,,,,,,,,,,,,,,,
Central and South America (EIA),2008,,,,6322.455,,,,,,,,,,,,,,,,,,,,,,,
Central and South America (EIA),2009,,,,6176.439,,,,,,,,,,,,,,,,,,,,,,,
Central and South America (EIA),2010,,,,6597.875,,,,,,,,,,,,,,,,,,,,,,,
Central and South America (EIA),2011,,,,6780.959,,,,,,,,,,,,,,,,,,,,,,,
Central and South America (EIA),2012,,,,7091.89,,,,,,,,,,,,,,,,,,,,,,,
Central and South America (EIA),2013,,,,7237.363,,,,,,,,,,,,,,,,,,,,,,,
Central and South America (EIA),2014,,,,7360.372,,,,,,,,,,,,,,,,,,,,,,,
Central and South America (EIA),2015,,,,7375.868,,,,,,,,,,,,,,,,,,,,,,,
Central and South America (EIA),2016,,,,7261.609,,,,,,,,,,,,,,,,,,,,,,,
Central and South America (EIA),2017,,,,7200.762,,,,,,,,,,,,,,,,,,,,,,,
Central and South America (EIA),2018,,,,7061.999,,,,,,,,,,,,,,,,,,,,,,,
Central and South America (EIA),2019,,,,6997.005,,,,,,,,,,,,,,,,,,,,,,,
Central and South America (EIA),2020,,,,6262.516,,,,,,,,,,,,,,,,,,,,,,,
Central and South America (EIA),2021,,,,6857.67,,,,,,,,,,,,,,,,,,,,,,,
Central and South America (EIA),2022,,,,7046.409,,,,,,,,,,,,,,,,,,,,,,,
Central and South America (EIA),2023,,,,7074.735,,,,,,,,,,,,,,,,,,,,,,,
Central and South America (Shift),1900,,,,,,,,,,,,,,,,,,,,,,,,,,,
Central and South America (Shift),1901,,,,,,,,,,,,,,,,,,,,,,,,,,,
Central and South America (Shift),1902,,,,,,,,,,,,,,,,,,,,,,,,,,,
Central and South America (Shift),1903,,,,,,,,,,,,,,,,,,,,,,,,,,,
Central and South America (Shift),1904,,,,,,,,,,,,,,,,,,,,,,,,,,,
Central and South America (Shift),1905,,,,,,,,,,,,,,,,,,,,,,,,,,,
Central and South America (Shift),1906,,,,,,,,,,,,,,,,,,,,,,,,,,,
Central and South America (Shift),1907,,,,,,,,,,,,,,,,,,,,,,,,,,,
Central and South America (Shift),1908,,,,,,,,,,,,,,,,,,,,,,,,,,,
Central and South America (Shift),1909,,,,,,,,,,,,,,,,,,,,,,,,,,,
Central and South America (Shift),1910,,,,,,,,,,,,,,,,,,,,,,,,,,,
Central and South America (Shift),1911,,,,,,,,,,,,,,,,,,,,,,,,,,,
Central and South America (Shift),1912,,,,,,,,,,,,,,,,,,,,,,,,,,,
Central and South America (Shift),1913,,,,,,,,,,,,,,,,,,,,,,,,,,,
Central and South America (Shift),1914,,,,,,,,,,,,,,,,,,,,,,,,,,,
Central and South America (Shift),1915,,,,,,,,,,,,,,,,,,,,,,,,,,,
Central and South America (Shift),1916,,,,,,,,,,,,,,,,,,,,,,,,,,,
Central and South America (Shift),1917,,,,,,,,,,,,,,,,,,,,,,,,,,,
Central and South America (Shift),1918,,,,,,,,,,,,,,,,,,,,,,,,,,,
Central and South America (Shift),1919,,,,,,,,,,,,,,,,,,,,,,,,,,,
Central and South America (Shift),1920,,,,,,,,,,,,,,,,,,,,,,,,,,,
Central and South America (Shift),1921,,,,,,,,,,,,,,,,,,,,,,,,,,,
Central and South America (Shift),1922,,,,,,,,,,,,,,,,,,,,,,,,,,,
Central and South America (Shift),1923,,,,,,,,,,,,,,,,,,,,,,,,,,,
Central and South America (Shift),1924,,,,,,,,,,,,,,,,,,,,,,,,,,,
Central and South America (Shift),1925,,,,,,,,,,,,,,,,,,,,,,,,,,,
Central and South America (Shift),1926,,,,,,,,,,,,,,,,,,,,,,,,,,,
Central and South America (Shift),1927,,,,,,,,,,,,,,,,,,,,,,,,,,,
Central and South America (Shift),1928,,,,,,,,,,,,,,,,,,,,,,,,,,,
Central and South America (Shift),1929,,,,,,,,,,,,,,,,,,,,,,,,,,,
Central and South America (Shift),1930,,,,,,,,,,,,,,,,,,,,,,,,,,,
Central and South America (Shift),1931,,,,,,,,,,,,,,,,,,,,,,,,,,,
Central and South America (Shift),1932,,,,,,,,,,,,,,,,,,,,,,,,,,,
Central and South America (Shift),1933,,,,,,,,,,,,,,,,,,,,,,,,,,,
Central and South America (Shift),1934,,,,,,,,,,,,,,,,,,,,,,,,,,,
Central and South America (Shift),1935,,,,,,,,,,,,,,,,,,,,,,,,,,,
Central and South America (Shift),1936,,,,,,,,,,,,,,,,,,,,,,,,,,,
Central and South America (Shift),1937,,,,,,,,,,,,,,,,,,,,,,,,,,,
Central and South America (Shift),1938,,,,,,,,,,,,,,,,,,,,,,,,,,,
Central and South America (Shift),1939,,,,,,,,,,,,,,,,,,,,,,,,,,,
Central and South America (Shift),1940,,,,,,,,,,,,,,,,,,,,,,,,,,,
Central and South America (Shift),1941,,,,,,,,,,,,,,,,,,,,,,,,,,,
Central and South America (Shift),1942,,,,,,,,,,,,,,,,,,,,,,,,,,,
Central and South America (Shift),1943,,,,,,,,,,,,,,,,,,,,,,,,,,,
Central and South America (Shift),1944,,,,,,,,,,,,,,,,,,,,,,,,,,,
Central and South America (Shift),1945,,,,,,,,,,,,,,,,,,,,,,,,,,,
Central and South America (Shift),1946,,,,,,,,,,,,,,,,,,,,,,,,,,,
Central and South America (Shift),1947,,,,,,,,,,,,,,,,,,,,,,,,,,,
Central and South America (Shift),1948,,,,,,,,,,,,,,,,,,,,,,,,,,,
Central and South America (Shift),1949,,,,,,,,,,,,,,,,,,,,,,,,,,,
Central and South America (Shift),1950,,,,,,,,,,,,,,,,,,,,,,,,,,,
Central and South America (Shift),1951,,,,,,,,,,,,,,,,,,,,,,,,,,,
Central and South America (Shift),1952,,,,,,,,,,,,,,,,,,,,,,,,,,,
Central and South America (Shift),1953,,,,,,,,,,,,,,,,,,,,,,,,,,,
Central and South America (Shift),1954,,,,,,,,,,,,,,,,,,,,,,,,,,,
Central and South America (Shift),1955,,,,,,,,,,,,,,,,,,,,,,,,,,,
Central and South America (Shift),1956,,,,,,,,,,,,,,,,,,,,,,,,,,,
Central and South America (Shift),1957,,,,,,,,,,,,,,,,,,,,,,,,,,,
Central and South America (Shift),1958,,,,,,,,,,,,,,,,,,,,,,,,,,,
Central and South America (Shift),1959,,,,,,,,,,,,,,,,,,,,,,,,,,,
Central and South America (Shift),1960,,,,,,,,,,,,,,,,,,,,,,,,,,,
Central and South America (Shift),1961,,,,,,,,,,,,,,,,,,,,,,,,,,,
Central and South America (Shift),1962,,,,,,,,,,,,,,,,,,,,,,,,,,,
Central and South America (Shift),1963,,,,,,,,,,,,,,,,,,,,,,,,,,,
Central and South America (Shift),1964,,,,,,,,,,,,,,,,,,,,,,,,,,,
Central and South America (Shift),1965,,,,,,,,,,,,,,,,,,,,,,,,,,,
Central and South America (Shift),1966,,,,,,,,,,,,,,,,,,,,,,,,,,,
Central and South America (Shift),1967,,,,,,,,,,,,,,,,,,,,,,,,,,,
Central and South America (Shift),1968,,,,,,,,,,,,,,,,,,,,,,,,,,,
Central and South America (Shift),1969,,,,,,,,,,,,,,,,,,,,,,,,,,,
Central and South America (Shift),1970,,,,,,,,,,,,,,,,,,,,,,,,,,,
Central and South America (Shift),1971,,,,,,,,,,,,,,,,,,,,,,,,,,,
Central and South America (Shift),1972,,,,,,,,,,,,,,,,,,,,,,,,,,,
Central and South America (Shift),1973,,,,,,,,,,,,,,,,,,,,,,,,,,,
Central and South America (Shift),1974,,,,,,,,,,,,,,,,,,,,,,,,,,,
Central and South America (Shift),1975,,,,,,,,,,,,,,,,,,,,,,,,,,,
Central and South America (Shift),1976,,,,,,,,,,,,,,,,,,,,,,,,,,,
Central and South America (Shift),1977,,,,,,,,,,,,,,,,,,,,,,,,,,,
Central and South America (Shift),1978,,,,,,,,,,,,,,,,,,,,,,,,,,,
Central and South America (Shift),1979,,,,,,,,,,,,,,,,,,,,,,,,,,,
Central and South America (Shift),1980,,,,,,,,,,,,,,,,,,,,,,,,,,,
Central and South America (Shift),1981,,,,,,,,,,,,,,,,,,,,,,,,,,,
Central and South America (Shift),1982,,,,,,,,,,,,,,,,,,,,,,,,,,,
Central and South America (Shift),1983,,,,,,,,,,,,,,,,,,,,,,,,,,,
Central and South America (Shift),1984,,,,,,,,,,,,,,,,,,,,,,,,,,,
Central and South America (Shift),1985,,,,,,,,,,,,,,,,,,,,,,,,,,,
Central and South America (Shift),1986,,,,,,,,,,,,,,,,,,,,,,,,,,,
Central and South America (Shift),1987,,,,,,,,,,,,,,,,,,,,,,,,,,,
Central and South America (Shift),1988,,,,,,,,,,,,,,,,,,,,,,,,,,,
Central and South America (Shift),1989,,,,,,,,,,,,,,,,,,,,,,,,,,,
Central and South America (Shift),1990,,,,,,,,,,,,,,,,,,,,,,,,,,,
Central and South America (Shift),1991,,,,,,,,,,,,,,,,,,,,,,,,,,,
Central and South America (Shift),1992,,,,,,,,,,,,,,,,,,,,,,,,,,,
Central and South America (Shift),1993,,,,,,,,,,,,,,,,,,,,,,,,,,,
Central and South America (Shift),1994,,,,,,,,,,,,,,,,,,,,,,,,,,,
Central and South America (Shift),1995,,,,,,,,,,,,,,,,,,,,,,,,,,,
Central and South America (Shift),1996,,,,,,,,,,,,,,,,,,,,,,,,,,,
Central and South America (Shift),1997,,,,,,,,,,,,,,,,,,,,,,,,,,,
Central and South America (Shift),1998,,,,,,,,,,,,,,,,,,,,,,,,,,,
Central and South America (Shift),1999,,,,,,,,,,,,,,,,,,,,,,,,,,,
Central and South America (Shift),2000,,,,,,,,,,,,,,,,,,,,,,,,,,,
Central and South America (Shift),2001,,,,,,,,,,,,,,,,,,,,,,,,,,,
Central and South America (Shift),2002,,,,,,,,,,,,,,,,,,,,,,,,,,,
Central and South America (Shift),2003,,,,,,,,,,,,,,,,,,,,,,,,,,,
Central and South America (Shift),2004,,,,,,,,,,,,,,,,,,,,,,,,,,,
Central and South America (Shift),2005,,,,,,,,,,,,,,,,,,,,,,,,,,,
Central and South America (Shift),2006,,,,,,,,,,,,,,,,,,,,,,,,,,,
Central and South America (Shift),2007,,,,,,,,,,,,,,,,,,,,,,,,,,,
Central and South America (Shift),2008,,,,,,,,,,,,,,,,,,,,,,,,,,,
Central and South America (Shift),2009,,,,,,,,,,,,,,,,,,,,,,,,,,,
Central and South America (Shift),2010,,,,,,,,,,,,,,,,,,,,,,,,,,,
Central and South America (Shift),2011,,,,,,,,,,,,,,,,,,,,,,,,,,,
Central and South America (Shift),2012,,,,,,,,,,,,,,,,,,,,,,,,,,,
Central and South America (Shift),2013,,,,,,,,,,,,,,,,,,,,,,,,,,,
Central and South America (Shift),2014,,,,,,,,,,,,,,,,,,,,,,,,,,,
Central and South America (Shift),2015,,,,,,,,,,,,,,,,,,,,,,,,,,,
Central and South America (Shift),2016,,,,,,,,,,,,,,,,,,,,,,,,,,,
Czechoslovakia,1900,,12140000.0,33463352000.0,,,,,,,,,,,,,,,,,,,,,,,,
Czechoslovakia,1901,,,,,,,,,,,,,,,,,,,,,,,,,,,
Czechoslovakia,1902,,,,,,,,,,,,,,,,,,,,,,,,,,,
Czechoslovakia,1903,,,,,,,,,,,,,,,,,,,,,,,,,,,
Czechoslovakia,1904,,,,,,,,,,,,,,,,,,,,,,,,,,,
Czechoslovakia,1905,,,,,,,,,,,,,,,,,,,,,,,,,,,
Czechoslovakia,1906,,,,,,,,,,,,,,,,,,,,,,,,,,,
Czechoslovakia,1907,,,,,,,,,,,,,,,,,,,,,,,,,,,
Czechoslovakia,1908,,,,,,,,,,,,,,,,,,,,,,,,,,,
Czechoslovakia,1909,,,,,,,,,,,,,,,,,,,,,,,,,,,
Czechoslovakia,1910,,12980000.0,41211216000.0,,,,,,,,,,,,,,,,,,,,,,,,
Czechoslovakia,1911,,,,,,,,,,,,,,,,,,,,,,,,,,,
Czechoslovakia,1912,,,,,,,,,,,,,,,,,,,,,,,,,,,
Czechoslovakia,1913,,13240000.0,44251545000.0,,,,,,,,,,,,,,,,,,,,,,,,
Czechoslovakia,1914,,,,,,,,,,,,,,,,,,,,,,,,,,,
Czechoslovakia,1915,,,,,,,,,,,,,,,,,,,,,,,,,,,
Czechoslovakia,1916,,,,,,,,,,,,,,,,,,,,,,,,,,,
Czechoslovakia,1917,,,,,,,,,,,,,,,,,,,,,,,,,,,
Czechoslovakia,1918,,,,,,,,,,,,,,,,,,,,,,,,,,,
Czechoslovakia,1919,,,,,,,,,,,,,,,,,,,,,,,,,,,
Czechoslovakia,1920,,12980000.0,39988299000.0,,,,,,,,,,,,,,,,,,,,,,,,
Czechoslovakia,1921,,13010000.0,43225584000.0,,,,,,,,,,,,,,,,,,,,,,,,
Czechoslovakia,1922,,13160000.0,42082482000.0,,,,,,,,,,,,,,,,,,,,,,,,
Czechoslovakia,1923,,13290000.0,45581697000.0,,,,,,,,,,,,,,,,,,,,,,,,
Czechoslovakia,1924,,13410000.0,50312163000.0,,,,,,,,,,,,,,,,,,,,,,,,
Czechoslovakia,1925,,13540000.0,56232698000.0,,,,,,,,,,,,,,,,,,,,,,,,
Czechoslovakia,1926,,13640000.0,56008620000.0,,,,,,,,,,,,,,,,,,,,,,,,
Czechoslovakia,1927,,13730000.0,60224736000.0,,,,,,,,,,,,,,,,,,,,,,,,
Czechoslovakia,1928,,13810000.0,65514215000.0,,,,,,,,,,,,,,,,,,,,,,,,
Czechoslovakia,1929,,13880000.0,67323516000.0,,,,,,,,,,,,,,,,,,,,,,,,
Czechoslovakia,1930,,13960000.0,65128096000.0,,,,,,,,,,,,,,,,,,,,,,,,
Czechoslovakia,1931,,14050000.0,62910804000.0,,,,,,,,,,,,,,,,,,,,,,,,
Czechoslovakia,1932,,14140000.0,60397536000.0,,,,,,,,,,,,,,,,,,,,,,,,
Czechoslovakia,1933,,14220000.0,57830688000.0,,,,,,,,,,,,,,,,,,,,,,,,
Czechoslovakia,1934,,14280000.0,55614108000.0,,,,,,,,,,,,,,,,,,,,,,,,
Czechoslovakia,1935,,14340000.0,55076099000.0,,,,,,,,,,,,,,,,,,,,,,,,
Czechoslovakia,1936,,14390000.0,59605341000.0,,,,,,,,,,,,,,,,,,,,,,,,
Czechoslovakia,1937,,14430000.0,66286826000.0,,,,,,,,,,,,,,,,,,,,,,,,
Czechoslovakia,1938,,14600000.0,,,,,,,,,,,,,,,,,,,,,,,,,
Czechoslovakia,1939,,14680000.0,,,,,,,,,,,,,,,,,,,,,,,,,
Czechoslovakia,1940,,14710000.0,,,,,,,,,,,,,,,,,,,,,,,,,
Czechoslovakia,1941,,14670000.0,,,,,,,,,,,,,,,,,,,,,,,,,
Czechoslovakia,1942,,14580000.0,,,,,,,,,,,,,,,,,,,,,,,,,
Czechoslovakia,1943,,14540000.0,,,,,,,,,,,,,,,,,,,,,,,,,
Czechoslovakia,1944,,14590000.0,,,,,,,,,,,,,,,,,,,,,,,,,
Czechoslovakia,1945,,14150000.0,,,,,,,,,,,,,,,,,,,,,,,,,
Czechoslovakia,1946,,12920000.0,,,,,,,,,,,,,,,,,,,,,,,,,
Czechoslovakia,1947,,12160000.0,,,,,,,,,,,,,,,,,,,,,,,,,
Czechoslovakia,1948,,12340000.0,60732558000.0,,,,,,,,,,,,,,,,,,,,,,,,
Czechoslovakia,1949,,12340000.0,64101105000.0,,,,,,,,,,,,,,,,,,,,,,,,
Czechoslovakia,1950,,12390000.0,69143009000.0,,,,,,,,,,,,,,,,,,,,,,,,
Czechoslovakia,1951,,12530000.0,70392244000.0,,,,,,,,,,,,,,,,,,,,,,,,
Czechoslovakia,1952,,12680000.0,72737005000.0,,,,,,,,,,,,,,,,,,,,,,,,
Czechoslovakia,1953,,12820000.0,72420180000.0,,,,,,,,,,,,,,,,,,,,,,,,
Czechoslovakia,1954,,12950000.0,75393592000.0,,,,,,,,,,,,,,,,,,,,,,,,
Czechoslovakia,1955,,13090000.0,81857436000.0,,,,,,,,,,,,,,,,,,,,,,,,
Czechoslovakia,1956,,13230000.0,86663179000.0,,,,,,,,,,,,,,,,,,,,,,,,
Czechoslovakia,1957,,13360000.0,91983188000.0,,,,,,,,,,,,,,,,,,,,,,,,
Czechoslovakia,1958,,13470000.0,99006952000.0,,,,,,,,,,,,,,,,,,,,,,,,
Czechoslovakia,1959,,13560000.0,103351735000.0,,,,,,,,,,,,,,,,,,,,,,,,
Czechoslovakia,1960,,13650000.0,111170868000.0,,,,,,,,,,,,,,,,,,,,,,,,
Czechoslovakia,1961,,13780000.0,115592031000.0,,,,,,,,,,,,,,,,,,,,,,,,
Czechoslovakia,1962,,13860000.0,117155532000.0,,,,,,,,,,,,,,,,,,,,,,,,
Czechoslovakia,1963,,13950000.0,114945468000.0,,,,,,,,,,,,,,,,,,,,,,,,
Czechoslovakia,1964,,14050000.0,120327276000.0,,,,,,,,,,,,,,,,,,,,,,,,
Czechoslovakia,1965,,14150000.0,124776540000.0,,,,,,,,,,,,,,,,,,,,,,,,
Czechoslovakia,1966,,14220000.0,130163824000.0,,,,,,,,,,,,,,,,,,,,,,,,
Czechoslovakia,1967,,14280000.0,135731439000.0,,,,,,,,,,,,,,,,,,,,,,,,
Czechoslovakia,1968,,14320000.0,142069837000.0,,,,,,,,,,,,,,,,,,,,,,,,
Czechoslovakia,1969,,14280000.0,144668352000.0,,,,,,,,,,,,,,,,,,,,,,,,
Czechoslovakia,1970,,14320000.0,147585933000.0,,,,,,,,,,,,,,,,,,,,,,,,
Czechoslovakia,1971,,14380000.0,152625553000.0,,,,,,,,,,,,,,,,,,,,,,,,
Czechoslovakia,1972,,14460000.0,158032992000.0,,,,,,,,,,,,,,,,,,,,,,,,
Czechoslovakia,1973,,14550000.0,163283427000.0,,,,,,,,,,,,,,,,,,,,,,,,
Czechoslovakia,1974,,14660000.0,169226610000.0,,,,,,,,,,,,,,,,,,,,,,,,
Czechoslovakia,1975,,14770000.0,174220968000.0,,,,,,,,,,,,,,,,,,,,,,,,
Czechoslovakia,1976,,14880000.0,177015412000.0,,,,,,,,,,,,,,,,,,,,,,,,
Czechoslovakia,1977,,14990000.0,185036560000.0,,,,,,,,,,,,,,,,,,,,,,,,
Czechoslovakia,1978,,15090000.0,187269579000.0,,,,,,,,,,,,,,,,,,,,,,,,
Czechoslovakia,1979,,15180000.0,188848898000.0,,,,,,,,,,,,,,,,,,,,,,,,
Czechoslovakia,1980,,15250000.0,194089365000.0,904.705,59324.938,,,,,,,,,,,,,,,,,,,,,,
Czechoslovakia,1981,,15310000.0,193114944000.0,899.747,58768.555,,,,,,,,,,,,,,,,,,,,,,
Czechoslovakia,1982,,15350000.0,196874048000.0,907.848,59143.164,,,,,,,,,,,,,,,,,,,,,,
Czechoslovakia,1983,,15390000.0,199828568000.0,913.943,59385.523,,,,,,,,,,,,,,,,,,,,,,
Czechoslovakia,1984,,15420000.0,204508980000.0,922.757,59841.566,,,,,,,,,,,,,,,,,,,,,,
Czechoslovakia,1985,,15450000.0,206123335000.0,929.063,60133.555,,,,,,,,,,,,,,,,,,,,,,
Czechoslovakia,1986,,15480000.0,209922360000.0,942.189,60864.902,,,,,,,,,,,,,,,,,,,,,,
Czechoslovakia,1987,,15510000.0,210996133000.0,966.325,62303.324,,,,,,,,,,,,,,,,,,,,,,
Czechoslovakia,1988,,15540000.0,215684634000.0,945.947,60871.758,,,,,,,,,,,,,,,,,,,,,,
Czechoslovakia,1989,,15560000.0,217452584000.0,941.438,60503.754,,,,,,,,,,,,,,,,,,,,,,
Czechoslovakia,1990,,15570000.0,211312040000.0,940.91,60430.977,,,,,,,,,,,,,,,,,,,,,,
Czechoslovakia,1991,,15590000.0,185260537160.0,851.402,54612.066,,,,,,,,,,,,,,,,,,,,,,
Czechoslovakia,1992,,15620000.0,182442486712.0,766.147,49049.102,,,,,,,,,,,,,,,,,,,,,,
EU (Ember),1990,,,,,,,,2249.9,,13.419,,301.91,283.66,12.608,,0.01,0.0,,0.77,0.034,,17.47,0.776,,301.91,13.419,
EU (Ember),1991,,,,,,,,2295.17,,13.718,,314.86,295.63,12.881,,0.01,0.0,,1.08,0.047,,18.14,0.79,,314.86,13.718,
EU (Ember),1992,,,,,,,,2279.16,,14.404,,328.28,307.69,13.5,,0.02,0.001,,1.52,0.067,,19.05,0.836,,328.28,14.404,
EU (Ember),1993,,,,,,,,2279.55,,14.851,,338.54,315.78,13.853,,0.02,0.001,,2.13,0.093,,20.61,0.904,,338.54,14.851,
EU (Ember),1994,,,,,,,,2314.5,,15.144,,350.51,325.85,14.079,,0.02,0.001,,3.16,0.137,,21.48,0.928,,350.51,15.144,
EU (Ember),1995,,,,,,,,2382.94,,14.803,,352.74,325.22,13.648,,0.03,0.001,,3.68,0.154,,23.81,0.999,,352.74,14.803,
EU (Ember),1996,,,,,,,,2466.46,,14.406,,355.33,327.21,13.266,,0.04,0.002,,4.38,0.178,,23.7,0.961,,355.33,14.406,
EU (Ember),1997,,,,,,,,2479.92,,14.786,,366.69,331.75,13.377,,0.04,0.002,,6.68,0.269,,28.22,1.138,,366.69,14.786,
EU (Ember),1998,,,,,,,,2529.13,,15.211,,384.7,342.98,13.561,,0.05,0.002,,10.39,0.411,,31.28,1.237,,384.7,15.211,
EU (Ember),1999,,,,,,,,2553.8,,15.128,,386.33,340.82,13.346,,0.08,0.003,,13.34,0.522,,32.09,1.257,,386.33,15.128,
EU (Ember),2000,,,,,,,,2622.18,,15.518,,406.9,350.17,13.354,,0.05,0.002,,21.28,0.812,,35.4,1.35,,406.9,15.518,
EU (Ember),2001,,,,,,,,2698.92,,16.167,,436.34,373.43,13.836,,0.17,0.006,,25.75,0.954,,36.99,1.371,,436.34,16.167,
EU (Ember),2002,,,,,,,,2722.12,,14.327,,389.99,312.6,11.484,,0.28,0.01,,35.06,1.288,,42.05,1.545,,389.99,14.327,
EU (Ember),2003,,,,,,,,2799.93,,14.194,,397.43,304.64,10.88,,0.4,0.014,,43.31,1.547,,49.08,1.753,,397.43,14.194,
EU (Ember),2004,,,,,,,,2867.55,,15.35,,440.16,323.19,11.271,,0.68,0.024,,57.54,2.007,,58.75,2.049,,440.16,15.35,
EU (Ember),2005,,,,,,,,2884.39,,15.375,,443.47,307.02,10.644,,1.48,0.051,,68.1,2.361,,66.87,2.318,,443.47,15.375,
EU (Ember),2006,,,,,,,,2932.31,,15.932,,467.19,309.98,10.571,,2.52,0.086,,78.75,2.686,,75.94,2.59,,467.19,15.932,
EU (Ember),2007,,,,,,,,2947.71,,16.832,,496.17,307.72,10.439,,3.83,0.13,,99.95,3.391,,84.67,2.872,,496.17,16.832,
EU (Ember),2008,,,,,,,,2959.78,,18.267,,540.65,325.59,11.0,,7.51,0.254,,113.26,3.827,,94.29,3.186,,540.65,18.267,
EU (Ember),2009,,,,,,,,2808.34,,20.334,,571.06,329.0,11.715,,14.22,0.506,,124.61,4.437,,103.23,3.676,,571.06,20.334,
EU (Ember),2010,,,,,,,,2945.54,,22.161,,652.75,371.82,12.623,,23.49,0.797,,139.88,4.749,,117.56,3.991,,652.75,22.161,
EU (Ember),2011,,,,,,,,2908.68,,22.208,,645.95,307.43,10.569,,47.71,1.64,,165.41,5.687,,125.4,4.311,,645.95,22.208,
EU (Ember),2012,,,,,,,,2903.46,,25.103,,728.87,331.67,11.423,,70.5,2.428,,187.55,6.46,,139.15,4.793,,728.87,25.103,
EU (Ember),2013,,,,,,,,2883.69,,27.982,,806.9,368.02,12.762,,83.76,2.905,,209.55,7.267,,145.57,5.048,,806.9,27.982,
EU (Ember),2014,,,,,,,,2823.91,,29.645,,837.16,370.06,13.105,,93.6,3.315,,222.46,7.878,,151.04,5.349,,837.16,29.645,
EU (Ember),2015,,,,,,,,2870.37,,29.82,,855.94,336.0,11.706,,100.2,3.491,,263.28,9.172,,156.46,5.451,,855.94,29.82,
EU (Ember),2016,,,,,,,,2891.4,,30.135,,871.32,345.6,11.953,,100.49,3.475,,266.91,9.231,,158.32,5.476,,871.32,30.135,
EU (Ember),2017,,,,,,,,2922.98,,29.909,,874.22,294.34,10.07,,106.58,3.646,,312.43,10.689,,160.87,5.504,,874.22,29.909,
EU (Ember),2018,,,,,,,,2908.62,,32.363,,941.33,343.84,11.821,,114.13,3.924,,320.76,11.028,,162.6,5.59,,941.33,32.363,
EU (Ember),2019,,,,,,,,2874.5,,34.053,,978.84,320.29,11.142,,124.38,4.327,,367.29,12.778,,166.88,5.806,,978.84,34.053,
EU (Ember),2020,,,,,,,,2753.09,,38.495,,1059.79,347.09,12.607,,144.72,5.257,,398.16,14.462,,169.82,6.168,,1059.79,38.495,
EU (Ember),2021,,,,,,,,2874.99,,37.455,,1076.83,348.25,12.113,,163.05,5.671,,386.94,13.459,,178.59,6.212,,1076.83,37.455,
EU (Ember),2022,,,,,,,,2777.49,,38.883,,1079.98,276.19,9.944,,209.76,7.552,,421.83,15.187,,172.2,6.2,,1079.98,38.883,
EU (Ember),2023,,,,,,,,2710.2,,45.24,,1226.1,330.44,12.192,,254.04,9.373,,478.06,17.639,,163.56,6.035,,1226.1,45.24,
EU (Ember),2024,,,,,,,,2773.21,,48.013,,1331.49,369.68,13.33,,307.07,11.073,,491.21,17.713,,163.53,5.897,,1331.49,48.013,
EU (Ember),2025,,,,,,,,2797.09,,47.727,,1334.98,326.37,11.668,,367.36,13.134,,478.8,17.118,,162.45,5.808,,1334.98,47.727,
EU28 (Shift),1900,,,,,,,,,,,,,,,,,,,,,,,,,,,
EU28 (Shift),1901,,,,,,,,,,,,,,,,,,,,,,,,,,,
EU28 (Shift),1902,,,,,,,,,,,,,,,,,,,,,,,,,,,
EU28 (Shift),1903,,,,,,,,,,,,,,,,,,,,,,,,,,,
EU28 (Shift),1904,,,,,,,,,,,,,,,,,,,,,,,,,,,
EU28 (Shift),1905,,,,,,,,,,,,,,,,,,,,,,,,,,,
EU28 (Shift),1906,,,,,,,,,,,,,,,,,,,,,,,,,,,
EU28 (Shift),1907,,,,,,,,,,,,,,,,,,,,,,,,,,,
EU28 (Shift),1908,,,,,,,,,,,,,,,,,,,,,,,,,,,
EU28 (Shift),1909,,,,,,,,,,,,,,,,,,,,,,,,,,,
EU28 (Shift),1910,,,,,,,,,,,,,,,,,,,,,,,,,,,
EU28 (Shift),1911,,,,,,,,,,,,,,,,,,,,,,,,,,,
EU28 (Shift),1912,,,,,,,,,,,,,,,,,,,,,,,,,,,
EU28 (Shift),1913,,,,,,,,,,,,,,,,,,,,,,,,,,,
EU28 (Shift),1914,,,,,,,,,,,,,,,,,,,,,,,,,,,
EU28 (Shift),1915,,,,,,,,,,,,,,,,,,,,,,,,,,,
EU28 (Shift),1916,,,,,,,,,,,,,,,,,,,,,,,,,,,
EU28 (Shift),1917,,,,,,,,,,,,,,,,,,,,,,,,,,,
EU28 (Shift),1918,,,,,,,,,,,,,,,,,,,,,,,,,,,
EU28 (Shift),1919,,,,,,,,,,,,,,,,,,,,,,,,,,,
EU28 (Shift),1920,,,,,,,,,,,,,,,,,,,,,,,,,,,
EU28 (Shift),1921,,,,,,,,,,,,,,,,,,,,,,,,,,,
EU28 (Shift),1922,,,,,,,,,,,,,,,,,,,,,,,,,,,
EU28 (Shift),1923,,,,,,,,,,,,,,,,,,,,,,,,,,,
EU28 (Shift),1924,,,,,,,,,,,,,,,,,,,,,,,,,,,
EU28 (Shift),1925,,,,,,,,,,,,,,,,,,,,,,,,,,,
EU28 (Shift),1926,,,,,,,,,,,,,,,,,,,,,,,,,,,
EU28 (Shift),1927,,,,,,,,,,,,,,,,,,,,,,,,,,,
EU28 (Shift),1928,,,,,,,,,,,,,,,,,,,,,,,,,,,
EU28 (Shift),1929,,,,,,,,,,,,,,,,,,,,,,,,,,,
EU28 (Shift),1930,,,,,,,,,,,,,,,,,,,,,,,,,,,
EU28 (Shift),1931,,,,,,,,,,,,,,,,,,,,,,,,,,,
EU28 (Shift),1932,,,,,,,,,,,,,,,,,,,,,,,,,,,
EU28 (Shift),1933,,,,,,,,,,,,,,,,,,,,,,,,,,,
EU28 (Shift),1934,,,,,,,,,,,,,,,,,,,,,,,,,,,
EU28 (Shift),1935,,,,,,,,,,,,,,,,,,,,,,,,,,,
EU28 (Shift),1936,,,,,,,,,,,,,,,,,,,,,,,,,,,
EU28 (Shift),1937,,,,,,,,,,,,,,,,,,,,,,,,,,,
EU28 (Shift),1938,,,,,,,,,,,,,,,,,,,,,,,,,,,
EU28 (Shift),1939,,,,,,,,,,,,,,,,,,,,,,,,,,,
EU28 (Shift),1940,,,,,,,,,,,,,,,,,,,,,,,,,,,
EU28 (Shift),1941,,,,,,,,,,,,,,,,,,,,,,,,,,,
EU28 (Shift),1942,,,,,,,,,,,,,,,,,,,,,,,,,,,
EU28 (Shift),1943,,,,,,,,,,,,,,,,,,,,,,,,,,,
EU28 (Shift),1944,,,,,,,,,,,,,,,,,,,,,,,,,,,
EU28 (Shift),1945,,,,,,,,,,,,,,,,,,,,,,,,,,,
EU28 (Shift),1946,,,,,,,,,,,,,,,,,,,,,,,,,,,
EU28 (Shift),1947,,,,,,,,,,,,,,,,,,,,,,,,,,,
EU28 (Shift),1948,,,,,,,,,,,,,,,,,,,,,,,,,,,
EU28 (Shift),1949,,,,,,,,,,,,,,,,,,,,,,,,,,,
EU28 (Shift),1950,,,,,,,,,,,,,,,,,,,,,,,,,,,
EU28 (Shift),1951,,,,,,,,,,,,,,,,,,,,,,,,,,,
EU28 (Shift),1952,,,,,,,,,,,,,,,,,,,,,,,,,,,
EU28 (Shift),1953,,,,,,,,,,,,,,,,,,,,,,,,,,,
EU28 (Shift),1954,,,,,,,,,,,,,,,,,,,,,,,,,,,
EU28 (Shift),1955,,,,,,,,,,,,,,,,,,,,,,,,,,,
EU28 (Shift),1956,,,,,,,,,,,,,,,,,,,,,,,,,,,
EU28 (Shift),1957,,,,,,,,,,,,,,,,,,,,,,,,,,,
EU28 (Shift),1958,,,,,,,,,,,,,,,,,,,,,,,,,,,
EU28 (Shift),1959,,,,,,,,,,,,,,,,,,,,,,,,,,,
EU28 (Shift),1960,,,,,,,,,,,,,,,,,,,,,,,,,,,
EU28 (Shift),1961,,,,,,,,,,,,,,,,,,,,,,,,,,,
EU28 (Shift),1962,,,,,,,,,,,,,,,,,,,,,,,,,,,
EU28 (Shift),1963,,,,,,,,,,,,,,,,,,,,,,,,,,,
EU28 (Shift),1964,,,,,,,,,,,,,,,,,,,,,,,,,,,
EU28 (Shift),1965,,,,,,,,,,,,,,,,,,,,,,,,,,,
EU28 (Shift),1966,,,,,,,,,,,,,,,,,,,,,,,,,,,
EU28 (Shift),1967,,,,,,,,,,,,,,,,,,,,,,,,,,,
EU28 (Shift),1968,,,,,,,,,,,,,,,,,,,,,,,,,,,
EU28 (Shift),1969,,,,,,,,,,,,,,,,,,,,,,,,,,,
EU28 (Shift),1970,,,,,,,,,,,,,,,,,,,,,,,,,,,
EU28 (Shift),1971,,,,,,,,,,,,,,,,,,,,,,,,,,,
EU28 (Shift),1972,,,,,,,,,,,,,,,,,,,,,,,,,,,
EU28 (Shift),1973,,,,,,,,,,,,,,,,,,,,,,,,,,,
EU28 (Shift),1974,,,,,,,,,,,,,,,,,,,,,,,,,,,
EU28 (Shift),1975,,,,,,,,,,,,,,,,,,,,,,,,,,,
EU28 (Shift),1976,,,,,,,,,,,,,,,,,,,,,,,,,,,
EU28 (Shift),1977,,,,,,,,,,,,,,,,,,,,,,,,,,,
EU28 (Shift),1978,,,,,,,,,,,,,,,,,,,,,,,,,,,
EU28 (Shift),1979,,,,,,,,,,,,,,,,,,,,,,,,,,,
EU28 (Shift),1980,,,,,,,,,,,,,,,,,,,,,,,,,,,
EU28 (Shift),1981,,,,,,,,,,,,,,,,,,,,,,,,,,,
EU28 (Shift),1982,,,,,,,,,,,,,,,,,,,,,,,,,,,
EU28 (Shift),1983,,,,,,,,,,,,,,,,,,,,,,,,,,,
EU28 (Shift),1984,,,,,,,,,,,,,,,,,,,,,,,,,,,
EU28 (Shift),1985,,,,,,,,,,,,,,,,,,,,,,,,,,,
EU28 (Shift),1986,,,,,,,,,,,,,,,,,,,,,,,,,,,
EU28 (Shift),1987,,,,,,,,,,,,,,,,,,,,,,,,,,,
EU28 (Shift),1988,,,,,,,,,,,,,,,,,,,,,,,,,,,
EU28 (Shift),1989,,,,,,,,,,,,,,,,,,,,,,,,,,,
EU28 (Shift),1990,,,,,,,,,,,,,,,,,,,,,,,,,,,
EU28 (Shift),1991,,,,,,,,,,,,,,,,,,,,,,,,,,,
EU28 (Shift),1992,,,,,,,,,,,,,,,,,,,,,,,,,,,
EU28 (Shift),1993,,,,,,,,,,,,,,,,,,,,,,,,,,,
EU28 (Shift),1994,,,,,,,,,,,,,,,,,,,,,,,,,,,
EU28 (Shift),1995,,,,,,,,,,,,,,,,,,,,,,,,,,,
EU28 (Shift),1996,,,,,,,,,,,,,,,,,,,,,,,,,,,
EU28 (Shift),1997,,,,,,,,,,,,,,,,,,,,,,,,,,,
EU28 (Shift),1998,,,,,,,,,,,,,,,,,,,,,,,,,,,
EU28 (Shift),1999,,,,,,,,,,,,,,,,,,,,,,,,,,,
EU28 (Shift),2000,,,,,,,,,,,,,,,,,,,,,,,,,,,
EU28 (Shift),2001,,,,,,,,,,,,,,,,,,,,,,,,,,,
EU28 (Shift),2002,,,,,,,,,,,,,,,,,,,,,,,,,,,
EU28 (Shift),2003,,,,,,,,,,,,,,,,,,,,,,,,,,,
EU28 (Shift),2004,,,,,,,,,,,,,,,,,,,,,,,,,,,
EU28 (Shift),2005,,,,,,,,,,,,,,,,,,,,,,,,,,,
EU28 (Shift),2006,,,,,,,,,,,,,,,,,,,,,,,,,,,
EU28 (Shift),2007,,,,,,,,,,,,,,,,,,,,,,,,,,,
EU28 (Shift),2008,,,,,,,,,,,,,,,,,,,,,,,,,,,
EU28 (Shift),2009,,,,,,,,,,,,,,,,,,,,,,,,,,,
EU28 (Shift),2010,,,,,,,,,,,,,,,,,,,,,,,,,,,
EU28 (Shift),2011,,,,,,,,,,,,,,,,,,,,,,,,,,,
EU28 (Shift),2012,,,,,,,,,,,,,,,,,,,,,,,,,,,
EU28 (Shift),2013,,,,,,,,,,,,,,,,,,,,,,,,,,,
EU28 (Shift),2014,,,,,,,,,,,,,,,,,,,,,,,,,,,
EU28 (Shift),2015,,,,,,,,,,,,,,,,,,,,,,,,,,,
EU28 (Shift),2016,,,,,,,,,,,,,,,,,,,,,,,,,,,
East Germany,1980,,,,1731.158,,,,,,,,,,,,,,,,,,,,,,,
East Germany,1981,,,,1741.721,,,,,,,,,,,,,,,,,,,,,,,
East Germany,1982,,,,1747.91,,,,,,,,,,,,,,,,,,,,,,,
East Germany,1983,,,,1731.504,,,,,,,,,,,,,,,,,,,,,,,
East Germany,1984,,,,1804.824,,,,,,,,,,,,,,,,,,,,,,,
East Germany,1985,,,,1809.898,,,,,,,,,,,,,,,,,,,,,,,
East Germany,1986,,,,1801.574,,,,,,,,,,,,,,,,,,,,,,,
East Germany,1987,,,,1748.369,,,,,,,,,,,,,,,,,,,,,,,
East Germany,1988,,,,1719.71,,,,,,,,,,,,,,,,,,,,,,,
East Germany,1989,,,,1681.882,,,,,,,,,,,,,,,,,,,,,,,
East Germany,1990,,16110000.0,,1523.846,94590.039,,,,,,,,,,,,,,,,,,,,,,
Eastern Africa (EI),1965,,,,108.129,,84.307,90.246,,15.693,,16.799,6.048,6.048,,15.693,0.0,,0.0,0.0,,0.0,0.0,,0.0,6.048,,15.693
Eastern Africa (EI),1966,,,,118.305,,82.986,97.11,,17.014,,19.91,7.168,7.168,,17.014,0.0,,0.0,0.0,,0.0,0.0,,0.0,7.168,,17.014
Eastern Africa (EI),1967,,,,122.935,,83.995,102.204,,16.005,,19.474,7.011,7.011,,16.005,0.0,,0.0,0.0,,0.0,0.0,,0.0,7.011,,16.005
Eastern Africa (EI),1968,,,,127.446,,84.151,106.162,,15.849,,19.994,7.198,7.198,,15.849,0.0,,0.0,0.0,,0.0,0.0,,0.0,7.198,,15.849
Eastern Africa (EI),1969,,,,136.997,,83.79,113.602,,16.21,,21.978,7.912,7.912,,16.21,0.0,,0.0,0.0,,0.0,0.0,,0.0,7.912,,16.21
Eastern Africa (EI),1970,,,,154.219,,79.302,120.686,,20.698,,31.5,11.34,11.34,,20.698,0.0,,0.0,0.0,,0.0,0.0,,0.0,11.34,,20.698
Eastern Africa (EI),1971,,,,153.893,,83.502,127.165,,16.498,,25.124,9.029,8.903,,16.239,0.0,,0.0,0.0,,0.0,0.126,,0.259,9.029,,16.498
Eastern Africa (EI),1972,,,,159.819,,80.584,127.208,,19.416,,30.65,11.018,10.891,,19.165,0.0,,0.0,0.0,,0.0,0.127,,0.251,11.018,,19.416
Eastern Africa (EI),1973,,,,170.627,,81.222,136.942,,18.778,,31.661,11.381,11.249,,18.534,0.0,,0.0,0.0,,0.0,0.132,,0.245,11.381,,18.778
Eastern Africa (EI),1974,,,,178.931,,77.287,136.308,,22.713,,40.057,14.404,14.268,,22.472,0.0,,0.0,0.0,,0.0,0.136,,0.241,14.404,,22.713
Eastern Africa (EI),1975,,,,175.767,,75.377,130.43,,24.623,,42.606,15.322,15.189,,24.383,0.0,,0.0,0.0,,0.0,0.133,,0.24,15.322,,24.623
Eastern Africa (EI),1976,,,,187.763,,74.579,137.786,,25.421,,46.967,16.89,16.744,,25.174,0.0,,0.0,0.0,,0.0,0.146,,0.247,16.89,,25.421
Eastern Africa (EI),1977,,,,188.959,,71.163,132.026,,28.837,,53.501,19.242,19.093,,28.586,0.0,,0.0,0.0,,0.0,0.149,,0.251,19.242,,28.837
Eastern Africa (EI),1978,,,,185.072,,71.865,130.645,,28.135,,51.148,18.394,18.239,,27.869,0.0,,0.0,0.0,,0.0,0.155,,0.266,18.394,,28.135
Eastern Africa (EI),1979,,,,191.043,,70.433,132.054,,29.567,,55.434,19.936,19.775,,29.298,0.0,,0.0,0.0,,0.0,0.161,,0.268,19.936,,29.567
Eastern Africa (EI),1980,,,,192.199,,73.146,138.208,,26.854,,50.74,18.246,18.079,,26.578,0.0,,0.0,0.0,,0.0,0.167,,0.276,18.246,,26.854
Eastern Africa (EI),1981,,,,191.063,,71.762,134.674,,28.238,,52.994,19.056,18.879,,27.943,0.0,,0.0,0.0,,0.0,0.177,,0.295,19.056,,28.238
Eastern Africa (EI),1982,,,,189.204,,70.389,130.699,,29.611,,54.983,19.77,19.575,,29.283,0.0,,0.0,0.0,,0.0,0.195,,0.328,19.77,,29.611
Eastern Africa (EI),1983,,,,190.772,,70.941,132.863,,29.059,,54.423,19.569,19.38,,28.743,0.0,,0.0,0.0,,0.0,0.189,,0.315,19.569,,29.059
Eastern Africa (EI),1984,,,,183.832,,70.591,127.37,,29.409,,53.064,19.079,18.887,,29.077,0.0,,0.0,0.0,,0.0,0.192,,0.333,19.079,,29.409
Eastern Africa (EI),1985,,,,193.434,,70.821,134.481,24.101,29.179,82.648,55.408,19.919,19.692,81.706,28.806,0.0,0.0,0.0,0.0,0.0,0.0,0.227,0.942,0.374,19.919,82.648,29.179
Eastern Africa (EI),1986,,,,195.609,,71.778,138.045,24.675,28.222,78.874,54.276,19.462,18.845,76.374,27.219,0.0,0.0,0.0,0.0,0.0,0.0,0.617,2.5,1.003,19.462,78.874,28.222
Eastern Africa (EI),1987,,,,199.124,,75.771,148.714,24.88,24.229,68.496,47.552,17.042,16.427,66.024,23.249,0.0,0.0,0.0,0.0,0.0,0.0,0.615,2.472,0.979,17.042,68.496,24.229
Eastern Africa (EI),1988,,,,216.732,,74.919,159.931,27.228,25.081,70.522,53.54,19.201,18.618,68.381,24.227,0.0,0.0,0.0,0.0,0.0,0.0,0.583,2.141,0.853,19.201,70.522,25.081
Eastern Africa (EI),1989,,,,215.982,,75.63,160.96,26.429,24.37,70.379,51.867,18.6,18.026,68.207,23.527,0.0,0.0,0.0,0.0,0.0,0.0,0.574,2.172,0.843,18.6,70.379,24.37
Eastern Africa (EI),1990,,,,245.433,,74.547,180.161,29.951,25.453,73.64,61.514,22.056,21.346,71.267,24.534,0.0,0.0,0.0,0.0,0.0,0.0,0.711,2.373,0.919,22.056,73.64,25.453
Eastern Africa (EI),1991,,,,233.877,,72.776,167.411,31.358,27.224,71.613,62.626,22.456,21.743,69.337,26.255,0.0,0.0,0.0,0.0,0.0,0.0,0.714,2.276,0.97,22.456,71.613,27.224
Eastern Africa (EI),1992,,,,227.74,,74.695,167.52,28.714,25.305,70.842,56.751,20.342,19.633,68.374,24.317,0.0,0.0,0.0,0.0,0.0,0.0,0.709,2.468,0.988,20.342,70.842,25.305
Eastern Africa (EI),1993,,,,246.458,,75.601,183.581,30.263,24.399,70.185,59.246,21.24,20.533,67.847,23.488,0.0,0.0,0.0,0.0,0.0,0.0,0.708,2.338,0.911,21.24,70.185,24.399
Eastern Africa (EI),1994,,,,246.125,,75.55,183.188,30.695,24.45,69.288,59.285,21.268,20.672,67.348,23.682,0.0,0.0,0.0,0.0,0.0,0.0,0.596,1.941,0.768,21.268,69.288,24.45
Eastern Africa (EI),1995,,,,246.899,,75.251,183.049,31.666,24.749,68.153,60.204,21.581,20.843,65.823,23.802,0.0,0.0,0.0,0.0,0.0,0.0,0.738,2.33,0.948,21.581,68.153,24.749
Eastern Africa (EI),1996,,,,246.09,,75.102,182.09,31.401,24.898,68.849,60.366,21.619,20.717,65.977,23.735,0.0,0.0,0.0,0.0,0.0,0.0,0.902,2.872,1.162,21.619,68.849,24.898
Eastern Africa (EI),1997,,,,261.017,,75.344,193.77,33.415,24.656,67.971,63.409,22.712,21.792,65.218,23.538,0.0,0.0,0.0,0.0,0.0,0.0,0.92,2.753,1.118,22.712,67.971,24.656
Eastern Africa (EI),1998,,,,275.902,,70.102,189.962,38.8,29.898,74.797,81.016,29.021,27.865,71.817,28.564,0.0,0.0,0.0,0.0,0.0,0.0,1.156,2.98,1.333,29.021,74.797,29.898
Eastern Africa (EI),1999,,,,282.783,,69.324,192.434,41.017,30.676,74.387,85.153,30.512,29.366,71.594,29.386,0.0,0.0,0.0,0.0,0.0,0.0,1.146,2.794,1.29,30.512,74.387,30.676
Eastern Africa (EI),2000,,,,284.077,,67.556,188.212,43.691,32.444,74.049,90.388,32.353,30.86,70.632,30.769,0.0,0.0,0.0,0.0,0.0,0.0,1.493,3.417,1.675,32.353,74.049,32.444
Eastern Africa (EI),2001,,,,314.128,,67.029,206.497,48.794,32.971,74.926,101.572,36.56,34.963,71.655,31.352,0.0,0.0,0.0,0.0,0.0,0.0,1.596,3.271,1.619,36.56,74.926,32.971
Eastern Africa (EI),2002,,,,319.167,,65.169,203.593,51.388,34.831,76.879,108.817,39.507,38.004,73.955,33.329,0.0,0.001,0.0,0.0,0.001,0.0,1.502,2.922,1.502,39.507,76.879,34.831
Eastern Africa (EI),2003,,,,316.235,,64.303,199.144,51.349,35.697,78.469,110.555,40.293,38.385,74.753,33.772,0.0,0.001,0.0,0.0,0.001,0.0,1.907,3.714,1.925,40.293,78.469,35.697
Eastern Africa (EI),2004,,,,336.139,,65.891,217.259,55.226,34.109,74.535,112.467,41.163,38.958,70.542,32.019,0.001,0.001,0.001,0.001,0.002,0.001,2.204,3.99,2.089,41.163,74.535,34.109
Eastern Africa (EI),2005,,,,351.614,,66.613,229.718,58.379,33.387,72.754,115.136,42.473,40.269,68.978,31.39,0.001,0.002,0.001,0.001,0.002,0.001,2.201,3.771,1.995,42.473,72.754,33.387
Eastern Africa (EI),2006,,,,364.676,,66.123,236.519,60.444,33.877,74.322,121.176,44.924,42.565,70.421,31.818,0.005,0.008,0.004,0.005,0.008,0.004,2.348,3.885,2.052,44.924,74.322,33.877
Eastern Africa (EI),2007,,,,384.398,,65.384,246.448,64.157,34.616,75.852,130.474,48.664,46.393,72.312,32.735,0.01,0.015,0.007,0.011,0.017,0.008,2.25,3.508,1.866,48.664,75.852,34.616
Eastern Africa (EI),2008,,,,381.35,,65.679,245.537,65.112,34.321,74.015,128.308,48.193,45.794,70.331,32.321,0.019,0.028,0.013,0.016,0.025,0.011,2.364,3.631,1.976,48.193,74.015,34.321
Eastern Africa (EI),2009,,,,405.759,,66.139,263.344,68.86,33.861,73.83,134.822,50.839,48.026,69.744,31.658,0.033,0.048,0.022,0.027,0.039,0.018,2.754,3.999,2.161,50.839,73.83,33.861
Eastern Africa (EI),2010,,,,443.993,,65.454,284.913,74.174,34.546,77.022,150.376,57.13,53.983,72.779,32.296,0.097,0.131,0.058,0.038,0.052,0.023,3.012,4.061,2.163,57.13,77.022,34.546
Eastern Africa (EI),2011,,,,462.466,,66.007,299.455,78.356,33.993,75.151,154.219,58.885,55.623,70.987,31.763,0.177,0.226,0.101,0.034,0.044,0.02,3.051,3.893,2.101,58.885,75.151,33.993
Eastern Africa (EI),2012,,,,484.856,,66.307,315.567,81.857,33.693,75.114,160.349,61.486,57.748,70.547,31.273,0.246,0.3,0.133,0.154,0.189,0.084,3.338,4.078,2.192,61.486,75.114,33.693
Eastern Africa (EI),2013,,,,526.884,,67.108,347.113,86.994,32.892,75.529,170.132,65.706,61.474,70.665,30.396,0.307,0.353,0.152,0.315,0.362,0.156,3.61,4.149,2.181,65.706,75.529,32.892
Eastern Africa (EI),2014,,,,577.385,,67.55,383.577,93.577,32.45,76.183,184.265,71.289,65.717,70.228,29.448,0.402,0.43,0.18,0.442,0.472,0.198,4.729,5.053,2.602,71.289,76.183,32.45
Eastern Africa (EI),2015,,,,598.552,,68.197,402.491,98.672,31.803,73.564,187.696,72.587,65.01,65.885,27.886,0.456,0.463,0.196,0.778,0.788,0.334,6.343,6.429,3.359,72.587,73.564,31.803
Eastern Africa (EI),2016,,,,591.917,,69.47,405.66,97.152,30.53,71.355,178.277,69.322,61.473,63.275,26.451,0.52,0.535,0.224,0.89,0.916,0.383,6.439,6.628,3.446,69.322,71.355,30.53
Eastern Africa (EI),2017,,,,631.392,,70.326,438.39,103.542,29.674,69.856,184.977,72.33,64.509,62.302,25.871,0.613,0.592,0.246,0.791,0.764,0.317,6.418,6.198,3.217,72.33,69.856,29.674
Eastern Africa (EI),2018,,,,667.089,,70.184,462.545,108.758,29.816,70.876,196.5,77.083,68.397,62.89,25.817,0.679,0.625,0.256,0.862,0.793,0.325,7.144,6.569,3.387,77.083,70.876,29.816
Eastern Africa (EI),2019,,,,685.733,,70.427,476.921,110.869,29.573,71.211,200.262,78.951,68.49,61.776,25.035,1.075,0.97,0.393,2.222,2.004,0.812,7.164,6.462,3.306,78.951,71.211,29.573
Eastern Africa (EI),2020,,,,653.301,,67.263,433.305,110.858,32.737,75.338,210.889,83.518,73.491,66.293,28.169,1.183,1.067,0.454,1.978,1.784,0.758,6.866,6.193,3.331,83.518,75.338,32.737
Eastern Africa (EI),2021,,,,702.727,,68.07,471.883,117.221,31.93,75.052,221.348,87.978,77.144,65.811,27.409,1.375,1.173,0.488,2.659,2.269,0.945,6.799,5.8,3.065,87.978,75.052,31.93
Eastern Africa (EI),2022,,,,737.595,,67.993,495.038,123.355,32.007,75.239,233.037,92.811,80.938,65.614,27.314,1.76,1.427,0.594,2.823,2.288,0.953,7.291,5.911,3.129,92.811,75.239,32.007
Eastern Africa (EI),2023,,,,761.874,,68.438,514.53,126.976,31.562,74.707,237.285,94.86,81.542,64.218,26.454,1.959,1.543,0.636,2.923,2.302,0.948,8.436,6.644,3.506,94.86,74.707,31.562
Eastern Africa (EI),2024,,,,772.648,,68.128,519.738,129.125,31.872,75.088,243.146,96.958,82.436,63.842,26.356,2.046,1.585,0.654,2.96,2.292,0.946,9.516,7.37,3.898,96.958,75.088,31.872
Eastern Europe and Eurasia (EIA),1980,,,,15280.103,,,,,,,,,,,,,,,,,,,,,,,
Eastern Europe and Eurasia (EIA),1981,,,,15161.397,,,,,,,,,,,,,,,,,,,,,,,
Eastern Europe and Eurasia (EIA),1982,,,,15698.252,,,,,,,,,,,,,,,,,,,,,,,
Eastern Europe and Eurasia (EIA),1983,,,,16046.563,,,,,,,,,,,,,,,,,,,,,,,
Eastern Europe and Eurasia (EIA),1984,,,,16893.301,,,,,,,,,,,,,,,,,,,,,,,
Eastern Europe and Eurasia (EIA),1985,,,,17514.357,,,,,,,,,,,,,,,,,,,,,,,
Eastern Europe and Eurasia (EIA),1986,,,,17858.854,,,,,,,,,,,,,,,,,,,,,,,
Eastern Europe and Eurasia (EIA),1987,,,,18468.465,,,,,,,,,,,,,,,,,,,,,,,
Eastern Europe and Eurasia (EIA),1988,,,,19002.211,,,,,,,,,,,,,,,,,,,,,,,
Eastern Europe and Eurasia (EIA),1989,,,,18991.42,,,,,,,,,,,,,,,,,,,,,,,
Eastern Europe and Eurasia (EIA),1990,,,,18775.822,,,,,,,,,,,,,,,,,,,,,,,
Eastern Europe and Eurasia (EIA),1991,,,,18405.229,,,,,,,,,,,,,,,,,,,,,,,
Eastern Europe and Eurasia (EIA),1992,,,,5791.962,,,,,,,,,,,,,,,,,,,,,,,
Eastern Europe and Eurasia (EIA),1993,,,,5330.841,,,,,,,,,,,,,,,,,,,,,,,
Eastern Europe and Eurasia (EIA),1994,,,,4573.749,,,,,,,,,,,,,,,,,,,,,,,
Eastern Europe and Eurasia (EIA),1995,,,,4283.112,,,,,,,,,,,,,,,,,,,,,,,
Eastern Europe and Eurasia (EIA),1996,,,,4104.516,,,,,,,,,,,,,,,,,,,,,,,
Eastern Europe and Eurasia (EIA),1997,,,,4011.808,,,,,,,,,,,,,,,,,,,,,,,
Eastern Europe and Eurasia (EIA),1998,,,,3860.362,,,,,,,,,,,,,,,,,,,,,,,
Eastern Europe and Eurasia (EIA),1999,,,,3806.754,,,,,,,,,,,,,,,,,,,,,,,
Eastern Europe and Eurasia (EIA),2000,,,,3878.409,,,,,,,,,,,,,,,,,,,,,,,
Eastern Europe and Eurasia (EIA),2001,,,,3858.207,,,,,,,,,,,,,,,,,,,,,,,
Eastern Europe and Eurasia (EIA),2002,,,,4034.286,,,,,,,,,,,,,,,,,,,,,,,
Eastern Europe and Eurasia (EIA),2003,,,,4248.747,,,,,,,,,,,,,,,,,,,,,,,
Eastern Europe and Eurasia (EIA),2004,,,,4216.447,,,,,,,,,,,,,,,,,,,,,,,
Eastern Europe and Eurasia (EIA),2005,,,,4226.406,,,,,,,,,,,,,,,,,,,,,,,
Eastern Europe and Eurasia (EIA),2006,,,,4072.402,,,,,,,,,,,,,,,,,,,,,,,
Eastern Europe and Eurasia (EIA),2007,,,,4268.217,,,,,,,,,,,,,,,,,,,,,,,
Eastern Europe and Eurasia (EIA),2008,,,,4356.322,,,,,,,,,,,,,,,,,,,,,,,
Eastern Europe and Eurasia (EIA),2009,,,,3670.764,,,,,,,,,,,,,,,,,,,,,,,
Eastern Europe and Eurasia (EIA),2010,,,,3931.483,,,,,,,,,,,,,,,,,,,,,,,
Eastern Europe and Eurasia (EIA),2011,,,,4278.418,,,,,,,,,,,,,,,,,,,,,,,
Eastern Europe and Eurasia (EIA),2012,,,,4223.635,,,,,,,,,,,,,,,,,,,,,,,
Eastern Europe and Eurasia (EIA),2013,,,,4078.954,,,,,,,,,,,,,,,,,,,,,,,
Eastern Europe and Eurasia (EIA),2014,,,,3958.29,,,,,,,,,,,,,,,,,,,,,,,
Eastern Europe and Eurasia (EIA),2015,,,,3832.397,,,,,,,,,,,,,,,,,,,,,,,
Eastern Europe and Eurasia (EIA),2016,,,,3749.627,,,,,,,,,,,,,,,,,,,,,,,
Eastern Europe and Eurasia (EIA),2017,,,,3728.466,,,,,,,,,,,,,,,,,,,,,,,
Eastern Europe and Eurasia (EIA),2018,,,,3755.869,,,,,,,,,,,,,,,,,,,,,,,
Eastern Europe and Eurasia (EIA),2019,,,,3708.807,,,,,,,,,,,,,,,,,,,,,,,
Eastern Europe and Eurasia (EIA),2020,,,,3660.728,,,,,,,,,,,,,,,,,,,,,,,
Eastern Europe and Eurasia (EIA),2021,,,,3744.972,,,,,,,,,,,,,,,,,,,,,,,
Eastern Europe and Eurasia (EIA),2022,,,,3580.29,,,,,,,,,,,,,,,,,,,,,,,
Eastern Europe and Eurasia (EIA),2023,,,,3543.844,,,,,,,,,,,,,,,,,,,,,,,
Eurasia (EIA),1980,,,,14737.455,,,,,,,,,,,,,,,,,,,,,,,
Eurasia (EIA),1981,,,,14550.401,,,,,,,,,,,,,,,,,,,,,,,
Eurasia (EIA),1982,,,,15066.164,,,,,,,,,,,,,,,,,,,,,,,
Eurasia (EIA),1983,,,,15392.14,,,,,,,,,,,,,,,,,,,,,,,
Eurasia (EIA),1984,,,,16146.808,,,,,,,,,,,,,,,,,,,,,,,
Eurasia (EIA),1985,,,,16731.18,,,,,,,,,,,,,,,,,,,,,,,
Eurasia (EIA),1986,,,,17085.889,,,,,,,,,,,,,,,,,,,,,,,
Eurasia (EIA),1987,,,,17675.906,,,,,,,,,,,,,,,,,,,,,,,
Eurasia (EIA),1988,,,,18203.168,,,,,,,,,,,,,,,,,,,,,,,
Eurasia (EIA),1989,,,,18182.377,,,,,,,,,,,,,,,,,,,,,,,
Eurasia (EIA),1990,,,,17973.582,,,,,,,,,,,,,,,,,,,,,,,
Eurasia (EIA),1991,,,,17691.9,,,,,,,,,,,,,,,,,,,,,,,
Eurasia (EIA),1992,,,,15848.398,,,,,,,,,,,,,,,,,,,,,,,
Eurasia (EIA),1993,,,,14374.463,,,,,,,,,,,,,,,,,,,,,,,
Eurasia (EIA),1994,,,,12737.503,,,,,,,,,,,,,,,,,,,,,,,
Eurasia (EIA),1995,,,,12295.296,,,,,,,,,,,,,,,,,,,,,,,
Eurasia (EIA),1996,,,,11580.006,,,,,,,,,,,,,,,,,,,,,,,
Eurasia (EIA),1997,,,,11025.406,,,,,,,,,,,,,,,,,,,,,,,
Eurasia (EIA),1998,,,,10782.397,,,,,,,,,,,,,,,,,,,,,,,
Eurasia (EIA),1999,,,,10867.644,,,,,,,,,,,,,,,,,,,,,,,
Eurasia (EIA),2000,,,,11187.476,,,,,,,,,,,,,,,,,,,,,,,
Eurasia (EIA),2001,,,,11145.32,,,,,,,,,,,,,,,,,,,,,,,
Eurasia (EIA),2002,,,,11433.313,,,,,,,,,,,,,,,,,,,,,,,
Eurasia (EIA),2003,,,,11854.155,,,,,,,,,,,,,,,,,,,,,,,
Eurasia (EIA),2004,,,,11922.13,,,,,,,,,,,,,,,,,,,,,,,
Eurasia (EIA),2005,,,,11884.394,,,,,,,,,,,,,,,,,,,,,,,
Eurasia (EIA),2006,,,,12348.506,,,,,,,,,,,,,,,,,,,,,,,
Eurasia (EIA),2007,,,,12475.745,,,,,,,,,,,,,,,,,,,,,,,
Eurasia (EIA),2008,,,,12800.934,,,,,,,,,,,,,,,,,,,,,,,
Eurasia (EIA),2009,,,,11250.847,,,,,,,,,,,,,,,,,,,,,,,
Eurasia (EIA),2010,,,,12439.919,,,,,,,,,,,,,,,,,,,,,,,
Eurasia (EIA),2011,,,,13143.602,,,,,,,,,,,,,,,,,,,,,,,
Eurasia (EIA),2012,,,,13095.827,,,,,,,,,,,,,,,,,,,,,,,
Eurasia (EIA),2013,,,,12823.094,,,,,,,,,,,,,,,,,,,,,,,
Eurasia (EIA),2014,,,,12784.29,,,,,,,,,,,,,,,,,,,,,,,
Eurasia (EIA),2015,,,,12581.569,,,,,,,,,,,,,,,,,,,,,,,
Eurasia (EIA),2016,,,,12468.857,,,,,,,,,,,,,,,,,,,,,,,
Eurasia (EIA),2017,,,,12546.828,,,,,,,,,,,,,,,,,,,,,,,
Eurasia (EIA),2018,,,,12871.231,,,,,,,,,,,,,,,,,,,,,,,
Eurasia (EIA),2019,,,,12917.087,,,,,,,,,,,,,,,,,,,,,,,
Eurasia (EIA),2020,,,,12457.6,,,,,,,,,,,,,,,,,,,,,,,
Eurasia (EIA),2021,,,,13462.126,,,,,,,,,,,,,,,,,,,,,,,
Eurasia (EIA),2022,,,,13250.272,,,,,,,,,,,,,,,,,,,,,,,
Eurasia (EIA),2023,,,,13128.288,,,,,,,,,,,,,,,,,,,,,,,
Eurasia (Shift),1900,,,,,,,,,,,,,,,,,,,,,,,,,,,
Eurasia (Shift),1901,,,,,,,,,,,,,,,,,,,,,,,,,,,
Eurasia (Shift),1902,,,,,,,,,,,,,,,,,,,,,,,,,,,
Eurasia (Shift),1903,,,,,,,,,,,,,,,,,,,,,,,,,,,
Eurasia (Shift),1904,,,,,,,,,,,,,,,,,,,,,,,,,,,
Eurasia (Shift),1905,,,,,,,,,,,,,,,,,,,,,,,,,,,
Eurasia (Shift),1906,,,,,,,,,,,,,,,,,,,,,,,,,,,
Eurasia (Shift),1907,,,,,,,,,,,,,,,,,,,,,,,,,,,
Eurasia (Shift),1908,,,,,,,,,,,,,,,,,,,,,,,,,,,
Eurasia (Shift),1909,,,,,,,,,,,,,,,,,,,,,,,,,,,
Eurasia (Shift),1910,,,,,,,,,,,,,,,,,,,,,,,,,,,
Eurasia (Shift),1911,,,,,,,,,,,,,,,,,,,,,,,,,,,
Eurasia (Shift),1912,,,,,,,,,,,,,,,,,,,,,,,,,,,
Eurasia (Shift),1913,,,,,,,,,,,,,,,,,,,,,,,,,,,
Eurasia (Shift),1914,,,,,,,,,,,,,,,,,,,,,,,,,,,
Eurasia (Shift),1915,,,,,,,,,,,,,,,,,,,,,,,,,,,
Eurasia (Shift),1916,,,,,,,,,,,,,,,,,,,,,,,,,,,
Eurasia (Shift),1917,,,,,,,,,,,,,,,,,,,,,,,,,,,
Eurasia (Shift),1918,,,,,,,,,,,,,,,,,,,,,,,,,,,
Eurasia (Shift),1919,,,,,,,,,,,,,,,,,,,,,,,,,,,
Eurasia (Shift),1920,,,,,,,,,,,,,,,,,,,,,,,,,,,
Eurasia (Shift),1921,,,,,,,,,,,,,,,,,,,,,,,,,,,
Eurasia (Shift),1922,,,,,,,,,,,,,,,,,,,,,,,,,,,
Eurasia (Shift),1923,,,,,,,,,,,,,,,,,,,,,,,,,,,
Eurasia (Shift),1924,,,,,,,,,,,,,,,,,,,,,,,,,,,
Eurasia (Shift),1925,,,,,,,,,,,,,,,,,,,,,,,,,,,
Eurasia (Shift),1926,,,,,,,,,,,,,,,,,,,,,,,,,,,
Eurasia (Shift),1927,,,,,,,,,,,,,,,,,,,,,,,,,,,
Eurasia (Shift),1928,,,,,,,,,,,,,,,,,,,,,,,,,,,
Eurasia (Shift),1929,,,,,,,,,,,,,,,,,,,,,,,,,,,
Eurasia (Shift),1930,,,,,,,,,,,,,,,,,,,,,,,,,,,
Eurasia (Shift),1931,,,,,,,,,,,,,,,,,,,,,,,,,,,
Eurasia (Shift),1932,,,,,,,,,,,,,,,,,,,,,,,,,,,
Eurasia (Shift),1933,,,,,,,,,,,,,,,,,,,,,,,,,,,
Eurasia (Shift),1934,,,,,,,,,,,,,,,,,,,,,,,,,,,
Eurasia (Shift),1935,,,,,,,,,,,,,,,,,,,,,,,,,,,
Eurasia (Shift),1936,,,,,,,,,,,,,,,,,,,,,,,,,,,
Eurasia (Shift),1937,,,,,,,,,,,,,,,,,,,,,,,,,,,
Eurasia (Shift),1938,,,,,,,,,,,,,,,,,,,,,,,,,,,
Eurasia (Shift),1939,,,,,,,,,,,,,,,,,,,,,,,,,,,
Eurasia (Shift),1940,,,,,,,,,,,,,,,,,,,,,,,,,,,
Eurasia (Shift),1941,,,,,,,,,,,,,,,,,,,,,,,,,,,
Eurasia (Shift),1942,,,,,,,,,,,,,,,,,,,,,,,,,,,
Eurasia (Shift),1943,,,,,,,,,,,,,,,,,,,,,,,,,,,
Eurasia (Shift),1944,,,,,,,,,,,,,,,,,,,,,,,,,,,
Eurasia (Shift),1945,,,,,,,,,,,,,,,,,,,,,,,,,,,
Eurasia (Shift),1946,,,,,,,,,,,,,,,,,,,,,,,,,,,
Eurasia (Shift),1947,,,,,,,,,,,,,,,,,,,,,,,,,,,
Eurasia (Shift),1948,,,,,,,,,,,,,,,,,,,,,,,,,,,
Eurasia (Shift),1949,,,,,,,,,,,,,,,,,,,,,,,,,,,
Eurasia (Shift),1950,,,,,,,,,,,,,,,,,,,,,,,,,,,
Eurasia (Shift),1951,,,,,,,,,,,,,,,,,,,,,,,,,,,
Eurasia (Shift),1952,,,,,,,,,,,,,,,,,,,,,,,,,,,
Eurasia (Shift),1953,,,,,,,,,,,,,,,,,,,,,,,,,,,
Eurasia (Shift),1954,,,,,,,,,,,,,,,,,,,,,,,,,,,
Eurasia (Shift),1955,,,,,,,,,,,,,,,,,,,,,,,,,,,
Eurasia (Shift),1956,,,,,,,,,,,,,,,,,,,,,,,,,,,
Eurasia (Shift),1957,,,,,,,,,,,,,,,,,,,,,,,,,,,
Eurasia (Shift),1958,,,,,,,,,,,,,,,,,,,,,,,,,,,
Eurasia (Shift),1959,,,,,,,,,,,,,,,,,,,,,,,,,,,
Eurasia (Shift),1960,,,,,,,,,,,,,,,,,,,,,,,,,,,
Eurasia (Shift),1961,,,,,,,,,,,,,,,,,,,,,,,,,,,
Eurasia (Shift),1962,,,,,,,,,,,,,,,,,,,,,,,,,,,
Eurasia (Shift),1963,,,,,,,,,,,,,,,,,,,,,,,,,,,
Eurasia (Shift),1964,,,,,,,,,,,,,,,,,,,,,,,,,,,
Eurasia (Shift),1965,,,,,,,,,,,,,,,,,,,,,,,,,,,
Eurasia (Shift),1966,,,,,,,,,,,,,,,,,,,,,,,,,,,
Eurasia (Shift),1967,,,,,,,,,,,,,,,,,,,,,,,,,,,
Eurasia (Shift),1968,,,,,,,,,,,,,,,,,,,,,,,,,,,
Eurasia (Shift),1969,,,,,,,,,,,,,,,,,,,,,,,,,,,
Eurasia (Shift),1970,,,,,,,,,,,,,,,,,,,,,,,,,,,
Eurasia (Shift),1971,,,,,,,,,,,,,,,,,,,,,,,,,,,
Eurasia (Shift),1972,,,,,,,,,,,,,,,,,,,,,,,,,,,
Eurasia (Shift),1973,,,,,,,,,,,,,,,,,,,,,,,,,,,
Eurasia (Shift),1974,,,,,,,,,,,,,,,,,,,,,,,,,,,
Eurasia (Shift),1975,,,,,,,,,,,,,,,,,,,,,,,,,,,
Eurasia (Shift),1976,,,,,,,,,,,,,,,,,,,,,,,,,,,
Eurasia (Shift),1977,,,,,,,,,,,,,,,,,,,,,,,,,,,
Eurasia (Shift),1978,,,,,,,,,,,,,,,,,,,,,,,,,,,
Eurasia (Shift),1979,,,,,,,,,,,,,,,,,,,,,,,,,,,
Eurasia (Shift),1980,,,,,,,,,,,,,,,,,,,,,,,,,,,
Eurasia (Shift),1981,,,,,,,,,,,,,,,,,,,,,,,,,,,
Eurasia (Shift),1982,,,,,,,,,,,,,,,,,,,,,,,,,,,
Eurasia (Shift),1983,,,,,,,,,,,,,,,,,,,,,,,,,,,
Eurasia (Shift),1984,,,,,,,,,,,,,,,,,,,,,,,,,,,
Eurasia (Shift),1985,,,,,,,,,,,,,,,,,,,,,,,,,,,
Eurasia (Shift),1986,,,,,,,,,,,,,,,,,,,,,,,,,,,
Eurasia (Shift),1987,,,,,,,,,,,,,,,,,,,,,,,,,,,
Eurasia (Shift),1988,,,,,,,,,,,,,,,,,,,,,,,,,,,
Eurasia (Shift),1989,,,,,,,,,,,,,,,,,,,,,,,,,,,
Eurasia (Shift),1990,,,,,,,,,,,,,,,,,,,,,,,,,,,
Eurasia (Shift),1991,,,,,,,,,,,,,,,,,,,,,,,,,,,
Eurasia (Shift),1992,,,,,,,,,,,,,,,,,,,,,,,,,,,
Eurasia (Shift),1993,,,,,,,,,,,,,,,,,,,,,,,,,,,
Eurasia (Shift),1994,,,,,,,,,,,,,,,,,,,,,,,,,,,
Eurasia (Shift),1995,,,,,,,,,,,,,,,,,,,,,,,,,,,
Eurasia (Shift),1996,,,,,,,,,,,,,,,,,,,,,,,,,,,
Eurasia (Shift),1997,,,,,,,,,,,,,,,,,,,,,,,,,,,
Eurasia (Shift),1998,,,,,,,,,,,,,,,,,,,,,,,,,,,
Eurasia (Shift),1999,,,,,,,,,,,,,,,,,,,,,,,,,,,
Eurasia (Shift),2000,,,,,,,,,,,,,,,,,,,,,,,,,,,
Eurasia (Shift),2001,,,,,,,,,,,,,,,,,,,,,,,,,,,
Eurasia (Shift),2002,,,,,,,,,,,,,,,,,,,,,,,,,,,
Eurasia (Shift),2003,,,,,,,,,,,,,,,,,,,,,,,,,,,
Eurasia (Shift),2004,,,,,,,,,,,,,,,,,,,,,,,,,,,
Eurasia (Shift),2005,,,,,,,,,,,,,,,,,,,,,,,,,,,
Eurasia (Shift),2006,,,,,,,,,,,,,,,,,,,,,,,,,,,
Eurasia (Shift),2007,,,,,,,,,,,,,,,,,,,,,,,,,,,
Eurasia (Shift),2008,,,,,,,,,,,,,,,,,,,,,,,,,,,
Eurasia (Shift),2009,,,,,,,,,,,,,,,,,,,,,,,,,,,
Eurasia (Shift),2010,,,,,,,,,,,,,,,,,,,,,,,,,,,
Eurasia (Shift),2011,,,,,,,,,,,,,,,,,,,,,,,,,,,
Eurasia (Shift),2012,,,,,,,,,,,,,,,,,,,,,,,,,,,
Eurasia (Shift),2013,,,,,,,,,,,,,,,,,,,,,,,,,,,
Eurasia (Shift),2014,,,,,,,,,,,,,,,,,,,,,,,,,,,
Eurasia (Shift),2015,,,,,,,,,,,,,,,,,,,,,,,,,,,
Eurasia (Shift),2016,,,,,,,,,,,,,,,,,,,,,,,,,,,
Europe,1900,,405874841.0,,,,,,,,,,,,,,,,,,,,,,,,,
Europe,1901,,409398987.0,,,,,,,,,,,,,,,,,,,,,,,,,
Europe,1902,,412988802.0,,,,,,,,,,,,,,,,,,,,,,,,,
Europe,1903,,416646271.0,,,,,,,,,,,,,,,,,,,,,,,,,
Europe,1904,,420341408.0,,,,,,,,,,,,,,,,,,,,,,,,,
Europe,1905,,424074645.0,,,,,,,,,,,,,,,,,,,,,,,,,
Europe,1906,,427845429.0,,,,,,,,,,,,,,,,,,,,,,,,,
Europe,1907,,431657194.0,,,,,,,,,,,,,,,,,,,,,,,,,
Europe,1908,,435507397.0,,,,,,,,,,,,,,,,,,,,,,,,,
Europe,1909,,438821305.0,,,,,,,,,,,,,,,,,,,,,,,,,
Europe,1910,,441597178.0,,,,,,,,,,,,,,,,,,,,,,,,,
Europe,1911,,443794845.0,,,,,,,,,,,,,,,,,,,,,,,,,
Europe,1912,,445470705.0,,,,,,,,,,,,,,,,,,,,,,,,,
Europe,1913,,446604755.0,,,,,,,,,,,,,,,,,,,,,,,,,
Europe,1914,,447762304.0,,,,,,,,,,,,,,,,,,,,,,,,,
Europe,1915,,448886334.0,,,,,,,,,,,,,,,,,,,,,,,,,
Europe,1916,,449968840.0,,,,,,,,,,,,,,,,,,,,,,,,,
Europe,1917,,451046822.0,,,,,,,,,,,,,,,,,,,,,,,,,
Europe,1918,,452130279.0,,,,,,,,,,,,,,,,,,,,,,,,,
Europe,1919,,453717155.0,,,,,,,,,,,,,,,,,,,,,,,,,
Europe,1920,,455905600.0,,,,,,,,,,,,,,,,,,,,,,,,,
Europe,1921,,458527868.0,,,,,,,,,,,,,,,,,,,,,,,,,
Europe,1922,,461705219.0,,,,,,,,,,,,,,,,,,,,,,,,,
Europe,1923,,465327032.0,,,,,,,,,,,,,,,,,,,,,,,,,
Europe,1924,,468981053.0,,,,,,,,,,,,,,,,,,,,,,,,,
Europe,1925,,472684702.0,,,,,,,,,,,,,,,,,,,,,,,,,
Europe,1926,,476407402.0,,,,,,,,,,,,,,,,,,,,,,,,,
Europe,1927,,480148599.0,,,,,,,,,,,,,,,,,,,,,,,,,
Europe,1928,,483928725.0,,,,,,,,,,,,,,,,,,,,,,,,,
Europe,1929,,487657013.0,,,,,,,,,,,,,,,,,,,,,,,,,
Europe,1930,,491337000.0,,,,,,,,,,,,,,,,,,,,,,,,,
Europe,1931,,494970217.0,,,,,,,,,,,,,,,,,,,,,,,,,
Europe,1932,,498545108.0,,,,,,,,,,,,,,,,,,,,,,,,,
Europe,1933,,502059107.0,,,,,,,,,,,,,,,,,,,,,,,,,
Europe,1934,,505598856.0,,,,,,,,,,,,,,,,,,,,,,,,,
Europe,1935,,509162668.0,,,,,,,,,,,,,,,,,,,,,,,,,
Europe,1936,,512751864.0,,,,,,,,,,,,,,,,,,,,,,,,,
Europe,1937,,516369757.0,,,,,,,,,,,,,,,,,,,,,,,,,
Europe,1938,,519992677.0,,,,,,,,,,,,,,,,,,,,,,,,,
Europe,1939,,523576813.0,,,,,,,,,,,,,,,,,,,,,,,,,
Europe,1940,,526706729.0,,,,,,,,,,,,,,,,,,,,,,,,,
Europe,1941,,529472974.0,,,,,,,,,,,,,,,,,,,,,,,,,
Europe,1942,,531916941.0,,,,,,,,,,,,,,,,,,,,,,,,,
Europe,1943,,534139002.0,,,,,,,,,,,,,,,,,,,,,,,,,
Europe,1944,,536489647.0,,,,,,,,,,,,,,,,,,,,,,,,,
Europe,1945,,538385925.0,,,,,,,,,,,,,,,,,,,,,,,,,
Europe,1946,,539563909.0,,,,,,,,,,,,,,,,,,,,,,,,,
Europe,1947,,541189671.0,,,,,,,,,,,,,,,,,,,,,,,,,
Europe,1948,,543672662.0,,,,,,,,,,,,,,,,,,,,,,,,,
Europe,1949,,546614350.0,,,,,,,,,,,,,,,,,,,,,,,,,
Europe,1950,,549374181.0,,,,,,,,,,,,,,,,,,,,,,,,,
Europe,1951,,554348783.0,,,,,,,,,,,,,,,,,,,,,,,,,
Europe,1952,,559311644.0,,,,,,,,,,,,,,,,,,,,,,,,,
Europe,1953,,564673451.0,,,,,,,,,,,,,,,,,,,,,,,,,
Europe,1954,,570282363.0,,,,,,,,,,,,,,,,,,,,,,,,,
Europe,1955,,575990558.0,,,,,,,,,,,,,,,,,,,,,,,,,
Europe,1956,,581712529.0,,,,,,,,,,,,,,,,,,,,,,,,,
Europe,1957,,587753658.0,,,,,,,,,,,,,,,,,,,,,,,,,
Europe,1958,,594196448.0,,,,,,,,,,,,,,,,,,,,,,,,,
Europe,1959,,600407992.0,,,,,,,,,,,,,,,,,,,,,,,,,
Europe,1960,,606417128.0,,,,,,,,,,,,,,,,,,,,,,,,,
Europe,1961,,612470905.0,,,,,,,,,,,,,,,,,,,,,,,,,
Europe,1962,,618430819.0,,,,,,,,,,,,,,,,,,,,,,,,,
Europe,1963,,624213769.0,,,,,,,,,,,,,,,,,,,,,,,,,
Europe,1964,,629781124.0,,,,,,,,,,,,,,,,,,,,,,,,,
Europe,1965,,635044327.0,,19275.359,30352.777,94.124,18077.93,,5.564,,1068.675,384.359,381.45,,5.517,0.0,,0.0,0.0,,0.0,2.909,,0.047,384.359,,5.564
Europe,1966,,640050494.0,,20075.539,31365.555,93.8,18760.377,,5.813,,1162.586,418.034,414.055,,5.751,0.0,,0.0,0.0,,0.0,3.979,,0.062,418.034,,5.813
Europe,1967,,644746163.0,,20821.686,32294.393,94.007,19503.377,,5.563,,1154.187,414.968,410.652,,5.498,0.0,,0.0,0.0,,0.0,4.316,,0.065,414.968,,5.563
Europe,1968,,649263031.0,,21968.814,33836.539,93.915,20557.053,,5.616,,1229.228,441.92,437.102,,5.547,0.0,,0.0,0.0,,0.0,4.818,,0.069,441.92,,5.616
Europe,1969,,653794042.0,,23343.67,35704.93,94.109,21891.875,,5.357,,1246.146,447.957,442.712,,5.286,0.0,,0.0,0.0,,0.0,5.245,,0.07,447.957,,5.357
Europe,1970,,657660067.0,,24729.529,37602.297,94.091,23187.244,,5.357,,1320.121,474.375,467.422,,5.269,0.0,,0.0,0.0,,0.0,6.952,,0.088,474.375,,5.357
Europe,1971,,661624408.0,,25571.016,38648.84,94.144,23990.965,,5.243,,1336.127,480.122,473.052,,5.156,0.0,,0.0,0.0,,0.0,7.07,,0.087,480.122,,5.243
Europe,1972,,666196726.0,,26802.838,40232.617,94.086,25132.326,,5.109,,1364.844,490.475,483.528,,5.028,0.0,,0.0,0.0,,0.0,6.948,,0.081,490.475,,5.109
Europe,1973,,670479946.0,,28269.135,42162.535,94.222,26548.406,,4.904,,1381.817,496.521,489.054,,4.821,0.0,,0.0,0.0,,0.0,7.466,,0.083,496.521,,4.904
Europe,1974,,674419030.0,,28582.908,42381.527,93.703,26688.764,,5.235,,1491.055,535.801,527.965,,5.149,0.0,,0.0,0.0,,0.0,7.835,,0.086,535.801,,5.235
Europe,1975,,677953491.0,,28919.295,42656.754,93.424,26921.377,,5.176,,1491.48,535.895,527.594,,5.086,0.0,,0.0,0.0,,0.0,8.301,,0.09,535.895,,5.176
Europe,1976,,681333404.0,,30327.705,44512.281,93.679,28316.691,,4.719,,1426.556,512.519,504.195,,4.633,0.0,,0.0,0.0,,0.0,8.325,,0.086,512.519,,4.719
Europe,1977,,684781638.0,,31172.619,45521.984,92.692,28784.404,,5.407,,1679.051,603.376,594.713,,5.32,0.0,,0.0,0.0,,0.0,8.662,,0.087,603.376,,5.407
Europe,1978,,688120618.0,,32403.145,47089.34,92.597,29889.352,,5.39,,1739.687,625.133,615.895,,5.3,0.0,,0.0,0.003,,0.0,9.235,,0.089,625.133,,5.39
Europe,1979,,691438258.0,,33512.375,48467.633,92.397,30843.93,,5.423,,1810.306,650.508,640.884,,5.333,0.0,,0.0,0.006,,0.0,9.618,,0.09,650.508,,5.423
Europe,1980,,694976561.0,,33296.148,47909.742,91.961,30497.734,,5.438,,1803.604,647.972,637.356,,5.338,0.0,,0.0,0.01,,0.0,10.605,,0.1,647.972,,5.438
Europe,1981,,698297493.0,,33056.219,47338.305,91.026,29962.865,,5.54,,1823.744,655.217,644.563,,5.439,0.0,,0.0,0.01,,0.0,10.644,,0.101,655.217,,5.54
Europe,1982,,701163007.0,,33006.098,47073.359,90.783,29837.732,,5.391,,1771.956,636.675,626.82,,5.298,0.0,,0.0,0.019,,0.0,9.836,,0.094,636.675,,5.391
Europe,1983,,704000872.0,,33467.973,47539.676,90.098,30021.225,,5.507,,1834.942,659.312,649.145,,5.412,0.0,,0.0,0.03,,0.0,10.137,,0.095,659.312,,5.507
Europe,1984,,706845163.0,,34504.152,48814.301,89.009,30568.842,,5.553,,1907.205,685.283,674.755,,5.458,0.001,,0.0,0.038,,0.0,10.488,,0.095,685.283,,5.553
Europe,1985,,709686996.0,,33413.355,47081.82,87.819,29199.531,3844.832,5.54,17.211,1842.166,661.739,650.158,16.91,5.432,0.001,0.0,0.0,0.057,0.001,0.0,11.523,0.3,0.108,661.739,17.211,5.54
Europe,1986,,712751187.0,,33999.641,47701.977,87.716,29678.676,3944.558,5.355,16.496,1811.777,650.677,638.044,16.175,5.238,0.001,0.0,0.0,0.134,0.003,0.001,12.499,0.317,0.115,650.677,16.496,5.355
Europe,1987,,715938696.0,,34772.836,48569.57,87.31,30208.646,4084.972,5.515,16.779,1908.195,685.404,672.846,16.471,5.402,0.0,0.0,0.0,0.191,0.005,0.002,12.367,0.303,0.112,685.404,16.779,5.515
Europe,1988,,719157222.0,,35176.734,48913.832,86.545,30284.656,4185.538,5.668,17.02,1983.348,712.36,698.868,16.697,5.548,0.001,0.0,0.0,0.33,0.008,0.003,13.162,0.314,0.118,712.36,17.02,5.668
Europe,1989,,722217653.0,,35108.652,48612.289,86.686,30282.738,4253.702,5.178,15.27,1809.006,649.541,635.407,14.938,5.052,0.009,0.0,0.0,0.515,0.012,0.004,13.61,0.32,0.122,649.541,15.27,5.178
Europe,1990,,724943715.0,,35388.609,48815.664,86.739,30542.664,4275.792,5.271,15.571,1855.973,665.782,646.041,15.109,5.096,0.012,0.0,0.0,0.779,0.018,0.006,18.949,0.443,0.168,665.782,15.571,5.271
Europe,1991,,727298534.0,,34862.18,47933.797,86.233,29907.305,4276.001,5.454,15.868,1891.6,678.533,657.993,15.388,5.27,0.016,0.0,0.0,0.979,0.023,0.008,19.545,0.457,0.176,678.533,15.868,5.454
Europe,1992,,728443297.0,,33621.973,46155.922,85.509,28592.711,4168.971,5.818,16.737,1945.539,697.76,675.539,16.204,5.612,0.025,0.001,0.0,1.535,0.037,0.013,20.661,0.496,0.193,697.76,16.737,5.818
Europe,1993,,728848398.0,,32455.352,44529.633,84.514,27269.859,4090.752,6.188,17.497,1996.613,715.77,690.672,16.884,5.946,0.032,0.001,0.0,2.291,0.056,0.02,22.774,0.557,0.221,715.77,17.497,6.188
Europe,1994,,729745970.0,,31162.068,42702.625,84.009,26019.814,4021.404,6.573,18.138,2035.924,729.407,702.392,17.466,6.299,0.035,0.001,0.0,2.988,0.074,0.027,23.993,0.597,0.242,729.407,18.138,6.573
Europe,1995,,730260103.0,,31142.174,42645.316,83.698,25904.695,4077.572,6.64,18.043,2055.034,735.704,705.493,17.302,6.332,0.045,0.001,0.0,3.873,0.095,0.035,26.293,0.645,0.265,735.704,18.043,6.64
Europe,1996,,730267162.0,,31390.426,42984.852,83.629,26094.342,4130.401,6.213,16.787,1938.616,693.353,661.943,16.026,5.893,0.048,0.001,0.0,4.84,0.117,0.043,26.523,0.642,0.266,693.353,16.787,6.213
Europe,1997,,730339959.0,,30845.057,42233.836,82.956,25427.262,4146.337,6.615,17.47,2027.672,724.347,685.616,16.535,6.213,0.057,0.001,0.001,7.306,0.176,0.066,31.368,0.757,0.32,724.347,17.47,6.615
Europe,1998,,729796180.0,,30945.451,42402.867,82.833,25469.172,4206.256,6.892,17.994,2118.999,756.856,710.295,16.887,6.417,0.067,0.002,0.001,11.179,0.266,0.101,35.315,0.84,0.359,756.856,17.994,6.892
Europe,1999,,729166727.0,,30874.371,42341.992,82.392,25271.494,4266.549,7.083,18.181,2172.621,775.717,724.1,16.972,6.558,0.08,0.002,0.001,14.235,0.334,0.129,37.302,0.874,0.38,775.717,18.181,7.083
Europe,2000,,729129967.0,,31106.082,42661.918,82.007,25337.355,4353.87,7.39,18.394,2283.261,800.83,736.73,16.921,6.751,0.06,0.001,0.001,,,0.202,41.78,0.96,0.414,800.83,18.394,7.39
Europe,2001,,729220001.0,,31522.994,43228.371,81.815,25620.334,4436.87,7.434,18.54,2327.942,822.58,751.43,16.936,6.721,0.18,0.004,0.002,,,0.237,44.21,0.996,0.448,822.58,18.54,7.434
Europe,2002,,730126161.0,,31359.562,42950.883,82.163,25595.719,4468.68,6.959,17.169,2167.971,767.22,680.61,15.231,6.09,0.29,0.006,0.003,,,0.32,49.9,1.117,0.512,767.22,17.169,6.959
Europe,2003,,731394229.0,,31873.656,43579.312,82.599,26165.545,4569.35,6.606,16.28,2092.751,743.87,640.29,14.013,5.597,0.42,0.009,0.004,,,0.386,58.3,1.276,0.576,743.87,16.28,6.606
Europe,2004,,732282324.0,,32301.49,44110.707,82.139,26366.09,4661.93,7.163,17.568,2299.41,818.99,689.12,14.782,5.915,0.7,0.015,0.006,59.79,1.283,0.504,69.38,1.488,0.676,818.99,17.568,7.163
Europe,2005,,733101021.0,,32389.35,44181.293,82.106,26418.465,4732.34,7.372,17.962,2372.121,850.0,697.48,14.739,5.888,1.51,0.032,0.013,71.57,1.512,0.598,79.44,1.679,0.772,850.0,17.962,7.372
Europe,2006,,733756870.0,,32830.316,44742.773,82.242,26829.895,4815.39,7.397,17.85,2413.033,859.57,683.45,14.193,5.665,2.55,0.053,0.021,83.68,1.738,0.686,89.89,1.867,0.862,859.57,17.85,7.397
Europe,2007,,734987444.0,,32589.941,44340.812,82.11,26591.953,4876.08,7.907,18.586,2560.645,906.27,696.28,14.28,5.788,3.87,0.079,0.032,106.21,2.178,0.872,99.91,2.049,0.965,906.27,18.586,7.907
Europe,2008,,736658822.0,,32504.768,44124.59,81.653,26361.98,4916.94,8.393,19.421,2709.826,954.91,715.56,14.553,5.924,7.57,0.154,0.062,121.39,2.469,0.992,110.39,2.245,1.068,954.91,19.421,8.393
Europe,2009,,738063440.0,,30545.234,41385.648,80.648,24461.199,4676.1,9.244,21.157,2803.845,989.34,719.45,15.386,6.3,14.29,0.306,0.124,134.93,2.886,1.165,120.67,2.581,1.243,989.34,21.157,9.244
Europe,2010,,739291483.0,,31746.008,42941.125,80.497,25364.779,4880.21,9.567,21.822,3014.545,1064.96,753.7,15.444,6.326,23.62,0.484,0.194,151.14,3.097,1.244,136.5,2.797,1.356,1064.96,21.822,9.567
Europe,2011,,740524016.0,,31343.117,42325.59,80.51,25053.898,4843.02,9.526,21.665,2964.277,1049.25,672.56,13.887,5.665,48.15,0.994,0.393,182.84,3.775,1.519,145.7,3.008,1.465,1049.25,21.665,9.526
Europe,2012,,741642607.0,,31273.518,42167.91,79.668,24728.031,4873.94,10.57,23.966,3280.945,1168.09,724.66,14.868,6.072,72.48,1.487,0.599,209.34,4.295,1.74,161.61,3.316,1.628,1168.09,23.966,10.57
Europe,2013,,742672989.0,,30951.607,41675.957,78.843,24199.508,4831.73,11.502,26.394,3530.365,1275.31,776.18,16.064,6.529,86.86,1.798,0.721,240.59,4.979,2.007,171.68,3.553,1.742,1275.31,26.394,11.502
Europe,2014,,743860819.0,,30080.322,40438.105,77.874,23225.455,4747.56,12.116,27.554,3613.561,1308.12,769.21,16.202,6.628,99.11,2.088,0.839,258.09,5.436,2.19,181.71,3.827,1.904,1308.12,27.554,12.116
Europe,2015,,745474876.0,,29977.879,40213.133,77.67,23087.057,4783.43,12.421,28.037,3692.058,1341.11,730.3,15.267,6.288,109.72,2.294,0.931,307.63,6.431,2.623,193.46,4.044,2.032,1341.11,28.037,12.421
Europe,2016,,747258527.0,,30335.357,40595.531,77.946,23438.127,4832.22,12.54,28.551,3770.833,1379.63,762.4,15.777,6.443,113.27,2.344,0.942,307.67,6.367,2.574,196.29,4.062,2.035,1379.63,28.551,12.54
Europe,2017,,748701837.0,,30637.148,40920.359,78.082,23718.523,4847.12,12.543,28.762,3810.167,1394.13,705.25,14.55,5.875,121.12,2.499,0.999,366.62,7.564,3.021,201.14,4.15,2.067,1394.13,28.762,12.543
Europe,2018,,749853945.0,,30958.799,41286.438,77.532,23795.059,4867.9,13.225,30.607,4058.748,1489.93,768.47,15.786,6.301,130.71,2.685,1.053,383.79,7.884,3.115,206.96,4.252,2.106,1489.93,30.607,13.225
Europe,2019,,750809114.0,,30507.029,40632.203,76.981,23269.766,4819.63,13.695,31.674,4139.679,1526.59,728.25,15.11,6.012,143.18,2.971,1.17,441.05,9.151,3.596,214.11,4.442,2.207,1526.59,31.674,13.695
Europe,2020,,750844584.0,,28626.066,38125.156,75.034,21263.137,4658.36,15.825,35.764,4484.395,1666.0,789.17,16.941,6.932,167.48,3.595,1.456,490.31,10.525,4.277,219.04,4.702,2.406,1666.0,35.764,15.825
Europe,2021,,749949128.0,,29823.74,39767.684,75.277,22234.785,4865.6,15.461,34.809,4566.763,1693.67,804.51,16.535,6.789,187.32,3.85,1.559,472.49,9.711,3.946,229.35,4.714,2.426,1693.67,34.809,15.461
Europe,2022,,748314268.0,,29128.344,38925.281,76.132,21971.57,4725.05,15.607,35.25,4504.302,1665.6,686.62,14.531,5.93,235.28,4.979,1.998,524.93,11.11,4.478,218.77,4.63,2.398,1665.6,35.25,15.607
Europe,2023,,746966209.0,,28746.484,38484.316,74.48,21173.643,4556.24,17.243,40.036,4902.045,1824.12,757.96,16.636,6.69,276.84,6.076,2.404,581.87,12.771,5.018,207.45,4.553,2.265,1824.12,40.036,17.243
Europe,2024,,746460441.0,,29280.277,39225.492,73.752,21364.125,4650.72,17.849,42.032,5170.308,1954.77,811.55,17.45,7.022,333.19,7.164,2.82,596.68,12.83,5.019,213.35,4.587,2.206,1954.77,42.032,17.849
Europe,2025,,745787940.0,,,,,,4626.24,,41.551,,1922.25,728.15,15.74,,400.99,8.668,,585.29,12.652,,207.82,4.492,,1922.25,41.551,
Europe (EI),1965,,,,12449.917,,92.711,11491.804,,6.848,,848.835,305.204,302.195,,6.772,0.0,,0.0,0.0,,0.0,3.009,,0.076,305.204,,6.848
Europe (EI),1966,,,,12824.238,,92.276,11779.148,,7.163,,914.399,328.671,324.57,,7.063,0.0,,0.0,0.0,,0.0,4.101,,0.1,328.671,,7.163
Europe (EI),1967,,,,13199.24,,92.403,12141.637,,6.966,,915.313,328.952,324.463,,6.859,0.0,,0.0,0.0,,0.0,4.489,,0.107,328.952,,6.966
Europe (EI),1968,,,,14075.016,,92.553,12969.829,,6.776,,949.606,341.234,336.237,,6.665,0.0,,0.0,0.0,,0.0,4.997,,0.111,341.234,,6.776
Europe (EI),1969,,,,15090.387,,93.01,13978.735,,6.23,,936.324,336.399,330.976,,6.117,0.0,,0.0,0.0,,0.0,5.423,,0.113,336.399,,6.23
Europe (EI),1970,,,,16066.297,,93.08,14894.747,,6.147,,983.573,353.196,346.078,,6.008,0.0,,0.0,0.0,,0.0,7.118,,0.139,353.196,,6.147
Europe (EI),1971,,,,16491.045,,93.091,15290.919,,6.049,,993.608,356.795,349.563,,5.911,0.0,,0.0,0.0,,0.0,7.232,,0.138,356.795,,6.049
Europe (EI),1972,,,,17271.783,,92.906,15982.551,,6.004,,1032.905,370.956,363.833,,5.875,0.0,,0.0,0.0,,0.0,7.123,,0.129,370.956,,6.004
Europe (EI),1973,,,,18264.715,,93.094,16938.039,,5.77,,1049.817,376.976,369.313,,5.638,0.0,,0.0,0.0,,0.0,7.663,,0.132,376.976,,5.77
Europe (EI),1974,,,,18017.963,,92.325,16564.541,,6.322,,1134.274,407.333,399.291,,6.182,0.0,,0.0,0.0,,0.0,8.042,,0.14,407.333,,6.322
Europe (EI),1975,,,,17846.615,,91.655,16284.279,,6.521,,1158.602,416.032,407.511,,6.371,0.0,,0.0,0.0,,0.0,8.521,,0.15,416.032,,6.521
Europe (EI),1976,,,,18843.635,,92.267,17316.969,,5.719,,1073.28,385.32,376.835,,5.577,0.0,,0.0,0.0,,0.0,8.486,,0.141,385.32,,5.719
Europe (EI),1977,,,,19186.35,,90.869,17351.609,,6.783,,1295.172,465.152,456.272,,6.637,0.0,,0.0,0.0,,0.0,8.88,,0.145,465.152,,6.783
Europe (EI),1978,,,,19902.279,,90.919,18011.115,,6.535,,1294.654,464.904,455.529,,6.387,0.0,,0.0,0.003,,0.0,9.372,,0.148,464.904,,6.535
Europe (EI),1979,,,,20643.119,,90.636,18621.623,,6.627,,1361.498,488.919,479.15,,6.478,0.0,,0.0,0.006,,0.0,9.763,,0.148,488.919,,6.627
Europe (EI),1980,,,,20143.018,,90.115,18064.275,,6.608,,1324.613,475.518,464.767,,6.44,0.0,,0.0,0.01,,0.0,10.741,,0.167,475.518,,6.608
Europe (EI),1981,,,,19619.156,,88.581,17287.461,,6.868,,1340.399,481.199,470.435,,6.696,0.0,,0.0,0.01,,0.0,10.754,,0.172,481.199,,6.868
Europe (EI),1982,,,,19254.523,,87.964,16845.26,,6.925,,1326.094,476.164,466.31,,6.764,0.0,,0.0,0.019,,0.0,9.836,,0.161,476.164,,6.925
Europe (EI),1983,,,,19430.572,,86.955,16799.699,,7.068,,1365.443,490.293,480.126,,6.903,0.0,,0.0,0.03,,0.0,10.137,,0.164,490.293,,7.068
Europe (EI),1984,,,,19941.371,,85.63,16974.561,,6.965,,1380.714,495.743,485.194,,6.799,0.001,,0.0,0.038,,0.001,10.511,,0.166,495.743,,6.965
Europe (EI),1985,,,,23836.264,,85.809,20340.988,2883.876,6.041,17.825,1431.904,514.044,502.457,17.423,5.888,0.001,0.0,0.0,0.057,0.002,0.001,11.529,0.4,0.152,514.044,17.825,6.041
Europe (EI),1986,,,,24230.051,,85.723,20658.406,2946.571,5.761,16.909,1388.363,498.243,485.565,16.479,5.597,0.001,0.0,0.0,0.134,0.005,0.002,12.543,0.426,0.163,498.243,16.909,5.761
Europe (EI),1987,,,,24737.186,,85.183,20952.275,3044.572,6.133,17.787,1508.57,541.532,528.916,17.372,5.973,0.0,0.0,0.0,0.191,0.006,0.002,12.425,0.408,0.158,541.532,17.787,6.133
Europe (EI),1988,,,,25006.652,,84.037,20887.223,3129.937,6.505,18.545,1616.912,580.435,566.874,18.111,6.335,0.001,0.0,0.0,0.33,0.011,0.004,13.23,0.423,0.166,580.435,18.545,6.505
Europe (EI),1989,,,,24906.775,,84.338,20886.867,3190.756,5.715,15.915,1415.296,507.797,493.601,15.47,5.536,0.009,0.0,0.0,0.515,0.016,0.006,13.672,0.428,0.173,507.797,15.915,5.715
Europe (EI),1990,,,,25407.842,,84.398,21322.586,3211.609,5.766,16.256,1456.803,522.079,502.323,15.641,5.523,0.012,0.0,0.0,0.779,0.024,0.009,18.964,0.59,0.235,522.079,16.256,5.766
Europe (EI),1991,,,,25031.76,,83.775,20847.215,3229.349,5.979,16.51,1487.802,533.159,512.564,15.872,5.722,0.016,0.0,0.0,0.979,0.03,0.011,19.599,0.607,0.246,533.159,16.51,5.979
Europe (EI),1992,,,,24253.186,,82.958,19995.055,3190.269,6.389,17.295,1540.032,551.771,529.496,16.597,6.102,0.025,0.001,0.0,1.535,0.048,0.018,20.714,0.649,0.269,551.771,17.295,6.389
Europe (EI),1993,,,,23853.578,,81.956,19421.094,3174.604,6.781,18.128,1606.963,575.487,550.315,17.335,6.451,0.032,0.001,0.0,2.291,0.072,0.027,22.848,0.72,0.301,575.487,18.128,6.781
Europe (EI),1994,,,,23375.939,,81.577,18940.875,3192.415,7.03,18.297,1632.365,584.117,557.032,17.449,6.664,0.035,0.001,0.0,2.988,0.094,0.036,24.062,0.754,0.324,584.117,18.297,7.03
Europe (EI),1995,,,,23899.543,,81.554,19359.861,3278.875,7.013,18.153,1664.885,595.219,564.759,17.224,6.608,0.045,0.001,0.001,3.873,0.118,0.045,26.543,0.81,0.349,595.219,18.153,7.013
Europe (EI),1996,,,,24494.725,,81.55,19844.029,3354.351,6.67,17.282,1622.998,579.706,548.093,16.34,6.257,0.048,0.001,0.001,4.84,0.144,0.055,26.725,0.797,0.343,579.706,17.282,6.67
Europe (EI),1997,,,,24384.232,,81.018,19621.156,3389.445,7.027,17.909,1701.896,607.028,567.977,16.757,6.515,0.057,0.002,0.001,7.306,0.216,0.084,31.688,0.935,0.409,607.028,17.909,7.027
Europe (EI),1998,,,,24523.84,,80.831,19684.898,3466.628,7.378,18.486,1796.807,640.834,593.999,17.135,6.775,0.067,0.002,0.001,11.184,0.323,0.128,35.583,1.026,0.457,640.834,18.486,7.378
Europe (EI),1999,,,,24349.336,,80.506,19463.824,3510.248,7.543,18.519,1823.627,650.06,598.267,17.043,6.874,0.08,0.002,0.001,14.255,0.406,0.164,37.458,1.067,0.484,650.06,18.519,7.543
Europe (EI),2000,,,,24500.533,,80.156,19496.051,3619.413,7.868,18.825,1913.788,681.337,617.716,17.067,7.055,0.075,0.002,0.001,22.444,0.62,0.256,41.102,1.136,0.528,681.337,18.825,7.868
Europe (EI),2001,,,,24731.285,,80.035,19654.402,3685.059,7.796,18.564,1914.463,684.11,611.97,16.607,6.884,0.194,0.005,0.002,26.924,0.731,0.303,45.022,1.222,0.573,684.11,18.564,7.796
Europe (EI),2002,,,,24663.811,,80.33,19671.445,3719.25,7.416,17.525,1816.17,651.816,563.948,15.163,6.309,0.315,0.008,0.004,36.477,0.981,0.408,51.076,1.373,0.652,651.816,17.525,7.416
Europe (EI),2003,,,,25080.055,,80.838,20139.805,3810.969,7.082,16.634,1764.296,633.916,530.365,13.917,5.801,0.469,0.012,0.005,44.904,1.178,0.491,58.178,1.527,0.73,633.916,16.634,7.082
Europe (EI),2004,,,,25476.209,,80.283,20315.113,3895.765,7.696,17.985,1947.377,700.654,570.935,14.655,6.115,0.751,0.019,0.008,59.799,1.535,0.64,69.169,1.775,0.854,700.654,17.985,7.696
Europe (EI),2005,,,,25597.455,,80.339,20419.031,3958.623,7.922,18.29,2013.49,724.016,571.733,14.443,6.047,1.513,0.038,0.016,71.625,1.809,0.758,79.145,1.999,0.973,724.016,18.29,7.922
Europe (EI),2006,,,,25796.318,,80.369,20590.707,4014.906,8.069,18.382,2067.344,738.014,562.068,14.0,5.866,2.57,0.064,0.027,83.783,2.087,0.874,89.594,2.232,1.093,738.014,18.382,8.069
Europe (EI),2007,,,,25590.6,,80.358,20425.764,4064.024,8.597,19.038,2185.332,773.701,563.539,13.867,5.896,3.878,0.095,0.041,106.509,2.621,1.114,99.775,2.455,1.227,773.701,19.038,8.597
Europe (EI),2008,,,,25468.209,,79.638,20132.93,4087.432,9.353,20.384,2364.364,833.183,593.273,14.515,6.192,7.59,0.186,0.079,122.169,2.989,1.275,110.151,2.695,1.362,833.183,20.384,9.353
Europe (EI),2009,,,,23933.27,,78.606,18669.373,3894.372,10.295,22.108,2445.05,860.957,589.738,15.143,6.517,14.324,0.368,0.158,136.161,3.496,1.505,120.735,3.1,1.589,860.957,22.108,10.295
Europe (EI),2010,,,,24878.736,,78.068,19260.955,4064.781,11.042,23.735,2724.218,964.792,650.762,16.01,6.869,23.521,0.579,0.248,153.428,3.775,1.619,137.08,3.372,1.736,964.792,23.735,11.042
Europe (EI),2011,,,,24298.912,,77.831,18759.035,4021.048,11.163,23.634,2690.623,950.344,569.656,14.167,6.123,47.213,1.174,0.507,187.199,4.655,2.012,146.276,3.638,1.897,950.344,23.634,11.163
Europe (EI),2012,,,,24240.961,,76.7,18433.16,4052.894,12.595,26.542,3026.991,1075.704,625.574,15.435,6.709,72.18,1.781,0.774,215.343,5.313,2.309,162.608,4.012,2.114,1075.704,26.542,12.595
Europe (EI),2013,,,,24037.062,,75.767,18038.809,4021.854,13.639,29.078,3247.293,1169.477,661.695,16.452,7.108,86.535,2.152,0.93,248.451,6.178,2.669,172.796,4.296,2.268,1169.477,29.078,13.639
Europe (EI),2014,,,,23182.053,,74.597,17125.441,3938.882,14.403,30.261,3306.616,1191.953,643.992,16.35,7.138,98.238,2.494,1.089,265.161,6.732,2.939,184.562,4.686,2.512,1191.953,30.261,14.403
Europe (EI),2015,,,,23369.383,,74.378,17212.867,3983.585,15.032,31.711,3478.874,1263.232,637.357,16.0,6.972,109.129,2.739,1.194,319.391,8.018,3.494,197.355,4.954,2.665,1263.232,31.711,15.032
Europe (EI),2016,,,,23645.736,,74.793,17509.055,4022.54,15.098,32.118,3534.432,1291.965,653.546,16.247,7.014,113.336,2.818,1.216,323.347,8.038,3.47,201.737,5.015,2.693,1291.965,32.118,15.098
Europe (EI),2017,,,,24010.906,,75.168,17875.941,4062.601,14.994,32.083,3565.729,1303.389,586.474,14.436,6.165,123.608,3.043,1.299,384.789,9.472,4.045,208.517,5.133,2.74,1303.389,32.083,14.994
Europe (EI),2018,,,,24007.285,,74.098,17613.031,4065.767,16.109,34.522,3829.097,1403.592,646.371,15.898,6.764,136.95,3.368,1.433,403.976,9.936,4.228,216.295,5.32,2.844,1403.592,34.522,16.109
Europe (EI),2019,,,,23677.338,,73.157,17138.346,3998.091,17.02,36.639,3987.189,1464.874,628.23,15.713,6.638,150.989,3.777,1.595,460.352,11.514,4.864,225.302,5.635,3.005,1464.874,36.639,17.02
Europe (EI),2020,,,,22085.639,,71.006,15500.812,3880.632,19.573,40.788,4272.918,1582.814,660.872,17.03,7.475,176.009,4.536,1.991,514.352,13.254,5.818,231.581,5.968,3.315,1582.814,40.788,19.573
Europe (EI),2021,,,,23130.674,,71.608,16383.425,4042.213,18.891,39.596,4322.233,1600.548,655.14,16.207,7.053,198.373,4.908,2.136,501.85,12.415,5.403,245.185,6.066,3.349,1600.548,39.596,18.891
Europe (EI),2022,,,,22167.121,,71.869,15759.609,3903.207,19.817,41.249,4345.547,1610.053,565.272,14.482,6.334,248.991,6.379,2.79,556.507,14.258,6.236,239.284,6.13,3.41,1610.053,41.249,19.817
Europe (EI),2023,,,,21643.543,,69.404,14823.491,3818.348,22.196,46.637,4740.641,1780.774,642.632,16.83,7.339,299.456,7.843,3.42,614.071,16.082,7.012,224.615,5.883,3.286,1780.774,46.637,22.196
Europe (EI),2024,,,,22010.529,,68.21,14819.142,3887.631,23.19,49.173,5038.136,1911.651,697.996,17.954,7.836,362.169,9.316,4.066,627.995,16.154,7.05,223.491,5.749,3.215,1911.651,49.173,23.19
Europe (EIA),1980,,,,21159.764,,,,,,,,,,,,,,,,,,,,,,,
Europe (EIA),1981,,,,20451.432,,,,,,,,,,,,,,,,,,,,,,,
Europe (EIA),1982,,,,20344.516,,,,,,,,,,,,,,,,,,,,,,,
Europe (EIA),1983,,,,20419.449,,,,,,,,,,,,,,,,,,,,,,,
Europe (EIA),1984,,,,20740.051,,,,,,,,,,,,,,,,,,,,,,,
Europe (EIA),1985,,,,21470.398,,,,,,,,,,,,,,,,,,,,,,,
Europe (EIA),1986,,,,22004.434,,,,,,,,,,,,,,,,,,,,,,,
Europe (EIA),1987,,,,22372.391,,,,,,,,,,,,,,,,,,,,,,,
Europe (EIA),1988,,,,22502.844,,,,,,,,,,,,,,,,,,,,,,,
Europe (EIA),1989,,,,22660.896,,,,,,,,,,,,,,,,,,,,,,,
Europe (EIA),1990,,,,22440.635,,,,,,,,,,,,,,,,,,,,,,,
Europe (EIA),1991,,,,21911.045,,,,,,,,,,,,,,,,,,,,,,,
Europe (EIA),1992,,,,21610.223,,,,,,,,,,,,,,,,,,,,,,,
Europe (EIA),1993,,,,21501.998,,,,,,,,,,,,,,,,,,,,,,,
Europe (EIA),1994,,,,21479.305,,,,,,,,,,,,,,,,,,,,,,,
Europe (EIA),1995,,,,22121.795,,,,,,,,,,,,,,,,,,,,,,,
Europe (EIA),1996,,,,22855.838,,,,,,,,,,,,,,,,,,,,,,,
Europe (EIA),1997,,,,22755.602,,,,,,,,,,,,,,,,,,,,,,,
Europe (EIA),1998,,,,22887.096,,,,,,,,,,,,,,,,,,,,,,,
Europe (EIA),1999,,,,22692.811,,,,,,,,,,,,,,,,,,,,,,,
Europe (EIA),2000,,,,22973.385,,,,,,,,,,,,,,,,,,,,,,,
Europe (EIA),2001,,,,23368.826,,,,,,,,,,,,,,,,,,,,,,,
Europe (EIA),2002,,,,23422.859,,,,,,,,,,,,,,,,,,,,,,,
Europe (EIA),2003,,,,23853.02,,,,,,,,,,,,,,,,,,,,,,,
Europe (EIA),2004,,,,24224.006,,,,,,,,,,,,,,,,,,,,,,,
Europe (EIA),2005,,,,24312.953,,,,,,,,,,,,,,,,,,,,,,,
Europe (EIA),2006,,,,24436.926,,,,,,,,,,,,,,,,,,,,,,,
Europe (EIA),2007,,,,24210.111,,,,,,,,,,,,,,,,,,,,,,,
Europe (EIA),2008,,,,24103.357,,,,,,,,,,,,,,,,,,,,,,,
Europe (EIA),2009,,,,22721.141,,,,,,,,,,,,,,,,,,,,,,,
Europe (EIA),2010,,,,23486.742,,,,,,,,,,,,,,,,,,,,,,,
Europe (EIA),2011,,,,22818.479,,,,,,,,,,,,,,,,,,,,,,,
Europe (EIA),2012,,,,22592.551,,,,,,,,,,,,,,,,,,,,,,,
Europe (EIA),2013,,,,22331.295,,,,,,,,,,,,,,,,,,,,,,,
Europe (EIA),2014,,,,21636.842,,,,,,,,,,,,,,,,,,,,,,,
Europe (EIA),2015,,,,21940.59,,,,,,,,,,,,,,,,,,,,,,,
Europe (EIA),2016,,,,22145.148,,,,,,,,,,,,,,,,,,,,,,,
Europe (EIA),2017,,,,22655.387,,,,,,,,,,,,,,,,,,,,,,,
Europe (EIA),2018,,,,22431.445,,,,,,,,,,,,,,,,,,,,,,,
Europe (EIA),2019,,,,22091.906,,,,,,,,,,,,,,,,,,,,,,,
Europe (EIA),2020,,,,20109.494,,,,,,,,,,,,,,,,,,,,,,,
Europe (EIA),2021,,,,21229.375,,,,,,,,,,,,,,,,,,,,,,,
Europe (EIA),2022,,,,20562.445,,,,,,,,,,,,,,,,,,,,,,,
Europe (EIA),2023,,,,19799.896,,,,,,,,,,,,,,,,,,,,,,,
Europe (Ember),2000,,,,,,,,4478.25,,18.578,,831.99,767.61,17.141,,0.06,0.001,,22.29,0.498,,42.03,0.939,,831.99,18.578,
Europe (Ember),2001,,,,,,,,4559.11,,18.576,,846.92,775.44,17.009,,0.18,0.004,,26.82,0.588,,44.48,0.976,,846.92,18.576,
Europe (Ember),2002,,,,,,,,4597.14,,17.428,,801.18,714.29,15.538,,0.29,0.006,,36.47,0.793,,50.13,1.09,,801.18,17.428,
Europe (Ember),2003,,,,,,,,4708.89,,16.552,,779.43,675.62,14.348,,0.42,0.009,,44.92,0.954,,58.47,1.242,,779.43,16.552,
Europe (Ember),2004,,,,,,,,4811.68,,17.983,,865.3,735.2,15.279,,0.7,0.015,,59.85,1.244,,69.55,1.445,,865.3,17.983,
Europe (Ember),2005,,,,,,,,4893.97,,18.18,,889.74,737.04,15.06,,1.51,0.031,,71.63,1.464,,79.56,1.626,,889.74,18.18,
Europe (Ember),2006,,,,,,,,4991.64,,18.112,,904.09,727.69,14.578,,2.55,0.051,,83.81,1.679,,90.04,1.804,,904.09,18.112,
Europe (Ember),2007,,,,,,,,5067.6,,18.603,,942.73,732.13,14.447,,3.87,0.076,,106.57,2.103,,100.16,1.976,,942.73,18.603,
Europe (Ember),2008,,,,,,,,5115.31,,19.341,,989.33,748.83,14.639,,7.57,0.148,,122.24,2.39,,110.69,2.164,,989.33,19.341,
Europe (Ember),2009,,,,,,,,4870.91,,21.094,,1027.49,755.41,15.509,,14.29,0.293,,136.43,2.801,,121.36,2.492,,1027.49,21.094,
Europe (Ember),2010,,,,,,,,5091.39,,22.011,,1120.68,805.5,15.821,,23.62,0.464,,154.06,3.026,,137.5,2.701,,1120.68,22.011,
Europe (Ember),2011,,,,,,,,5072.41,,21.831,,1107.34,724.9,14.291,,48.15,0.949,,187.56,3.698,,146.73,2.893,,1107.34,21.831,
Europe (Ember),2012,,,,,,,,5113.43,,24.119,,1233.3,782.52,15.303,,72.48,1.417,,215.2,4.209,,163.1,3.19,,1233.3,24.119,
Europe (Ember),2013,,,,,,,,5071.88,,26.51,,1344.53,835.6,16.475,,86.86,1.713,,248.15,4.893,,173.92,3.429,,1344.53,26.51,
Europe (Ember),2014,,,,,,,,4999.51,,27.217,,1360.74,809.85,16.199,,99.13,1.983,,266.61,5.333,,185.15,3.703,,1360.74,27.217,
Europe (Ember),2015,,,,,,,,5045.2,,28.24,,1424.76,797.45,15.806,,109.91,2.179,,319.28,6.328,,198.12,3.927,,1424.76,28.24,
Europe (Ember),2016,,,,,,,,5106.62,,28.784,,1469.87,829.63,16.246,,114.31,2.238,,323.19,6.329,,202.74,3.97,,1469.87,28.784,
Europe (Ember),2017,,,,,,,,5144.41,,28.796,,1481.37,763.47,14.841,,124.01,2.411,,384.52,7.475,,209.37,4.07,,1481.37,28.796,
Europe (Ember),2018,,,,,,,,5168.05,,30.703,,1586.75,828.22,16.026,,138.51,2.68,,403.65,7.81,,216.37,4.187,,1586.75,30.703,
Europe (Ember),2019,,,,,,,,5119.81,,32.385,,1658.06,816.89,15.955,,152.75,2.984,,462.68,9.037,,225.74,4.409,,1658.06,32.385,
Europe (Ember),2020,,,,,,,,4960.36,,36.153,,1793.33,867.03,17.479,,178.68,3.602,,514.92,10.381,,232.7,4.691,,1793.33,36.153,
Europe (Ember),2021,,,,,,,,5193.48,,34.846,,1809.74,860.02,16.56,,200.6,3.863,,503.51,9.695,,245.61,4.729,,1809.74,34.846,
Europe (Ember),2022,,,,,,,,5045.61,,35.674,,1799.95,753.28,14.929,,250.44,4.964,,559.62,11.091,,236.61,4.689,,1799.95,35.674,
Europe (Ember),2023,,,,,,,,4979.97,,39.737,,1978.89,834.41,16.755,,300.95,6.043,,616.69,12.383,,226.84,4.555,,1978.89,39.737,
Europe (Ember),2024,,,,,,,,5093.6,,41.826,,2130.46,899.01,17.65,,364.91,7.164,,633.55,12.438,,232.99,4.574,,2130.46,41.826,
Europe (Ember),2025,,,,,,,,5101.69,,41.604,,2122.51,819.49,16.063,,444.71,8.717,,625.09,12.253,,233.22,4.571,,2122.51,41.604,
Europe (Shift),1900,,,,,,,,,,,,,,,,,,,,,,,,,,,
Europe (Shift),1901,,,,,,,,,,,,,,,,,,,,,,,,,,,
Europe (Shift),1902,,,,,,,,,,,,,,,,,,,,,,,,,,,
Europe (Shift),1903,,,,,,,,,,,,,,,,,,,,,,,,,,,
Europe (Shift),1904,,,,,,,,,,,,,,,,,,,,,,,,,,,
Europe (Shift),1905,,,,,,,,,,,,,,,,,,,,,,,,,,,
Europe (Shift),1906,,,,,,,,,,,,,,,,,,,,,,,,,,,
Europe (Shift),1907,,,,,,,,,,,,,,,,,,,,,,,,,,,
Europe (Shift),1908,,,,,,,,,,,,,,,,,,,,,,,,,,,
Europe (Shift),1909,,,,,,,,,,,,,,,,,,,,,,,,,,,
Europe (Shift),1910,,,,,,,,,,,,,,,,,,,,,,,,,,,
Europe (Shift),1911,,,,,,,,,,,,,,,,,,,,,,,,,,,
Europe (Shift),1912,,,,,,,,,,,,,,,,,,,,,,,,,,,
Europe (Shift),1913,,,,,,,,,,,,,,,,,,,,,,,,,,,
Europe (Shift),1914,,,,,,,,,,,,,,,,,,,,,,,,,,,
Europe (Shift),1915,,,,,,,,,,,,,,,,,,,,,,,,,,,
Europe (Shift),1916,,,,,,,,,,,,,,,,,,,,,,,,,,,
Europe (Shift),1917,,,,,,,,,,,,,,,,,,,,,,,,,,,
Europe (Shift),1918,,,,,,,,,,,,,,,,,,,,,,,,,,,
Europe (Shift),1919,,,,,,,,,,,,,,,,,,,,,,,,,,,
Europe (Shift),1920,,,,,,,,,,,,,,,,,,,,,,,,,,,
Europe (Shift),1921,,,,,,,,,,,,,,,,,,,,,,,,,,,
Europe (Shift),1922,,,,,,,,,,,,,,,,,,,,,,,,,,,
Europe (Shift),1923,,,,,,,,,,,,,,,,,,,,,,,,,,,
Europe (Shift),1924,,,,,,,,,,,,,,,,,,,,,,,,,,,
Europe (Shift),1925,,,,,,,,,,,,,,,,,,,,,,,,,,,
Europe (Shift),1926,,,,,,,,,,,,,,,,,,,,,,,,,,,
Europe (Shift),1927,,,,,,,,,,,,,,,,,,,,,,,,,,,
Europe (Shift),1928,,,,,,,,,,,,,,,,,,,,,,,,,,,
Europe (Shift),1929,,,,,,,,,,,,,,,,,,,,,,,,,,,
Europe (Shift),1930,,,,,,,,,,,,,,,,,,,,,,,,,,,
Europe (Shift),1931,,,,,,,,,,,,,,,,,,,,,,,,,,,
Europe (Shift),1932,,,,,,,,,,,,,,,,,,,,,,,,,,,
Europe (Shift),1933,,,,,,,,,,,,,,,,,,,,,,,,,,,
Europe (Shift),1934,,,,,,,,,,,,,,,,,,,,,,,,,,,
Europe (Shift),1935,,,,,,,,,,,,,,,,,,,,,,,,,,,
Europe (Shift),1936,,,,,,,,,,,,,,,,,,,,,,,,,,,
Europe (Shift),1937,,,,,,,,,,,,,,,,,,,,,,,,,,,
Europe (Shift),1938,,,,,,,,,,,,,,,,,,,,,,,,,,,
Europe (Shift),1939,,,,,,,,,,,,,,,,,,,,,,,,,,,
Europe (Shift),1940,,,,,,,,,,,,,,,,,,,,,,,,,,,
Europe (Shift),1941,,,,,,,,,,,,,,,,,,,,,,,,,,,
Europe (Shift),1942,,,,,,,,,,,,,,,,,,,,,,,,,,,
Europe (Shift),1943,,,,,,,,,,,,,,,,,,,,,,,,,,,
Europe (Shift),1944,,,,,,,,,,,,,,,,,,,,,,,,,,,
Europe (Shift),1945,,,,,,,,,,,,,,,,,,,,,,,,,,,
Europe (Shift),1946,,,,,,,,,,,,,,,,,,,,,,,,,,,
Europe (Shift),1947,,,,,,,,,,,,,,,,,,,,,,,,,,,
Europe (Shift),1948,,,,,,,,,,,,,,,,,,,,,,,,,,,
Europe (Shift),1949,,,,,,,,,,,,,,,,,,,,,,,,,,,
Europe (Shift),1950,,,,,,,,,,,,,,,,,,,,,,,,,,,
Europe (Shift),1951,,,,,,,,,,,,,,,,,,,,,,,,,,,
Europe (Shift),1952,,,,,,,,,,,,,,,,,,,,,,,,,,,
Europe (Shift),1953,,,,,,,,,,,,,,,,,,,,,,,,,,,
Europe (Shift),1954,,,,,,,,,,,,,,,,,,,,,,,,,,,
Europe (Shift),1955,,,,,,,,,,,,,,,,,,,,,,,,,,,
Europe (Shift),1956,,,,,,,,,,,,,,,,,,,,,,,,,,,
Europe (Shift),1957,,,,,,,,,,,,,,,,,,,,,,,,,,,
Europe (Shift),1958,,,,,,,,,,,,,,,,,,,,,,,,,,,
Europe (Shift),1959,,,,,,,,,,,,,,,,,,,,,,,,,,,
Europe (Shift),1960,,,,,,,,,,,,,,,,,,,,,,,,,,,
Europe (Shift),1961,,,,,,,,,,,,,,,,,,,,,,,,,,,
Europe (Shift),1962,,,,,,,,,,,,,,,,,,,,,,,,,,,
Europe (Shift),1963,,,,,,,,,,,,,,,,,,,,,,,,,,,
Europe (Shift),1964,,,,,,,,,,,,,,,,,,,,,,,,,,,
Europe (Shift),1965,,,,,,,,,,,,,,,,,,,,,,,,,,,
Europe (Shift),1966,,,,,,,,,,,,,,,,,,,,,,,,,,,
Europe (Shift),1967,,,,,,,,,,,,,,,,,,,,,,,,,,,
Europe (Shift),1968,,,,,,,,,,,,,,,,,,,,,,,,,,,
Europe (Shift),1969,,,,,,,,,,,,,,,,,,,,,,,,,,,
Europe (Shift),1970,,,,,,,,,,,,,,,,,,,,,,,,,,,
Europe (Shift),1971,,,,,,,,,,,,,,,,,,,,,,,,,,,
Europe (Shift),1972,,,,,,,,,,,,,,,,,,,,,,,,,,,
Europe (Shift),1973,,,,,,,,,,,,,,,,,,,,,,,,,,,
Europe (Shift),1974,,,,,,,,,,,,,,,,,,,,,,,,,,,
Europe (Shift),1975,,,,,,,,,,,,,,,,,,,,,,,,,,,
Europe (Shift),1976,,,,,,,,,,,,,,,,,,,,,,,,,,,
Europe (Shift),1977,,,,,,,,,,,,,,,,,,,,,,,,,,,
Europe (Shift),1978,,,,,,,,,,,,,,,,,,,,,,,,,,,
Europe (Shift),1979,,,,,,,,,,,,,,,,,,,,,,,,,,,
Europe (Shift),1980,,,,,,,,,,,,,,,,,,,,,,,,,,,
Europe (Shift),1981,,,,,,,,,,,,,,,,,,,,,,,,,,,
Europe (Shift),1982,,,,,,,,,,,,,,,,,,,,,,,,,,,
Europe (Shift),1983,,,,,,,,,,,,,,,,,,,,,,,,,,,
Europe (Shift),1984,,,,,,,,,,,,,,,,,,,,,,,,,,,
Europe (Shift),1985,,,,,,,,,,,,,,,,,,,,,,,,,,,
Europe (Shift),1986,,,,,,,,,,,,,,,,,,,,,,,,,,,
Europe (Shift),1987,,,,,,,,,,,,,,,,,,,,,,,,,,,
Europe (Shift),1988,,,,,,,,,,,,,,,,,,,,,,,,,,,
Europe (Shift),1989,,,,,,,,,,,,,,,,,,,,,,,,,,,
Europe (Shift),1990,,,,,,,,,,,,,,,,,,,,,,,,,,,
Europe (Shift),1991,,,,,,,,,,,,,,,,,,,,,,,,,,,
Europe (Shift),1992,,,,,,,,,,,,,,,,,,,,,,,,,,,
Europe (Shift),1993,,,,,,,,,,,,,,,,,,,,,,,,,,,
Europe (Shift),1994,,,,,,,,,,,,,,,,,,,,,,,,,,,
Europe (Shift),1995,,,,,,,,,,,,,,,,,,,,,,,,,,,
Europe (Shift),1996,,,,,,,,,,,,,,,,,,,,,,,,,,,
Europe (Shift),1997,,,,,,,,,,,,,,,,,,,,,,,,,,,
Europe (Shift),1998,,,,,,,,,,,,,,,,,,,,,,,,,,,
Europe (Shift),1999,,,,,,,,,,,,,,,,,,,,,,,,,,,
Europe (Shift),2000,,,,,,,,,,,,,,,,,,,,,,,,,,,
Europe (Shift),2001,,,,,,,,,,,,,,,,,,,,,,,,,,,
Europe (Shift),2002,,,,,,,,,,,,,,,,,,,,,,,,,,,
Europe (Shift),2003,,,,,,,,,,,,,,,,,,,,,,,,,,,
Europe (Shift),2004,,,,,,,,,,,,,,,,,,,,,,,,,,,
Europe (Shift),2005,,,,,,,,,,,,,,,,,,,,,,,,,,,
Europe (Shift),2006,,,,,,,,,,,,,,,,,,,,,,,,,,,
Europe (Shift),2007,,,,,,,,,,,,,,,,,,,,,,,,,,,
Europe (Shift),2008,,,,,,,,,,,,,,,,,,,,,,,,,,,
Europe (Shift),2009,,,,,,,,,,,,,,,,,,,,,,,,,,,
Europe (Shift),2010,,,,,,,,,,,,,,,,,,,,,,,,,,,
Europe (Shift),2011,,,,,,,,,,,,,,,,,,,,,,,,,,,
Europe (Shift),2012,,,,,,,,,,,,,,,,,,,,,,,,,,,
Europe (Shift),2013,,,,,,,,,,,,,,,,,,,,,,,,,,,
Europe (Shift),2014,,,,,,,,,,,,,,,,,,,,,,,,,,,
Europe (Shift),2015,,,,,,,,,,,,,,,,,,,,,,,,,,,
Europe (Shift),2016,,,,,,,,,,,,,,,,,,,,,,,,,,,
European Union (27),1900,,257415020.0,,,,,,,,,,,,,,,,,,,,,,,,,
European Union (27),1901,,259562167.0,,,,,,,,,,,,,,,,,,,,,,,,,
European Union (27),1902,,261767751.0,,,,,,,,,,,,,,,,,,,,,,,,,
European Union (27),1903,,264033728.0,,,,,,,,,,,,,,,,,,,,,,,,,
European Union (27),1904,,266324440.0,,,,,,,,,,,,,,,,,,,,,,,,,
European Union (27),1905,,268640204.0,,,,,,,,,,,,,,,,,,,,,,,,,
European Union (27),1906,,270980336.0,,,,,,,,,,,,,,,,,,,,,,,,,
European Union (27),1907,,273348154.0,,,,,,,,,,,,,,,,,,,,,,,,,
European Union (27),1908,,275740980.0,,,,,,,,,,,,,,,,,,,,,,,,,
European Union (27),1909,,277631784.0,,,,,,,,,,,,,,,,,,,,,,,,,
European Union (27),1910,,279019273.0,,,,,,,,,,,,,,,,,,,,,,,,,
European Union (27),1911,,279892071.0,,,,,,,,,,,,,,,,,,,,,,,,,
European Union (27),1912,,280250712.0,,,,,,,,,,,,,,,,,,,,,,,,,
European Union (27),1913,,280103635.0,,,,,,,,,,,,,,,,,,,,,,,,,
European Union (27),1914,,279968769.0,,,,,,,,,,,,,,,,,,,,,,,,,
European Union (27),1915,,279788994.0,,,,,,,,,,,,,,,,,,,,,,,,,
European Union (27),1916,,279556193.0,,,,,,,,,,,,,,,,,,,,,,,,,
European Union (27),1917,,279307254.0,,,,,,,,,,,,,,,,,,,,,,,,,
European Union (27),1918,,279042019.0,,,,,,,,,,,,,,,,,,,,,,,,,
European Union (27),1919,,279327938.0,,,,,,,,,,,,,,,,,,,,,,,,,
European Union (27),1920,,280263182.0,,,,,,,,,,,,,,,,,,,,,,,,,
European Union (27),1921,,281680003.0,,,,,,,,,,,,,,,,,,,,,,,,,
European Union (27),1922,,283699724.0,,,,,,,,,,,,,,,,,,,,,,,,,
European Union (27),1923,,286211757.0,,,,,,,,,,,,,,,,,,,,,,,,,
European Union (27),1924,,288744006.0,,,,,,,,,,,,,,,,,,,,,,,,,
European Union (27),1925,,291313770.0,,,,,,,,,,,,,,,,,,,,,,,,,
European Union (27),1926,,293890347.0,,,,,,,,,,,,,,,,,,,,,,,,,
European Union (27),1927,,296473053.0,,,,,,,,,,,,,,,,,,,,,,,,,
European Union (27),1928,,299082193.0,,,,,,,,,,,,,,,,,,,,,,,,,
European Union (27),1929,,301561427.0,,,,,,,,,,,,,,,,,,,,,,,,,
European Union (27),1930,,303913948.0,,,,,,,,,,,,,,,,,,,,,,,,,
European Union (27),1931,,306140917.0,,,,,,,,,,,,,,,,,,,,,,,,,
European Union (27),1932,,308230471.0,,,,,,,,,,,,,,,,,,,,,,,,,
European Union (27),1933,,310179704.0,,,,,,,,,,,,,,,,,,,,,,,,,
European Union (27),1934,,312140351.0,,,,,,,,,,,,,,,,,,,,,,,,,
European Union (27),1935,,314110578.0,,,,,,,,,,,,,,,,,,,,,,,,,
European Union (27),1936,,316091553.0,,,,,,,,,,,,,,,,,,,,,,,,,
European Union (27),1937,,318086440.0,,,,,,,,,,,,,,,,,,,,,,,,,
European Union (27),1938,,320071417.0,,,,,,,,,,,,,,,,,,,,,,,,,
European Union (27),1939,,322005799.0,,,,,,,,,,,,,,,,,,,,,,,,,
European Union (27),1940,,323473957.0,,,,,,,,,,,,,,,,,,,,,,,,,
European Union (27),1941,,324566188.0,,,,,,,,,,,,,,,,,,,,,,,,,
European Union (27),1942,,325323755.0,,,,,,,,,,,,,,,,,,,,,,,,,
European Union (27),1943,,325846842.0,,,,,,,,,,,,,,,,,,,,,,,,,
European Union (27),1944,,326482451.0,,,,,,,,,,,,,,,,,,,,,,,,,
European Union (27),1945,,326647466.0,,,,,,,,,,,,,,,,,,,,,,,,,
European Union (27),1946,,326077787.0,,,,,,,,,,,,,,,,,,,,,,,,,
European Union (27),1947,,325939306.0,,,,,,,,,,,,,,,,,,,,,,,,,
European Union (27),1948,,326641296.0,,,,,,,,,,,,,,,,,,,,,,,,,
European Union (27),1949,,327731799.0,,,,,,,,,,,,,,,,,,,,,,,,,
European Union (27),1950,,328139848.0,,,,,,,,,,,,,,,,,,,,,,,,,
European Union (27),1951,,330569548.0,,,,,,,,,,,,,,,,,,,,,,,,,
European Union (27),1952,,332995709.0,,,,,,,,,,,,,,,,,,,,,,,,,
European Union (27),1953,,335659115.0,,,,,,,,,,,,,,,,,,,,,,,,,
European Union (27),1954,,338440576.0,,,,,,,,,,,,,,,,,,,,,,,,,
European Union (27),1955,,341203664.0,,,,,,,,,,,,,,,,,,,,,,,,,
European Union (27),1956,,343895759.0,,,,,,,,,,,,,,,,,,,,,,,,,
European Union (27),1957,,346772757.0,,,,,,,,,,,,,,,,,,,,,,,,,
European Union (27),1958,,349930203.0,,,,,,,,,,,,,,,,,,,,,,,,,
European Union (27),1959,,352992953.0,,,,,,,,,,,,,,,,,,,,,,,,,
European Union (27),1960,,355933721.0,,,,,,,,,,,,,,,,,,,,,,,,,
European Union (27),1961,,358836286.0,,,,,,,,,,,,,,,,,,,,,,,,,
European Union (27),1962,,361790862.0,,,,,,,,,,,,,,,,,,,,,,,,,
European Union (27),1963,,364808681.0,,,,,,,,,,,,,,,,,,,,,,,,,
European Union (27),1964,,367854449.0,,,,,,,,,,,,,,,,,,,,,,,,,
European Union (27),1965,,370867295.0,,9454.095,25491.854,93.521,8806.526,,6.345,,597.441,214.715,211.806,,6.248,0.0,,0.0,0.0,,0.0,2.909,,0.097,214.715,,6.345
European Union (27),1966,,373786470.0,,9775.155,26151.709,93.137,9066.122,,6.704,,652.584,234.433,230.454,,6.576,0.0,,0.0,0.0,,0.0,3.979,,0.128,234.433,,6.704
European Union (27),1967,,376493999.0,,10113.583,26862.535,93.558,9424.991,,6.261,,630.689,226.509,222.193,,6.127,0.0,,0.0,0.0,,0.0,4.316,,0.134,226.509,,6.261
European Union (27),1968,,379165174.0,,10829.146,28560.498,93.83,10123.098,,5.973,,644.448,231.399,226.581,,5.834,0.0,,0.0,0.0,,0.0,4.818,,0.14,231.399,,5.973
European Union (27),1969,,381993928.0,,11723.261,30689.652,94.299,11017.229,,5.429,,634.323,227.701,222.458,,5.289,0.0,,0.0,0.0,,0.0,5.243,,0.14,227.701,,5.429
European Union (27),1970,,384384505.0,,12578.97,32724.965,94.254,11816.082,,5.374,,673.696,241.663,234.723,,5.201,0.0,,0.0,0.0,,0.0,6.94,,0.173,241.663,,5.374
European Union (27),1971,,386827088.0,,12970.942,33531.629,94.347,12197.484,,5.182,,669.911,240.286,233.228,,5.011,0.0,,0.0,0.0,,0.0,7.058,,0.171,240.286,,5.182
European Union (27),1972,,389707312.0,,13667.884,35072.176,94.149,12825.399,,5.151,,701.745,251.762,244.836,,4.993,0.0,,0.0,0.0,,0.0,6.926,,0.159,251.762,,5.151
European Union (27),1973,,392415698.0,,14447.915,36817.883,94.369,13591.214,,4.859,,699.735,250.974,243.532,,4.697,0.0,,0.0,0.0,,0.0,7.442,,0.161,250.974,,4.859
European Union (27),1974,,394860422.0,,14304.734,36227.32,93.793,13370.392,,5.297,,755.071,270.847,263.017,,5.125,0.0,,0.0,0.0,,0.0,7.829,,0.172,270.847,,5.297
European Union (27),1975,,396893070.0,,14237.037,35871.215,93.092,13205.244,,5.37,,761.732,273.188,264.905,,5.187,0.0,,0.0,0.0,,0.0,8.283,,0.182,273.188,,5.37
European Union (27),1976,,398786968.0,,15120.01,37915.004,93.872,14149.779,,4.432,,668.074,239.468,231.163,,4.26,0.0,,0.0,0.0,,0.0,8.306,,0.172,239.468,,4.432
European Union (27),1977,,400767772.0,,15362.09,38331.648,92.182,14104.339,,5.761,,881.424,316.232,307.586,,5.584,0.0,,0.0,0.0,,0.0,8.646,,0.177,316.232,,5.761
European Union (27),1978,,402652099.0,,15973.503,39670.73,92.22,14674.02,,5.407,,860.392,308.601,299.479,,5.228,0.0,,0.0,0.003,,0.0,9.119,,0.179,308.601,,5.407
European Union (27),1979,,404555048.0,,16551.186,40912.074,91.968,15161.968,,5.465,,901.044,323.215,313.924,,5.289,0.0,,0.0,0.006,,0.0,9.285,,0.176,323.215,,5.465
European Union (27),1980,,406687010.0,,16284.769,40042.508,91.531,14846.893,,5.299,,859.455,308.105,297.708,,5.098,0.0,,0.0,0.01,,0.0,10.387,,0.2,308.105,,5.299
European Union (27),1981,,408606098.0,,15805.867,38682.406,89.916,14150.567,,5.387,,847.718,303.918,293.823,,5.186,0.0,,0.0,0.01,,0.0,10.084,,0.2,303.918,,5.387
European Union (27),1982,,410027897.0,,15435.106,37644.039,89.332,13727.071,,5.411,,831.539,298.193,288.888,,5.222,0.0,,0.0,0.019,,0.0,9.287,,0.189,298.193,,5.411
European Union (27),1983,,411187479.0,,15500.392,37696.652,88.266,13616.987,,5.5,,848.547,304.281,294.682,,5.306,0.0,,0.0,0.03,,0.001,9.569,,0.194,304.281,,5.5
European Union (27),1984,,412217985.0,,15974.368,38752.234,86.688,13778.296,,5.419,,861.37,308.85,298.866,,5.223,0.0,,0.0,0.038,,0.001,9.946,,0.196,308.85,,5.419
European Union (27),1985,,413267718.0,,16793.137,40635.008,85.505,14284.189,2023.12,5.272,15.603,880.684,315.674,304.635,15.058,5.065,0.0,0.0,0.0,0.057,0.003,0.001,10.982,0.543,0.205,315.674,15.603,5.272
European Union (27),1986,,414423600.0,,17032.24,41098.625,85.052,14411.592,2076.125,4.938,14.436,836.632,299.712,287.776,13.861,4.718,0.0,0.0,0.0,0.134,0.006,0.002,11.803,0.569,0.218,299.712,14.436,4.938
European Union (27),1987,,415621386.0,,17396.512,41856.633,84.505,14621.171,2148.053,5.286,15.259,914.506,327.772,315.98,14.71,5.073,0.0,0.0,0.0,0.191,0.009,0.003,11.601,0.54,0.21,327.772,15.259,5.286
European Union (27),1988,,416955480.0,,17542.27,42072.285,83.567,14575.552,2197.979,5.54,15.756,966.267,346.309,333.603,15.178,5.313,0.0,0.0,0.0,0.33,0.015,0.005,12.376,0.563,0.222,346.309,15.756,5.54
European Union (27),1989,,418482241.0,,17587.875,42027.77,83.983,14693.72,2247.122,4.567,12.729,799.005,286.043,272.733,12.137,4.33,0.009,0.0,0.0,0.506,0.023,0.008,12.794,0.569,0.229,286.043,12.729,4.567
European Union (27),1990,,419997519.0,,17739.375,42236.855,83.72,14772.086,2249.9,4.801,13.419,847.148,301.91,283.66,12.608,4.482,0.01,0.0,0.0,0.77,0.034,0.012,17.47,0.776,0.307,301.91,13.419,4.801
European Union (27),1991,,421419173.0,,17589.604,41738.973,83.032,14523.217,2295.17,5.066,13.718,886.138,314.86,295.63,12.881,4.731,0.01,0.0,0.0,1.08,0.047,0.015,18.14,0.79,0.319,314.86,13.718,5.066
European Union (27),1992,,422863649.0,,17292.355,40893.453,82.491,14181.54,2279.16,5.382,14.404,925.285,328.28,307.69,13.5,5.016,0.02,0.001,0.0,1.52,0.067,0.024,19.05,0.836,0.34,328.28,14.404,5.382
European Union (27),1993,,424104740.0,,17167.381,40479.105,81.82,13961.447,2279.55,5.596,14.851,954.894,338.54,315.78,13.853,5.183,0.02,0.001,0.0,2.13,0.093,0.034,20.61,0.904,0.376,338.54,14.851,5.596
European Union (27),1994,,425189040.0,,17114.426,40251.332,81.612,13881.348,2314.5,5.797,15.144,986.093,350.51,325.85,14.079,5.353,0.02,0.001,0.0,3.16,0.137,0.043,21.48,0.928,0.392,350.51,15.144,5.797
European Union (27),1995,,425847857.0,,17576.002,41272.961,81.707,14273.547,2382.94,5.685,14.803,993.144,352.74,325.22,13.648,5.197,0.03,0.001,0.001,3.68,0.154,0.055,23.81,0.999,0.419,352.74,14.803,5.685
European Union (27),1996,,426181943.0,,18126.119,42531.41,81.651,14711.087,2466.46,5.51,14.406,992.678,355.33,327.21,13.266,5.017,0.04,0.002,0.001,4.38,0.178,0.067,23.7,0.961,0.406,355.33,14.406,5.51
European Union (27),1997,,426651685.0,,18018.705,42232.824,81.164,14533.849,2479.92,5.814,14.786,1041.12,366.69,331.75,13.377,5.197,0.04,0.002,0.001,6.68,0.269,0.103,28.22,1.138,0.487,366.69,14.786,5.814
European Union (27),1998,,426655455.0,,18140.994,42519.074,81.11,14621.633,2529.13,6.049,15.211,1090.487,384.7,342.98,13.561,5.329,0.05,0.002,0.001,10.39,0.411,0.158,31.28,1.237,0.537,384.7,15.211,6.049
European Union (27),1999,,426830677.0,,18020.732,42219.863,80.722,14453.715,2553.8,6.119,15.128,1095.579,386.33,340.82,13.346,5.331,0.08,0.003,0.001,13.34,0.522,0.207,32.09,1.257,0.552,386.33,15.128,6.119
European Union (27),2000,,427627361.0,,18025.582,42152.547,80.158,14353.077,2622.18,6.501,15.518,1164.142,406.9,350.17,13.354,5.527,0.05,0.002,0.001,,,0.332,35.4,1.35,0.603,406.9,15.518,6.501
European Union (27),2001,,428578326.0,,18356.682,42831.566,79.758,14544.016,2698.92,6.776,16.167,1235.561,436.34,373.43,13.836,5.691,0.17,0.006,0.003,,,0.392,36.99,1.371,0.645,436.34,16.167,6.776
European Union (27),2002,,429890525.0,,18268.471,42495.633,80.267,14567.795,2722.12,6.112,14.327,1109.252,389.99,312.6,11.484,4.776,0.28,0.01,0.004,,,0.529,42.05,1.545,0.743,389.99,14.327,6.112
European Union (27),2003,,431461841.0,,18602.234,43114.438,80.558,14892.721,2799.93,6.071,14.194,1122.353,397.43,304.64,10.88,4.522,0.4,0.014,0.007,,,0.638,49.08,1.753,0.831,397.43,14.194,6.071
European Union (27),2004,,433058605.0,,18876.914,43589.746,79.952,14997.482,2867.55,6.632,15.35,1244.087,440.16,323.19,11.271,4.707,0.68,0.024,0.01,57.54,2.007,0.831,58.75,2.049,0.98,440.16,15.35,6.632
European Union (27),2005,,434557134.0,,18880.057,43446.66,80.181,15039.729,2884.39,6.687,15.375,1254.211,443.47,307.02,10.644,4.406,1.48,0.051,0.021,68.1,2.361,0.976,66.87,2.318,1.114,443.47,15.375,6.687
European Union (27),2006,,435683170.0,,19008.969,43630.258,79.97,15104.247,2932.31,7.083,15.932,1337.846,467.19,309.98,10.571,4.405,2.52,0.086,0.036,78.75,2.686,1.114,75.94,2.59,1.257,467.19,15.932,7.083
European Union (27),2007,,436994510.0,,18781.164,42978.031,79.855,14902.549,2947.71,7.714,16.832,1439.556,496.17,307.72,10.439,4.406,3.83,0.13,0.055,99.95,3.391,1.424,84.67,2.872,1.419,496.17,16.832,7.714
European Union (27),2008,,438548227.0,,18720.186,42686.719,78.943,14674.264,2959.78,8.495,18.267,1579.093,540.65,325.59,11.0,4.648,7.51,0.254,0.107,113.26,3.827,1.607,94.29,3.186,1.584,540.65,18.267,8.495
European Union (27),2009,,439690812.0,,17585.414,39994.953,77.999,13616.357,2808.34,9.598,20.334,1675.543,571.06,329.0,11.715,4.964,14.22,0.506,0.214,124.61,4.437,1.869,103.23,3.676,1.846,571.06,20.334,9.598
European Union (27),2010,,440608965.0,,18308.402,41552.496,77.279,14034.502,2945.54,10.476,22.161,1902.481,652.75,371.82,12.623,5.361,23.49,0.797,0.335,139.88,4.749,1.997,117.56,3.991,2.022,652.75,22.161,10.476
European Union (27),2011,,441440625.0,,17768.266,40250.637,77.001,13574.065,2908.68,10.687,22.208,1884.039,645.95,307.43,10.569,4.514,47.71,1.64,0.687,165.41,5.687,2.426,125.4,4.311,2.222,645.95,22.208,10.687
European Union (27),2012,,441999248.0,,17569.773,39750.688,75.858,13216.727,2903.46,12.131,25.103,2113.666,728.87,331.67,11.423,4.891,70.5,2.428,1.038,187.55,6.46,2.777,139.15,4.793,2.496,728.87,25.103,12.131
European Union (27),2013,,442399413.0,,17433.598,39406.918,74.852,12926.968,2883.69,13.208,27.982,2280.992,806.9,368.02,12.762,5.43,83.76,2.905,1.235,209.55,7.267,3.108,145.57,5.048,2.624,806.9,27.982,13.208
European Union (27),2014,,442964758.0,,16871.619,38087.949,73.508,12281.676,2823.91,14.118,29.645,2358.773,837.16,370.06,13.105,5.617,93.6,3.315,1.414,222.46,7.878,3.367,151.04,5.349,2.827,837.16,29.645,14.118
European Union (27),2015,,443910920.0,,17074.254,38463.242,74.002,12516.554,2870.37,14.221,29.82,2405.321,855.94,336.0,11.706,5.014,100.2,3.491,1.493,263.28,9.172,3.945,156.46,5.451,2.889,855.94,29.82,14.221
European Union (27),2016,,444911502.0,,17240.172,38749.664,74.466,12713.838,2891.4,14.233,30.135,2429.995,871.32,345.6,11.953,5.074,100.49,3.475,1.471,266.91,9.231,3.933,158.32,5.476,2.891,871.32,30.135,14.233
European Union (27),2017,,445696788.0,,17562.961,39405.625,75.059,13060.77,2922.98,14.029,29.909,2441.155,874.22,294.34,10.07,4.213,106.58,3.646,1.533,312.43,10.689,4.495,160.87,5.504,2.886,874.22,29.909,14.029
European Union (27),2018,,446503671.0,,17504.52,39203.527,73.969,12823.159,2908.62,15.098,32.363,2617.339,941.33,343.84,11.821,4.917,114.13,3.924,1.625,320.76,11.028,4.61,162.6,5.59,2.93,941.33,32.363,15.098
European Union (27),2019,,447369201.0,,17256.725,38573.789,73.097,12484.005,2874.5,15.812,34.053,2700.572,978.84,320.29,11.142,4.597,124.38,4.327,1.797,367.29,12.778,5.295,166.88,5.806,3.046,978.84,34.053,15.812
European Union (27),2020,,447777523.0,,15949.86,35620.055,70.85,11171.797,2753.09,18.448,38.495,2908.866,1059.79,347.09,12.607,5.416,144.72,5.257,2.259,398.16,14.462,6.243,169.82,6.168,3.355,1059.79,38.495,18.448
European Union (27),2021,,447705920.0,,16806.004,37538.043,71.348,11861.982,2874.99,17.812,37.455,2961.266,1076.83,348.25,12.113,5.147,163.05,5.671,2.408,386.94,13.459,5.742,178.59,6.212,3.357,1076.83,37.455,17.812
European Union (27),2022,,449113463.0,,16149.713,35959.094,72.031,11509.797,2777.49,18.601,38.883,2972.21,1079.98,276.19,9.944,4.226,209.76,7.552,3.217,421.83,15.187,6.494,172.2,6.2,3.421,1079.98,38.883,18.601
European Union (27),2023,,450657572.0,,15695.724,34828.492,68.948,10678.452,2710.2,21.294,45.24,3297.989,1226.1,330.44,12.192,5.178,254.04,9.373,3.967,478.06,17.639,7.56,163.56,6.035,3.246,1226.1,45.24,21.294
European Union (27),2024,,450259560.0,,15902.261,35317.984,67.615,10611.375,2773.21,22.291,48.013,3498.298,1331.49,369.68,13.33,5.727,307.07,11.073,4.708,491.21,17.713,7.608,163.53,5.897,3.07,1331.49,48.013,22.291
European Union (27),2025,,448992615.0,,,,,,2797.09,,47.727,,1334.98,326.37,11.668,,367.36,13.134,,478.8,17.118,,162.45,5.808,,1334.98,47.727,
G20 (Ember),2000,,,,,,,,13030.16,,16.573,,2159.44,1958.53,15.031,,1.0,0.008,,30.58,0.235,,169.33,1.3,,2159.44,16.573,
G20 (Ember),2001,,,,,,,,13187.94,,16.028,,2113.74,1910.76,14.489,,1.34,0.01,,37.3,0.283,,164.34,1.246,,2113.74,16.028,
G20 (Ember),2002,,,,,,,,13629.91,,15.884,,2165.04,1933.27,14.184,,1.7,0.012,,51.16,0.375,,178.91,1.313,,2165.04,15.884,
G20 (Ember),2003,,,,,,,,14125.77,,15.527,,2193.29,1938.03,13.72,,2.08,0.015,,61.87,0.438,,191.31,1.354,,2193.29,15.527,
G20 (Ember),2004,,,,,,,,14779.59,,16.196,,2393.72,2101.03,14.216,,2.75,0.019,,83.59,0.566,,206.35,1.396,,2393.72,16.196,
G20 (Ember),2005,,,,,,,,15357.69,,16.182,,2485.11,2152.42,14.015,,3.91,0.025,,101.92,0.664,,226.86,1.477,,2485.11,16.182,
G20 (Ember),2006,,,,,,,,15946.05,,16.484,,2628.52,2253.11,14.13,,5.32,0.033,,130.12,0.816,,239.97,1.505,,2628.52,16.484,
G20 (Ember),2007,,,,,,,,16696.26,,16.261,,2714.93,2279.72,13.654,,7.17,0.043,,167.16,1.001,,260.88,1.563,,2714.93,16.261,
G20 (Ember),2008,,,,,,,,16998.381,,17.394,,2956.7,2449.76,14.412,,11.69,0.069,,216.21,1.272,,279.04,1.642,,2956.7,17.394,
G20 (Ember),2009,,,,,,,,16822.33,,18.091,,3043.38,2454.96,14.593,,19.56,0.116,,270.27,1.607,,298.59,1.775,,3043.38,18.091,
G20 (Ember),2010,,,,,,,,17946.65,,18.531,,3325.69,2618.28,14.589,,31.59,0.176,,338.54,1.886,,337.28,1.879,,3325.69,18.531,
G20 (Ember),2011,,,,,,,,18578.93,,18.846,,3501.32,2654.83,14.289,,62.25,0.335,,430.69,2.318,,353.55,1.903,,3501.32,18.846,
G20 (Ember),2012,,,,,,,,18951.381,,19.888,,3768.99,2776.7,14.652,,93.8,0.495,,518.38,2.735,,380.11,2.006,,3768.99,19.888,
G20 (Ember),2013,,,,,,,,19483.09,,20.737,,4040.14,2883.0,14.797,,126.78,0.651,,619.56,3.18,,410.8,2.108,,4040.14,20.737,
G20 (Ember),2014,,,,,,,,19983.93,,21.565,,4309.55,2985.02,14.937,,189.88,0.95,,686.98,3.438,,447.67,2.24,,4309.55,21.565,
G20 (Ember),2015,,,,,,,,20121.65,,22.438,,4514.9,2991.07,14.865,,244.45,1.215,,803.8,3.995,,475.58,2.364,,4514.9,22.438,
G20 (Ember),2016,,,,,,,,20676.08,,23.292,,4815.81,3091.09,14.95,,308.74,1.493,,930.67,4.501,,485.31,2.347,,4815.81,23.292,
G20 (Ember),2017,,,,,,,,21330.369,,23.999,,5119.17,3081.41,14.446,,419.0,1.964,,1105.38,5.182,,513.38,2.407,,5119.17,23.999,
G20 (Ember),2018,,,,,,,,22203.051,,24.761,,5497.72,3188.88,14.362,,541.71,2.44,,1225.04,5.517,,542.09,2.442,,5497.72,24.761,
G20 (Ember),2019,,,,,,,,22483.109,,26.003,,5846.28,3270.06,14.545,,642.51,2.858,,1364.89,6.071,,568.82,2.53,,5846.28,26.003,
G20 (Ember),2020,,,,,,,,22358.26,,28.057,,6273.06,3365.72,15.054,,774.22,3.463,,1527.38,6.831,,605.74,2.709,,6273.06,28.057,
G20 (Ember),2021,,,,,,,,23682.631,,28.01,,6633.48,3255.71,13.747,,941.14,3.974,,1779.78,7.515,,656.85,2.774,,6633.48,28.01,
G20 (Ember),2022,,,,,,,,24275.41,,29.522,,7166.57,3276.79,13.498,,1199.53,4.941,,2017.44,8.311,,672.81,2.772,,7166.57,29.522,
G20 (Ember),2023,,,,,,,,24889.289,,30.465,,7582.51,3173.77,12.752,,1506.35,6.052,,2218.34,8.913,,684.05,2.748,,7582.51,30.465,
G20 (Ember),2024,,,,,,,,26009.641,,32.286,,8397.37,3342.98,12.853,,1954.25,7.514,,2398.11,9.22,,702.03,2.699,,8397.37,32.286,
G20 (Ember),2025,,,,,,,,26769.539,,34.225,,9161.8,3311.71,12.371,,2546.58,9.513,,2589.72,9.674,,713.79,2.666,,9161.8,34.225,
G7 (Ember),2000,,,,,,,,7254.1,,13.536,,981.94,847.06,11.677,,0.88,0.012,,16.86,0.232,,117.14,1.615,,981.94,13.536,
G7 (Ember),2001,,,,,,,,7176.68,,12.51,,897.78,767.41,10.693,,1.19,0.017,,20.05,0.279,,109.13,1.521,,897.78,12.51,
G7 (Ember),2002,,,,,,,,7346.86,,13.085,,961.34,811.77,11.049,,1.49,0.02,,29.95,0.408,,118.13,1.608,,961.34,13.085,
G7 (Ember),2003,,,,,,,,7395.44,,13.16,,973.27,811.45,10.972,,1.84,0.025,,34.94,0.472,,125.04,1.691,,973.27,13.16,
G7 (Ember),2004,,,,,,,,7535.17,,13.206,,995.12,815.97,10.829,,2.46,0.033,,46.91,0.623,,129.78,1.722,,995.12,13.206,
G7 (Ember),2005,,,,,,,,7684.02,,13.174,,1012.31,814.05,10.594,,3.56,0.046,,55.26,0.719,,139.44,1.815,,1012.31,13.174,
G7 (Ember),2006,,,,,,,,7720.1,,13.758,,1062.16,840.88,10.892,,4.86,0.063,,71.88,0.931,,144.54,1.872,,1062.16,13.758,
G7 (Ember),2007,,,,,,,,7852.79,,13.377,,1050.46,797.8,10.159,,6.16,0.078,,94.08,1.198,,152.42,1.941,,1050.46,13.377,
G7 (Ember),2008,,,,,,,,7826.14,,14.25,,1115.19,830.55,10.613,,8.25,0.105,,121.15,1.548,,155.24,1.984,,1115.19,14.25,
G7 (Ember),2009,,,,,,,,7447.66,,15.521,,1155.95,836.87,11.237,,11.64,0.156,,147.11,1.975,,160.33,2.153,,1155.95,15.521,
G7 (Ember),2010,,,,,,,,7742.27,,15.482,,1198.63,831.45,10.739,,19.98,0.258,,175.2,2.263,,172.0,2.222,,1198.63,15.482,
G7 (Ember),2011,,,,,,,,7670.33,,17.32,,1328.53,886.06,11.552,,41.19,0.537,,222.87,2.906,,178.41,2.326,,1328.53,17.32,
G7 (Ember),2012,,,,,,,,7630.6,,17.943,,1369.13,857.42,11.237,,63.96,0.838,,256.97,3.368,,190.78,2.5,,1369.13,17.943,
G7 (Ember),2013,,,,,,,,7649.8,,19.255,,1473.0,887.39,11.6,,82.86,1.083,,296.3,3.873,,206.45,2.699,,1473.0,19.255,
G7 (Ember),2014,,,,,,,,7611.37,,20.09,,1529.12,865.2,11.367,,122.79,1.613,,322.43,4.236,,218.7,2.873,,1529.12,20.09,
G7 (Ember),2015,,,,,,,,7607.07,,21.096,,1604.78,838.33,11.02,,152.76,2.008,,380.06,4.996,,233.63,3.071,,1604.78,21.096,
G7 (Ember),2016,,,,,,,,7643.88,,22.064,,1686.56,855.18,11.188,,179.94,2.354,,419.41,5.487,,232.03,3.036,,1686.56,22.064,
G7 (Ember),2017,,,,,,,,7629.03,,23.875,,1821.42,879.9,11.534,,218.1,2.859,,489.72,6.419,,233.7,3.063,,1821.42,23.875,
G7 (Ember),2018,,,,,,,,7774.02,,24.482,,1903.23,890.54,11.455,,248.86,3.201,,526.69,6.775,,237.14,3.05,,1903.23,24.482,
G7 (Ember),2019,,,,,,,,7644.27,,25.582,,1955.52,867.19,11.344,,271.42,3.551,,580.87,7.599,,236.04,3.088,,1955.52,25.582,
G7 (Ember),2020,,,,,,,,7391.21,,28.118,,2078.27,880.5,11.913,,310.79,4.205,,648.65,8.776,,238.33,3.225,,2078.27,28.118,
G7 (Ember),2021,,,,,,,,7563.22,,27.747,,2098.53,838.54,11.087,,355.5,4.7,,662.18,8.755,,242.31,3.204,,2098.53,27.747,
G7 (Ember),2022,,,,,,,,7631.62,,29.145,,2224.23,818.6,10.726,,422.98,5.542,,746.91,9.787,,235.74,3.089,,2224.23,29.145,
G7 (Ember),2023,,,,,,,,7481.58,,30.419,,2275.83,797.48,10.659,,474.75,6.346,,768.37,10.27,,235.23,3.144,,2275.83,30.419,
G7 (Ember),2024,,,,,,,,7653.69,,31.628,,2420.71,813.53,10.629,,559.65,7.312,,802.8,10.489,,244.73,3.198,,2420.71,31.628,
G7 (Ember),2025,,,,,,,,7829.55,,32.489,,2543.77,786.56,10.046,,685.44,8.755,,818.56,10.455,,253.21,3.234,,2543.77,32.489,
High-income countries,1900,,521297821.0,,,,,,,,,,,,,,,,,,,,,,,,,
High-income countries,1901,,526745753.0,,,,,,,,,,,,,,,,,,,,,,,,,
High-income countries,1902,,532340252.0,,,,,,,,,,,,,,,,,,,,,,,,,
High-income countries,1903,,538085184.0,,,,,,,,,,,,,,,,,,,,,,,,,
High-income countries,1904,,543906470.0,,,,,,,,,,,,,,,,,,,,,,,,,
High-income countries,1905,,549806264.0,,,,,,,,,,,,,,,,,,,,,,,,,
High-income countries,1906,,555786187.0,,,,,,,,,,,,,,,,,,,,,,,,,
High-income countries,1907,,561851222.0,,,,,,,,,,,,,,,,,,,,,,,,,
High-income countries,1908,,567999566.0,,,,,,,,,,,,,,,,,,,,,,,,,
High-income countries,1909,,573585317.0,,,,,,,,,,,,,,,,,,,,,,,,,
High-income countries,1910,,578602376.0,,,,,,,,,,,,,,,,,,,,,,,,,
High-income countries,1911,,582983409.0,,,,,,,,,,,,,,,,,,,,,,,,,
High-income countries,1912,,586846583.0,,,,,,,,,,,,,,,,,,,,,,,,,
High-income countries,1913,,590131611.0,,,,,,,,,,,,,,,,,,,,,,,,,
High-income countries,1914,,593461508.0,,,,,,,,,,,,,,,,,,,,,,,,,
High-income countries,1915,,596776002.0,,,,,,,,,,,,,,,,,,,,,,,,,
High-income countries,1916,,600075052.0,,,,,,,,,,,,,,,,,,,,,,,,,
High-income countries,1917,,603403957.0,,,,,,,,,,,,,,,,,,,,,,,,,
High-income countries,1918,,606831228.0,,,,,,,,,,,,,,,,,,,,,,,,,
High-income countries,1919,,610828508.0,,,,,,,,,,,,,,,,,,,,,,,,,
High-income countries,1920,,615484140.0,,,,,,,,,,,,,,,,,,,,,,,,,
High-income countries,1921,,620658904.0,,,,,,,,,,,,,,,,,,,,,,,,,
High-income countries,1922,,626466827.0,,,,,,,,,,,,,,,,,,,,,,,,,
High-income countries,1923,,632807717.0,,,,,,,,,,,,,,,,,,,,,,,,,
High-income countries,1924,,639231658.0,,,,,,,,,,,,,,,,,,,,,,,,,
High-income countries,1925,,645741638.0,,,,,,,,,,,,,,,,,,,,,,,,,
High-income countries,1926,,652316952.0,,,,,,,,,,,,,,,,,,,,,,,,,
High-income countries,1927,,658958445.0,,,,,,,,,,,,,,,,,,,,,,,,,
High-income countries,1928,,665691164.0,,,,,,,,,,,,,,,,,,,,,,,,,
High-income countries,1929,,672193292.0,,,,,,,,,,,,,,,,,,,,,,,,,
High-income countries,1930,,678454074.0,,,,,,,,,,,,,,,,,,,,,,,,,
High-income countries,1931,,684481126.0,,,,,,,,,,,,,,,,,,,,,,,,,
High-income countries,1932,,690237662.0,,,,,,,,,,,,,,,,,,,,,,,,,
High-income countries,1933,,695721219.0,,,,,,,,,,,,,,,,,,,,,,,,,
High-income countries,1934,,701237682.0,,,,,,,,,,,,,,,,,,,,,,,,,
High-income countries,1935,,706798469.0,,,,,,,,,,,,,,,,,,,,,,,,,
High-income countries,1936,,712501220.0,,,,,,,,,,,,,,,,,,,,,,,,,
High-income countries,1937,,718319329.0,,,,,,,,,,,,,,,,,,,,,,,,,
High-income countries,1938,,724318862.0,,,,,,,,,,,,,,,,,,,,,,,,,
High-income countries,1939,,730498113.0,,,,,,,,,,,,,,,,,,,,,,,,,
High-income countries,1940,,736422923.0,,,,,,,,,,,,,,,,,,,,,,,,,
High-income countries,1941,,742141209.0,,,,,,,,,,,,,,,,,,,,,,,,,
High-income countries,1942,,747841836.0,,,,,,,,,,,,,,,,,,,,,,,,,
High-income countries,1943,,753641567.0,,,,,,,,,,,,,,,,,,,,,,,,,
High-income countries,1944,,759577616.0,,,,,,,,,,,,,,,,,,,,,,,,,
High-income countries,1945,,765070804.0,,,,,,,,,,,,,,,,,,,,,,,,,
High-income countries,1946,,769912900.0,,,,,,,,,,,,,,,,,,,,,,,,,
High-income countries,1947,,775400537.0,,,,,,,,,,,,,,,,,,,,,,,,,
High-income countries,1948,,782020517.0,,,,,,,,,,,,,,,,,,,,,,,,,
High-income countries,1949,,789461967.0,,,,,,,,,,,,,,,,,,,,,,,,,
High-income countries,1950,,803677085.0,,,,,,,,,,,,,,,,,,,,,,,,,
High-income countries,1951,,813122435.0,,,,,,,,,,,,,,,,,,,,,,,,,
High-income countries,1952,,822761916.0,,,,,,,,,,,,,,,,,,,,,,,,,
High-income countries,1953,,832946684.0,,,,,,,,,,,,,,,,,,,,,,,,,
High-income countries,1954,,843457760.0,,,,,,,,,,,,,,,,,,,,,,,,,
High-income countries,1955,,854182135.0,,,,,,,,,,,,,,,,,,,,,,,,,
High-income countries,1956,,864982708.0,,,,,,,,,,,,,,,,,,,,,,,,,
High-income countries,1957,,876095948.0,,,,,,,,,,,,,,,,,,,,,,,,,
High-income countries,1958,,887590973.0,,,,,,,,,,,,,,,,,,,,,,,,,
High-income countries,1959,,899076140.0,,,,,,,,,,,,,,,,,,,,,,,,,
High-income countries,1960,,910579223.0,,,,,,,,,,,,,,,,,,,,,,,,,
High-income countries,1961,,922087574.0,,,,,,,,,,,,,,,,,,,,,,,,,
High-income countries,1962,,933393647.0,,,,,,,,,,,,,,,,,,,,,,,,,
High-income countries,1963,,944422127.0,,,,,,,,,,,,,,,,,,,,,,,,,
High-income countries,1964,,955942899.0,,,,,,,,,,,,,,,,,,,,,,,,,
High-income countries,1965,,967359346.0,,31028.117,32075.068,93.235,28809.682,,6.552,,2024.5,726.584,708.699,,6.371,0.0,,0.0,0.0,,0.0,17.885,,0.181,726.584,,6.552
High-income countries,1966,,977693793.0,,32595.332,33339.0,93.131,30229.963,,6.592,,2139.646,767.812,748.128,,6.402,0.0,,0.0,0.0,,0.0,19.684,,0.19,767.812,,6.592
High-income countries,1967,,986958831.0,,33903.512,34351.496,93.186,31463.088,,6.496,,2193.187,787.071,767.257,,6.312,0.0,,0.0,0.0,,0.0,19.814,,0.183,787.071,,6.496
High-income countries,1968,,996237549.0,,36111.703,36248.086,93.356,33578.352,,6.265,,2253.558,808.538,786.597,,6.075,0.0,,0.0,0.0,,0.0,21.941,,0.191,808.538,,6.265
High-income countries,1969,,1006286584.0,,38571.781,38330.812,93.447,35903.293,,6.138,,2358.324,846.112,823.032,,5.95,0.0,,0.0,0.0,,0.0,23.08,,0.188,846.112,,6.138
High-income countries,1970,,1016197398.0,,40796.887,40146.617,93.526,38010.02,,5.974,,2427.781,870.88,845.915,,5.782,0.0,,0.0,0.0,,0.0,24.965,,0.192,870.88,,5.974
High-income countries,1971,,1026404337.0,,41869.629,40792.527,93.23,38881.543,,6.082,,2536.567,909.975,884.465,,5.891,0.0,,0.0,0.0,,0.0,25.51,,0.191,909.975,,6.082
High-income countries,1972,,1036705088.0,,44066.438,42506.242,93.06,40846.23,,6.047,,2654.182,952.068,924.57,,5.851,0.0,,0.0,0.0,,0.0,27.498,,0.196,952.068,,6.047
High-income countries,1973,,1046398353.0,,46538.984,44475.398,93.13,43177.07,,5.748,,2664.869,955.682,926.31,,5.55,0.0,,0.0,0.0,,0.0,29.371,,0.198,955.682,,5.748
High-income countries,1974,,1055695228.0,,45845.641,43426.965,92.131,42057.066,,6.398,,2920.778,1047.589,1016.463,,6.185,0.0,,0.0,0.0,,0.0,31.126,,0.213,1047.589,,6.398
High-income countries,1975,,1064433412.0,,45012.957,42288.184,91.393,40954.477,,6.524,,2923.554,1048.592,1017.489,,6.307,0.0,,0.0,0.0,,0.0,31.103,,0.217,1048.592,,6.524
High-income countries,1976,,1072839002.0,,47485.383,44261.426,91.765,43393.855,,5.952,,2814.372,1008.849,974.255,,5.723,0.0,,0.0,0.0,,0.0,34.595,,0.229,1008.849,,5.952
High-income countries,1977,,1081304497.0,,48613.383,44958.09,91.363,44228.234,,5.861,,2837.34,1016.904,980.592,,5.627,0.0,,0.0,0.0,,0.0,36.311,,0.234,1016.904,,5.861
High-income countries,1978,,1089655062.0,,50063.27,45944.145,90.717,45213.836,,6.117,,3048.927,1092.814,1054.411,,5.877,0.0,,0.0,0.003,,0.0,38.4,,0.241,1092.814,,6.117
High-income countries,1979,,1098001915.0,,51428.742,46838.48,90.621,46395.738,,6.199,,3173.614,1137.471,1097.228,,5.953,0.0,,0.0,0.006,,0.0,40.237,,0.246,1137.471,,6.199
High-income countries,1980,,1106630742.0,,49991.75,45174.734,90.123,44844.902,,6.343,,3156.068,1130.917,1088.766,,6.078,0.0,,0.0,0.01,,0.0,42.14,,0.265,1130.917,,6.343
High-income countries,1981,,1115099447.0,,48933.871,43882.965,89.187,43428.371,,6.546,,3187.416,1142.029,1098.491,,6.266,0.0,,0.0,0.01,,0.0,43.527,,0.279,1142.029,,6.546
High-income countries,1982,,1123182624.0,,47604.031,42383.164,88.332,41828.863,,6.945,,3288.883,1177.635,1126.719,,6.609,0.0,,0.0,0.019,,0.0,50.899,,0.336,1177.635,,6.945
High-income countries,1983,,1131150387.0,,47916.062,42360.469,87.433,41662.406,,7.251,,3455.364,1236.968,1181.23,,6.886,0.003,,0.0,0.033,,0.0,55.702,,0.365,1236.968,,7.251
High-income countries,1984,,1138944221.0,,49976.852,43879.98,86.915,43197.828,,6.983,,3470.644,1241.515,1178.127,,6.585,0.006,,0.0,0.045,,0.0,63.337,,0.398,1241.515,,6.983
High-income countries,1985,,1146684440.0,,60767.273,52993.895,87.068,52628.219,7652.104,6.467,18.283,3908.865,1399.07,1334.021,17.433,6.131,0.012,0.0,0.0,0.064,0.001,0.0,64.973,0.849,0.336,1399.07,18.283,6.467
High-income countries,1986,,1154735607.0,,61759.492,53483.664,86.709,53265.793,7807.953,6.395,18.0,3928.155,1405.41,1335.448,17.104,6.039,0.015,0.0,0.0,0.139,0.002,0.001,69.808,0.894,0.355,1405.41,18.0,6.395
High-income countries,1987,,1163054785.0,,63660.121,54735.273,86.534,54797.062,8144.754,6.2,17.239,3926.318,1404.09,1328.809,16.315,5.829,0.011,0.0,0.0,0.195,0.002,0.001,75.075,0.922,0.37,1404.09,17.239,6.2
High-income countries,1988,,1171490531.0,,65717.922,56097.699,86.38,56469.805,8456.104,6.026,16.657,3939.319,1408.494,1330.865,15.739,5.655,0.01,0.0,0.0,0.332,0.004,0.001,77.288,0.914,0.369,1408.494,16.657,6.026
High-income countries,1989,,1179895365.0,,66764.5,56585.102,86.398,57387.535,8844.041,5.865,15.735,3895.853,1391.632,1301.716,14.719,5.444,0.262,0.003,0.001,2.65,0.03,0.011,87.004,0.984,0.409,1391.632,15.735,5.865
High-income countries,1990,,1187956164.0,,67121.992,56502.078,86.021,57435.453,9061.17,6.088,15.95,4064.838,1445.23,1344.541,14.838,5.594,0.385,0.004,0.002,3.598,0.04,0.015,96.705,1.067,0.453,1445.23,15.95,6.088
High-income countries,1991,,1196239408.0,,67329.023,56283.902,85.555,57293.16,9207.629,6.181,15.971,4139.328,1470.538,1364.956,14.824,5.662,0.501,0.005,0.002,3.962,0.043,0.016,101.119,1.098,0.472,1470.538,15.971,6.181
High-income countries,1992,,1203963230.0,,67529.445,56089.293,85.544,57458.184,9222.436,6.147,15.885,4128.992,1464.973,1352.192,14.662,5.592,0.461,0.005,0.002,4.511,0.049,0.019,107.809,1.169,0.502,1464.973,15.885,6.147
High-income countries,1993,,1210728993.0,,67787.75,55989.203,85.008,57303.922,9371.314,6.418,16.371,4326.678,1534.139,1415.982,15.11,5.835,0.549,0.006,0.002,5.391,0.058,0.022,112.218,1.197,0.52,1534.139,16.371,6.418
High-income countries,1994,,1217906022.0,,68156.867,55962.336,85.065,57659.203,9503.438,6.271,15.835,4250.738,1504.899,1382.132,14.543,5.664,0.587,0.006,0.002,6.537,0.069,0.027,115.643,1.217,0.533,1504.899,15.835,6.271
High-income countries,1995,,1224543783.0,,69338.109,56623.625,84.626,58344.055,9763.969,6.505,16.262,4484.587,1587.787,1462.393,14.977,5.892,0.626,0.006,0.003,7.137,0.073,0.029,117.631,1.205,0.533,1587.787,16.262,6.505
High-income countries,1996,,1230513703.0,,71005.352,57703.828,84.688,59794.562,10003.072,6.374,15.953,4500.347,1595.792,1466.048,14.656,5.768,0.678,0.007,0.003,8.185,0.082,0.032,120.881,1.208,0.535,1595.792,15.953,6.374
High-income countries,1997,,1236583684.0,,71216.547,57591.367,84.621,59920.984,10155.719,6.555,16.179,4641.528,1643.085,1503.214,14.802,5.897,0.727,0.007,0.003,10.712,0.105,0.042,128.433,1.265,0.567,1643.085,16.179,6.555
High-income countries,1998,,1242177352.0,,71425.117,57499.934,84.566,60060.32,10396.744,6.458,15.596,4586.854,1621.505,1473.823,14.176,5.764,0.785,0.008,0.003,14.343,0.138,0.056,132.554,1.275,0.583,1621.505,15.596,6.458
High-income countries,1999,,1247730970.0,,72431.172,58050.312,84.342,60742.871,10627.12,6.448,15.439,4643.623,1640.743,1484.372,13.968,5.725,0.875,0.008,0.003,19.051,0.179,0.073,136.445,1.284,0.592,1640.743,15.439,6.448
High-income countries,2000,,1253937735.0,,73759.656,58822.422,84.354,61866.875,10782.62,6.425,15.592,4712.467,1681.24,1501.81,13.928,5.655,0.97,0.009,0.004,28.67,0.266,0.109,149.79,1.389,0.596,1681.24,15.592,6.425
High-income countries,2001,,1260506416.0,,73741.836,58501.754,84.458,61947.336,10811.35,6.141,14.849,4503.93,1605.33,1425.2,13.182,5.319,1.3,0.012,0.005,34.73,0.321,0.131,144.1,1.333,0.619,1605.33,14.849,6.141
High-income countries,2002,,1267822166.0,,74388.32,58674.098,84.468,62482.711,11047.229,6.169,14.778,4563.374,1632.58,1425.31,12.902,5.234,1.62,0.015,0.006,48.57,0.44,0.179,157.08,1.422,0.669,1632.58,14.778,6.169
High-income countries,2003,,1275305584.0,,75259.633,59013.02,85.031,63658.332,11196.49,6.05,14.481,4529.433,1621.41,1394.07,12.451,5.03,1.99,0.018,0.008,58.76,0.525,0.213,166.59,1.488,0.693,1621.41,14.481,6.05
High-income countries,2004,,1282405681.0,,76828.586,59909.734,84.747,64772.32,11454.38,6.19,14.776,4731.293,1692.45,1431.58,12.498,5.035,2.64,0.023,0.01,77.81,0.679,0.275,180.42,1.575,0.736,1692.45,14.776,6.19
High-income countries,2005,,1289639261.0,,77404.531,60020.297,84.72,65219.805,11731.33,6.323,14.888,4867.671,1746.61,1452.54,12.382,5.018,3.8,0.032,0.014,95.19,0.811,0.332,195.08,1.663,0.791,1746.61,14.888,6.323
High-income countries,2006,,1297063813.0,,77842.117,60014.102,84.544,65458.68,11866.88,6.502,15.075,5034.236,1788.91,1459.62,12.3,5.001,5.21,0.044,0.019,118.45,0.998,0.409,205.63,1.733,0.829,1788.91,15.075,6.502
High-income countries,2007,,1305649028.0,,78581.961,60186.129,84.824,66316.578,12145.609,6.578,14.94,5143.075,1814.52,1437.21,11.833,4.834,7.0,0.058,0.026,151.25,1.245,0.515,219.06,1.804,0.874,1814.52,14.94,6.578
High-income countries,2008,,1314867453.0,,78135.367,59424.52,84.464,65633.664,12176.819,6.994,15.575,5435.129,1896.53,1466.76,12.046,4.939,11.48,0.094,0.042,189.25,1.554,0.643,229.04,1.881,0.917,1896.53,15.575,6.994
High-income countries,2009,,1323319806.0,,74510.922,56306.059,83.622,61954.289,11728.1,7.594,16.722,5626.3,1961.23,1475.4,12.58,5.18,19.24,0.164,0.072,226.75,1.933,0.803,239.84,2.045,1.001,1961.23,16.722,7.594
High-income countries,2010,,1331186276.0,,77652.289,58333.148,83.821,64709.016,12239.25,7.627,16.742,5888.114,2049.06,1490.86,12.181,4.974,30.93,0.253,0.11,267.78,2.188,0.902,259.49,2.12,1.048,2049.06,16.742,7.627
High-income countries,2011,,1339286565.0,,77322.109,57733.805,83.86,64465.082,12220.78,8.082,17.729,6213.002,2166.58,1505.63,12.32,5.019,59.24,0.485,0.206,329.33,2.695,1.11,272.38,2.229,1.098,2166.58,17.729,8.082
High-income countries,2012,,1347506296.0,,76881.953,57054.984,84.083,64274.031,12260.35,8.505,18.534,6501.207,2272.33,1510.64,12.321,5.035,88.94,0.725,0.314,379.28,3.094,1.281,293.47,2.394,1.196,2272.33,18.534,8.505
High-income countries,2013,,1355469061.0,,77613.195,57259.289,83.758,64605.238,12257.271,8.935,19.816,6891.847,2428.86,1561.31,12.738,5.111,116.33,0.949,0.407,439.7,3.587,1.461,311.52,2.542,1.253,2428.86,19.816,8.935
High-income countries,2014,,1363592543.0,,77376.102,56744.297,83.433,64158.969,12266.649,9.191,20.464,7067.715,2510.2,1544.13,12.588,5.041,163.36,1.332,0.538,474.48,3.868,1.565,328.23,2.676,1.321,2510.2,20.464,9.191
High-income countries,2015,,1372281696.0,,77674.086,56602.145,83.26,64275.359,12346.04,9.453,21.089,7297.882,2603.7,1503.87,12.181,4.86,200.06,1.62,0.655,552.54,4.475,1.806,347.23,2.812,1.392,2603.7,21.089,9.453
High-income countries,2016,,1380894709.0,,78164.031,56603.902,83.048,64489.703,12479.13,9.776,21.855,7591.578,2727.34,1551.33,12.431,4.941,233.24,1.869,0.753,595.93,4.775,1.92,346.84,2.779,1.383,2727.34,21.855,9.776
High-income countries,2017,,1388094202.0,,78806.312,56773.027,82.863,64873.863,12557.25,10.107,22.738,7912.961,2855.3,1535.98,12.232,4.834,280.55,2.234,0.896,686.09,5.464,2.181,352.68,2.809,1.4,2855.3,22.738,10.107
High-income countries,2018,,1394159697.0,,80034.594,57407.047,82.695,65751.977,12730.43,10.373,23.498,8247.45,2991.35,1579.42,12.407,4.872,322.38,2.532,1.005,729.19,5.728,2.268,360.36,2.831,1.418,2991.35,23.498,10.373
High-income countries,2019,,1400146576.0,,79204.406,56568.652,82.184,64640.992,12627.57,10.729,24.357,8438.627,3075.64,1527.63,12.098,4.734,370.17,2.931,1.161,812.44,6.434,2.535,365.4,2.894,1.447,3075.64,24.357,10.729
High-income countries,2020,,1403650770.0,,74126.406,52809.723,80.601,59291.332,12311.24,12.223,26.94,8991.263,3316.64,1592.35,12.934,5.276,442.17,3.592,1.48,911.16,7.401,3.045,370.96,3.013,1.566,3316.64,26.94,12.223
High-income countries,2021,,1404873283.0,,77363.383,55067.871,80.909,62138.199,12725.891,12.07,26.854,9270.049,3417.46,1561.31,12.269,4.931,525.34,4.128,1.68,941.75,7.4,3.01,389.06,3.057,1.571,3417.46,26.854,12.07
High-income countries,2022,,1410112397.0,,78006.219,55319.148,80.97,62705.543,12850.92,12.451,27.706,9642.194,3560.45,1470.79,11.445,4.59,648.76,5.048,2.049,1063.25,8.274,3.361,377.65,2.939,1.526,3560.45,27.706,12.451
High-income countries,2023,,1416794460.0,,77329.742,54580.777,80.114,61439.566,12720.2,13.159,29.409,10091.479,3740.86,1491.68,11.727,4.683,763.26,6.0,2.417,1116.7,8.779,3.541,369.22,2.903,1.485,3740.86,29.409,13.159
High-income countries,2024,,1420176158.0,,78513.922,55284.637,79.491,61913.219,13028.19,13.733,30.663,10696.276,3994.87,1535.32,11.785,4.747,902.93,6.931,2.81,1177.24,9.036,3.672,379.38,2.912,1.476,3994.87,30.663,13.733
Kosovo,2000,,1802488.0,,,,,,2.96,,1.689,,0.05,0.05,1.689,,0.0,0.0,,,,,0.0,0.0,,0.05,1.689,
Kosovo,2001,,1820013.0,,,,,,3.73,,1.34,,0.05,0.05,1.34,,0.0,0.0,,,,,0.0,0.0,,0.05,1.34,
Kosovo,2002,,1829467.0,,,,,,3.71,,1.348,,0.05,0.05,1.348,,0.0,0.0,,,,,0.0,0.0,,0.05,1.348,
Kosovo,2003,,1826436.0,,,,,,3.63,,1.377,,0.05,0.05,1.377,,0.0,0.0,,,,,0.0,0.0,,0.05,1.377,
Kosovo,2004,,1822778.0,,,,,,4.08,,2.696,,0.11,0.11,2.696,,0.0,0.0,,,,,0.0,0.0,,0.11,2.696,
Kosovo,2005,,1818356.0,,,,,,4.46,,2.466,,0.11,0.11,2.466,,0.0,0.0,,,,,0.0,0.0,,0.11,2.466,
Kosovo,2006,,1813077.0,,,,,,4.43,,2.257,,0.1,0.1,2.257,,0.0,0.0,,,,,0.0,0.0,,0.1,2.257,
Kosovo,2007,,1807098.0,,,,,,4.83,,1.863,,0.09,0.09,1.863,,0.0,0.0,,,,,0.0,0.0,,0.09,1.863,
Kosovo,2008,,1800861.0,,24.304,13495.893,,,5.16,,1.55,,0.08,0.08,1.55,,0.0,0.0,,,,,0.0,0.0,,0.08,1.55,
Kosovo,2009,,1794688.0,,27.278,15199.542,,,4.97,,2.414,,0.12,0.12,2.414,,0.0,0.0,,,,,0.0,0.0,,0.12,2.414,
Kosovo,2010,,1788756.0,,26.971,15077.887,,,5.17,,3.095,,0.16,0.16,3.095,,0.0,0.0,,0.0,0.0,,0.0,0.0,,0.16,3.095,
Kosovo,2011,,1791949.0,,27.213,15186.068,,,5.8,,1.724,,0.1,0.1,1.724,,0.0,0.0,,0.0,0.0,,0.0,0.0,,0.1,1.724,
Kosovo,2012,,1806538.0,,27.097,14999.254,,,5.94,,1.684,,0.1,0.1,1.684,,0.0,0.0,,,,,0.0,0.0,,0.1,1.684,
Kosovo,2013,,1817171.0,,25.834,14216.857,,,6.52,,2.147,,0.14,0.14,2.147,,0.0,0.0,,,,,0.0,0.0,,0.14,2.147,
Kosovo,2014,,1808983.0,,23.904,13214.047,,,5.43,,2.762,,0.15,0.15,2.762,,0.0,0.0,,0.0,0.0,,0.0,0.0,,0.15,2.762,
Kosovo,2015,,1779019.0,,27.411,15408.185,,,6.11,,2.291,,0.14,0.14,2.291,,0.0,0.0,,0.0,0.0,,0.0,0.0,,0.14,2.291,
Kosovo,2016,,1761765.0,,28.287,16056.002,,,5.98,,4.181,,0.25,0.25,4.181,,0.0,0.0,,0.0,0.0,,0.0,0.0,,0.25,4.181,
Kosovo,2017,,1768125.0,,25.398,14364.315,,,5.92,,3.041,,0.18,0.18,3.041,,0.0,0.0,,0.0,0.0,,0.0,0.0,,0.18,3.041,
Kosovo,2018,,1767748.0,,25.759,14571.582,,,5.91,,5.076,,0.3,0.27,4.569,,0.0,0.0,,0.03,0.508,,0.0,0.0,,0.3,5.076,
Kosovo,2019,,1755048.0,,28.325,16139.251,,,6.35,,4.882,,0.31,0.21,3.307,,0.01,0.157,,0.09,1.417,,0.0,0.0,,0.31,4.882,
Kosovo,2020,,1751413.0,,28.371,16199.065,,,6.7,,5.373,,0.36,0.26,3.881,,0.01,0.149,,0.09,1.343,,0.0,0.0,,0.36,5.373,
Kosovo,2021,,1741449.0,,30.949,17771.857,,,6.91,,6.512,,0.45,0.3,4.342,,0.02,0.289,,0.13,1.881,,0.0,0.0,,0.45,6.512,
Kosovo,2022,,1717950.0,,30.302,17638.699,,,6.91,,6.512,,0.45,0.3,4.342,,0.02,0.289,,0.13,1.881,,0.0,0.0,,0.45,6.512,
Kosovo,2023,,1700039.0,,26.811,15770.582,,,6.34,,12.618,,0.8,0.39,6.151,,0.01,0.158,,0.4,6.309,,0.0,0.0,,0.8,12.618,
Kosovo,2024,,1684796.0,,,,,,6.77,,8.567,,0.58,0.21,3.102,,0.01,0.148,,0.36,5.318,,0.0,0.0,,0.58,8.567,
Kosovo,2025,,1674131.0,,,,,,5.35,,11.028,,0.59,0.23,4.299,,0.01,0.187,,0.35,6.542,,0.0,0.0,,0.59,11.028,
Latin America and Caribbean (Ember),2000,,,,,,,,1007.87,,60.044,,605.17,584.3,57.974,,0.02,0.002,,0.24,0.024,,20.61,2.045,,605.17,60.044,
Latin America and Caribbean (Ember),2001,,,,,,,,999.47,,56.657,,566.27,542.94,54.323,,0.02,0.002,,0.32,0.032,,22.99,2.3,,566.27,56.657,
Latin America and Caribbean (Ember),2002,,,,,,,,1030.79,,57.152,,589.12,564.38,54.752,,0.02,0.002,,0.45,0.044,,24.27,2.355,,589.12,57.152,
Latin America and Caribbean (Ember),2003,,,,,,,,1078.12,,56.607,,610.29,582.85,54.062,,0.02,0.002,,0.51,0.047,,26.91,2.496,,610.29,56.607,
Latin America and Caribbean (Ember),2004,,,,,,,,1133.71,,56.462,,640.12,611.08,53.901,,0.02,0.002,,0.53,0.047,,28.49,2.513,,640.12,56.462,
Latin America and Caribbean (Ember),2005,,,,,,,,1183.18,,57.372,,678.81,647.83,54.753,,0.02,0.002,,0.51,0.043,,30.45,2.574,,678.81,57.372,
Latin America and Caribbean (Ember),2006,,,,,,,,1235.82,,57.44,,709.86,678.06,54.867,,0.02,0.002,,0.78,0.063,,31.0,2.508,,709.86,57.44,
Latin America and Caribbean (Ember),2007,,,,,,,,1290.06,,56.999,,735.32,696.65,54.001,,0.02,0.002,,1.36,0.105,,37.29,2.891,,735.32,56.999,
Latin America and Caribbean (Ember),2008,,,,,,,,1332.71,,56.609,,754.43,712.64,53.473,,0.04,0.003,,1.87,0.14,,39.88,2.992,,754.43,56.609,
Latin America and Caribbean (Ember),2009,,,,,,,,1337.36,,57.121,,763.92,717.03,53.615,,0.06,0.004,,2.64,0.197,,44.19,3.304,,763.92,57.121,
Latin America and Caribbean (Ember),2010,,,,,,,,1405.55,,56.209,,790.04,730.38,51.964,,0.08,0.006,,4.62,0.329,,54.96,3.91,,790.04,56.209,
Latin America and Caribbean (Ember),2011,,,,,,,,1462.2,,57.156,,835.73,772.3,52.818,,0.16,0.011,,5.9,0.404,,57.37,3.924,,835.73,57.156,
Latin America and Caribbean (Ember),2012,,,,,,,,1520.44,,54.352,,826.39,753.01,49.526,,0.41,0.027,,11.38,0.748,,61.59,4.051,,826.39,54.352,
Latin America and Caribbean (Ember),2013,,,,,,,,1571.96,,52.071,,818.53,734.65,46.735,,0.75,0.048,,14.25,0.907,,68.88,4.382,,818.53,52.071,
Latin America and Caribbean (Ember),2014,,,,,,,,1571.83,,51.301,,806.36,704.2,44.801,,1.46,0.093,,24.87,1.582,,75.83,4.824,,806.36,51.301,
Latin America and Caribbean (Ember),2015,,,,,,,,1611.77,,50.88,,820.07,696.99,43.244,,3.06,0.19,,40.09,2.487,,79.93,4.959,,820.07,50.88,
Latin America and Caribbean (Ember),2016,,,,,,,,1628.54,,52.617,,856.89,713.94,43.839,,5.23,0.321,,55.43,3.404,,82.29,5.053,,856.89,52.617,
Latin America and Caribbean (Ember),2017,,,,,,,,1630.07,,54.2,,883.49,725.0,44.477,,8.75,0.537,,66.38,4.072,,83.36,5.114,,883.49,54.2,
Latin America and Caribbean (Ember),2018,,,,,,,,1668.54,,55.226,,921.47,743.08,44.535,,16.14,0.967,,77.94,4.671,,84.31,5.053,,921.47,55.226,
Latin America and Caribbean (Ember),2019,,,,,,,,1679.9,,55.127,,926.08,715.61,42.598,,29.18,1.737,,95.19,5.666,,86.1,5.125,,926.08,55.127,
Latin America and Caribbean (Ember),2020,,,,,,,,1639.0,,58.325,,955.95,718.18,43.818,,41.98,2.561,,104.56,6.379,,91.23,5.566,,955.95,58.325,
Latin America and Caribbean (Ember),2021,,,,,,,,1702.1,,57.45,,977.85,703.27,41.318,,57.84,3.398,,126.95,7.458,,89.79,5.275,,977.85,57.45,
Latin America and Caribbean (Ember),2022,,,,,,,,1732.06,,62.047,,1074.69,771.22,44.526,,77.73,4.488,,138.11,7.974,,87.63,5.059,,1074.69,62.047,
Latin America and Caribbean (Ember),2023,,,,,,,,1789.39,,62.354,,1115.76,765.37,42.773,,104.83,5.858,,154.13,8.614,,91.43,5.11,,1115.76,62.354,
Latin America and Caribbean (Ember),2024,,,,,,,,1831.23,,62.545,,1145.35,750.91,41.006,,133.9,7.312,,169.12,9.235,,91.42,4.992,,1145.35,62.545,
Latin America and Caribbean (Ember),2025,,,,,,,,1846.94,,63.475,,1172.35,741.69,40.158,,158.3,8.571,,184.14,9.97,,88.22,4.777,,1172.35,63.475,
Low-income countries,1900,,78667414.0,,,,,,,,,,,,,,,,,,,,,,,,,
Low-income countries,1901,,78682862.0,,,,,,,,,,,,,,,,,,,,,,,,,
Low-income countries,1902,,78706428.0,,,,,,,,,,,,,,,,,,,,,,,,,
Low-income countries,1903,,78738727.0,,,,,,,,,,,,,,,,,,,,,,,,,
Low-income countries,1904,,78775575.0,,,,,,,,,,,,,,,,,,,,,,,,,
Low-income countries,1905,,78816986.0,,,,,,,,,,,,,,,,,,,,,,,,,
Low-income countries,1906,,78862973.0,,,,,,,,,,,,,,,,,,,,,,,,,
Low-income countries,1907,,78913561.0,,,,,,,,,,,,,,,,,,,,,,,,,
Low-income countries,1908,,78968750.0,,,,,,,,,,,,,,,,,,,,,,,,,
Low-income countries,1909,,79127211.0,,,,,,,,,,,,,,,,,,,,,,,,,
Low-income countries,1910,,79394799.0,,,,,,,,,,,,,,,,,,,,,,,,,
Low-income countries,1911,,79777152.0,,,,,,,,,,,,,,,,,,,,,,,,,
Low-income countries,1912,,80282415.0,,,,,,,,,,,,,,,,,,,,,,,,,
Low-income countries,1913,,80917242.0,,,,,,,,,,,,,,,,,,,,,,,,,
Low-income countries,1914,,81591165.0,,,,,,,,,,,,,,,,,,,,,,,,,
Low-income countries,1915,,82306863.0,,,,,,,,,,,,,,,,,,,,,,,,,
Low-income countries,1916,,83067204.0,,,,,,,,,,,,,,,,,,,,,,,,,
Low-income countries,1917,,83875278.0,,,,,,,,,,,,,,,,,,,,,,,,,
Low-income countries,1918,,84738735.0,,,,,,,,,,,,,,,,,,,,,,,,,
Low-income countries,1919,,85484497.0,,,,,,,,,,,,,,,,,,,,,,,,,
Low-income countries,1920,,86111014.0,,,,,,,,,,,,,,,,,,,,,,,,,
Low-income countries,1921,,86615768.0,,,,,,,,,,,,,,,,,,,,,,,,,
Low-income countries,1922,,86995211.0,,,,,,,,,,,,,,,,,,,,,,,,,
Low-income countries,1923,,87244742.0,,,,,,,,,,,,,,,,,,,,,,,,,
Low-income countries,1924,,87532261.0,,,,,,,,,,,,,,,,,,,,,,,,,
Low-income countries,1925,,87856497.0,,,,,,,,,,,,,,,,,,,,,,,,,
Low-income countries,1926,,88216249.0,,,,,,,,,,,,,,,,,,,,,,,,,
Low-income countries,1927,,88610397.0,,,,,,,,,,,,,,,,,,,,,,,,,
Low-income countries,1928,,89037891.0,,,,,,,,,,,,,,,,,,,,,,,,,
Low-income countries,1929,,89554143.0,,,,,,,,,,,,,,,,,,,,,,,,,
Low-income countries,1930,,90154401.0,,,,,,,,,,,,,,,,,,,,,,,,,
Low-income countries,1931,,90834164.0,,,,,,,,,,,,,,,,,,,,,,,,,
Low-income countries,1932,,91589136.0,,,,,,,,,,,,,,,,,,,,,,,,,
Low-income countries,1933,,92415258.0,,,,,,,,,,,,,,,,,,,,,,,,,
Low-income countries,1934,,93252252.0,,,,,,,,,,,,,,,,,,,,,,,,,
Low-income countries,1935,,94100274.0,,,,,,,,,,,,,,,,,,,,,,,,,
Low-income countries,1936,,94959473.0,,,,,,,,,,,,,,,,,,,,,,,,,
Low-income countries,1937,,95830003.0,,,,,,,,,,,,,,,,,,,,,,,,,
Low-income countries,1938,,96712017.0,,,,,,,,,,,,,,,,,,,,,,,,,
Low-income countries,1939,,97666562.0,,,,,,,,,,,,,,,,,,,,,,,,,
Low-income countries,1940,,98695327.0,,,,,,,,,,,,,,,,,,,,,,,,,
Low-income countries,1941,,99800027.0,,,,,,,,,,,,,,,,,,,,,,,,,
Low-income countries,1942,,100982424.0,,,,,,,,,,,,,,,,,,,,,,,,,
Low-income countries,1943,,102244306.0,,,,,,,,,,,,,,,,,,,,,,,,,
Low-income countries,1944,,103526614.0,,,,,,,,,,,,,,,,,,,,,,,,,
Low-income countries,1945,,104829688.0,,,,,,,,,,,,,,,,,,,,,,,,,
Low-income countries,1946,,106153873.0,,,,,,,,,,,,,,,,,,,,,,,,,
Low-income countries,1947,,107499520.0,,,,,,,,,,,,,,,,,,,,,,,,,
Low-income countries,1948,,108866986.0,,,,,,,,,,,,,,,,,,,,,,,,,
Low-income countries,1949,,110396461.0,,,,,,,,,,,,,,,,,,,,,,,,,
Low-income countries,1950,,112417198.0,,,,,,,,,,,,,,,,,,,,,,,,,
Low-income countries,1951,,113856117.0,,,,,,,,,,,,,,,,,,,,,,,,,
Low-income countries,1952,,115581853.0,,,,,,,,,,,,,,,,,,,,,,,,,
Low-income countries,1953,,117615340.0,,,,,,,,,,,,,,,,,,,,,,,,,
Low-income countries,1954,,119859723.0,,,,,,,,,,,,,,,,,,,,,,,,,
Low-income countries,1955,,122293854.0,,,,,,,,,,,,,,,,,,,,,,,,,
Low-income countries,1956,,124856286.0,,,,,,,,,,,,,,,,,,,,,,,,,
Low-income countries,1957,,127501597.0,,,,,,,,,,,,,,,,,,,,,,,,,
Low-income countries,1958,,130192598.0,,,,,,,,,,,,,,,,,,,,,,,,,
Low-income countries,1959,,133046210.0,,,,,,,,,,,,,,,,,,,,,,,,,
Low-income countries,1960,,136125812.0,,,,,,,,,,,,,,,,,,,,,,,,,
Low-income countries,1961,,139355408.0,,,,,,,,,,,,,,,,,,,,,,,,,
Low-income countries,1962,,142712693.0,,,,,,,,,,,,,,,,,,,,,,,,,
Low-income countries,1963,,146205567.0,,,,,,,,,,,,,,,,,,,,,,,,,
Low-income countries,1964,,149866133.0,,,,,,,,,,,,,,,,,,,,,,,,,
Low-income countries,1965,,153680709.0,,,,,,,,,,,,,,,,,,,,,,,,,
Low-income countries,1966,,157615047.0,,,,,,,,,,,,,,,,,,,,,,,,,
Low-income countries,1967,,161746463.0,,,,,,,,,,,,,,,,,,,,,,,,,
Low-income countries,1968,,166073639.0,,,,,,,,,,,,,,,,,,,,,,,,,
Low-income countries,1969,,170544885.0,,,,,,,,,,,,,,,,,,,,,,,,,
Low-income countries,1970,,175151214.0,,,,,,,,,,,,,,,,,,,,,,,,,
Low-income countries,1971,,179815331.0,,,,,,,,,,,,,,,,,,,,,,,,,
Low-income countries,1972,,184480537.0,,,,,,,,,,,,,,,,,,,,,,,,,
Low-income countries,1973,,189367147.0,,,,,,,,,,,,,,,,,,,,,,,,,
Low-income countries,1974,,194455304.0,,,,,,,,,,,,,,,,,,,,,,,,,
Low-income countries,1975,,199576711.0,,,,,,,,,,,,,,,,,,,,,,,,,
Low-income countries,1976,,204813494.0,,,,,,,,,,,,,,,,,,,,,,,,,
Low-income countries,1977,,210006614.0,,,,,,,,,,,,,,,,,,,,,,,,,
Low-income countries,1978,,215747916.0,,,,,,,,,,,,,,,,,,,,,,,,,
Low-income countries,1979,,221769541.0,,,,,,,,,,,,,,,,,,,,,,,,,
Low-income countries,1980,,226723539.0,,487.109,2148.472,,,,,,,,,,,,,,,,,,,,,,
Low-income countries,1981,,231201169.0,,493.7,2135.37,,,,,,,,,,,,,,,,,,,,,,
Low-income countries,1982,,236787467.0,,515.609,2177.518,,,,,,,,,,,,,,,,,,,,,,
Low-income countries,1983,,243197076.0,,544.354,2238.323,,,,,,,,,,,,,,,,,,,,,,
Low-income countries,1984,,249764062.0,,565.074,2262.433,,,,,,,,,,,,,,,,,,,,,,
Low-income countries,1985,,256472922.0,,524.768,2046.096,,,,,,,,,,,,,,,,,,,,,,
Low-income countries,1986,,263230599.0,,521.071,1979.521,,,,,,,,,,,,,,,,,,,,,,
Low-income countries,1987,,270279297.0,,534.195,1976.455,,,,,,,,,,,,,,,,,,,,,,
Low-income countries,1988,,277539287.0,,614.885,2215.489,,,,,,,,,,,,,,,,,,,,,,
Low-income countries,1989,,285123979.0,,564.138,1978.571,,,,,,,,,,,,,,,,,,,,,,
Low-income countries,1990,,292663595.0,,588.289,2010.122,,,,,,,,,,,,,,,,,,,,,,
Low-income countries,1991,,300360059.0,,564.675,1879.994,,,,,,,,,,,,,,,,,,,,,,
Low-income countries,1992,,309369865.0,,574.643,1857.464,,,,,,,,,,,,,,,,,,,,,,
Low-income countries,1993,,319277771.0,,603.071,1888.86,,,,,,,,,,,,,,,,,,,,,,
Low-income countries,1994,,328801392.0,,598.045,1818.864,,,,,,,,,,,,,,,,,,,,,,
Low-income countries,1995,,338406194.0,,638.931,1888.06,,,,,,,,,,,,,,,,,,,,,,
Low-income countries,1996,,348513467.0,,640.133,1836.753,,,,,,,,,,,,,,,,,,,,,,
Low-income countries,1997,,358535391.0,,649.343,1811.1,,,,,,,,,,,,,,,,,,,,,,
Low-income countries,1998,,368772687.0,,638.405,1731.161,,,,,,,,,,,,,,,,,,,,,,
Low-income countries,1999,,379366090.0,,713.56,1880.927,,,,,,,,,,,,,,,,,,,,,,
Low-income countries,2000,,389723485.0,,700.358,1797.064,,,75.04,,48.108,,36.1,35.77,47.668,,0.0,0.0,,0.0,0.0,,0.33,0.44,,36.1,48.108,
Low-income countries,2001,,400384099.0,,698.786,1745.289,,,80.45,,48.9,,39.34,38.99,48.465,,0.0,0.0,,0.0,0.0,,0.35,0.435,,39.34,48.9,
Low-income countries,2002,,412284807.0,,716.02,1736.713,,,83.16,,47.823,,39.77,39.41,47.391,,0.0,0.0,,0.0,0.0,,0.36,0.433,,39.77,47.823,
Low-income countries,2003,,424679097.0,,729.436,1717.617,,,86.6,,46.074,,39.9,39.52,45.635,,0.0,0.0,,0.0,0.0,,0.38,0.439,,39.9,46.074,
Low-income countries,2004,,436967699.0,,777.257,1778.751,,,92.15,,47.965,,44.2,43.8,47.531,,0.0,0.0,,0.0,0.0,,0.4,0.434,,44.2,47.965,
Low-income countries,2005,,449724246.0,,825.407,1835.361,,,100.39,,47.385,,47.57,47.17,46.987,,0.0,0.0,,0.0,0.0,,0.4,0.398,,47.57,47.385,
Low-income countries,2006,,463303557.0,,843.372,1820.344,,,104.65,,46.087,,48.23,47.82,45.695,,0.01,0.01,,0.0,0.0,,0.4,0.382,,48.23,46.087,
Low-income countries,2007,,477111736.0,,847.54,1776.396,,,108.55,,46.771,,50.77,50.36,46.393,,0.01,0.009,,0.0,0.0,,0.4,0.368,,50.77,46.771,
Low-income countries,2008,,490973774.0,,895.07,1823.051,,,112.76,,44.289,,49.94,49.48,43.881,,0.02,0.018,,0.0,0.0,,0.44,0.39,,49.94,44.289,
Low-income countries,2009,,505164159.0,,869.449,1721.122,,,119.1,,43.409,,51.7,51.19,42.981,,0.02,0.017,,0.0,0.0,,0.49,0.411,,51.7,43.409,
Low-income countries,2010,,519647365.0,,887.128,1707.174,,,127.25,,45.807,,58.29,57.76,45.391,,0.04,0.031,,0.0,0.0,,0.49,0.385,,58.29,45.807,
Low-income countries,2011,,534392915.0,,803.013,1502.665,,,120.58,,49.677,,59.9,59.39,49.254,,0.05,0.041,,0.03,0.025,,0.43,0.357,,59.9,49.677,
Low-income countries,2012,,549004721.0,,744.282,1355.693,,,114.13,,53.553,,61.12,60.34,52.87,,0.12,0.105,,0.19,0.166,,0.47,0.412,,61.12,53.553,
Low-income countries,2013,,563040135.0,,727.483,1292.062,,,112.06,,58.237,,65.26,64.24,57.326,,0.15,0.134,,0.36,0.321,,0.51,0.455,,65.26,58.237,
Low-income countries,2014,,577051647.0,,723.876,1254.44,,,111.77,,60.866,,68.03,66.77,59.739,,0.19,0.17,,0.5,0.447,,0.57,0.51,,68.03,60.866,
Low-income countries,2015,,591583770.0,,664.832,1123.818,,,109.75,,59.125,,64.89,63.11,57.503,,0.35,0.319,,0.76,0.692,,0.67,0.61,,64.89,59.125,
Low-income countries,2016,,607210136.0,,684.587,1127.43,,,119.73,,58.089,,69.55,67.6,56.46,,0.47,0.393,,0.79,0.66,,0.69,0.576,,69.55,58.089,
Low-income countries,2017,,623824285.0,,806.414,1292.695,,,120.28,,57.674,,69.37,67.54,56.152,,0.58,0.482,,0.55,0.457,,0.7,0.582,,69.37,57.674,
Low-income countries,2018,,641385698.0,,812.319,1266.507,,,129.25,,56.511,,73.04,70.7,54.7,,0.99,0.766,,0.55,0.426,,0.8,0.619,,73.04,56.511,
Low-income countries,2019,,659875267.0,,842.747,1277.13,,,133.01,,57.409,,76.36,73.59,55.327,,1.13,0.85,,0.87,0.654,,0.77,0.579,,76.36,57.409,
Low-income countries,2020,,678679145.0,,789.754,1163.663,,,133.21,,60.739,,80.91,78.11,58.637,,1.36,1.021,,0.63,0.473,,0.81,0.608,,80.91,60.739,
Low-income countries,2021,,697273071.0,,778.989,1117.194,,,139.05,,62.15,,86.42,82.08,59.029,,2.59,1.863,,0.84,0.604,,0.91,0.654,,86.42,62.15,
Low-income countries,2022,,715844683.0,,797.43,1113.971,,,142.13,,64.863,,92.19,86.58,60.916,,3.98,2.8,,0.58,0.408,,1.05,0.739,,92.19,64.863,
Low-income countries,2023,,735385966.0,,816.993,1110.971,,,150.14,,61.742,,92.7,86.96,57.919,,4.11,2.737,,0.58,0.386,,1.05,0.699,,92.7,61.742,
Low-income countries,2024,,755559274.0,,,,,,158.08,,63.651,,100.62,94.16,59.565,,4.69,2.967,,0.72,0.455,,1.05,0.664,,100.62,63.651,
Lower-middle-income countries,1900,,443464073.0,,,,,,,,,,,,,,,,,,,,,,,,,
Lower-middle-income countries,1901,,446098965.0,,,,,,,,,,,,,,,,,,,,,,,,,
Lower-middle-income countries,1902,,449128779.0,,,,,,,,,,,,,,,,,,,,,,,,,
Lower-middle-income countries,1903,,452562537.0,,,,,,,,,,,,,,,,,,,,,,,,,
Lower-middle-income countries,1904,,456057886.0,,,,,,,,,,,,,,,,,,,,,,,,,
Lower-middle-income countries,1905,,459617010.0,,,,,,,,,,,,,,,,,,,,,,,,,
Lower-middle-income countries,1906,,463242620.0,,,,,,,,,,,,,,,,,,,,,,,,,
Lower-middle-income countries,1907,,466936701.0,,,,,,,,,,,,,,,,,,,,,,,,,
Lower-middle-income countries,1908,,470701767.0,,,,,,,,,,,,,,,,,,,,,,,,,
Lower-middle-income countries,1909,,473988473.0,,,,,,,,,,,,,,,,,,,,,,,,,
Lower-middle-income countries,1910,,476785767.0,,,,,,,,,,,,,,,,,,,,,,,,,
Lower-middle-income countries,1911,,479086199.0,,,,,,,,,,,,,,,,,,,,,,,,,
Lower-middle-income countries,1912,,480876621.0,,,,,,,,,,,,,,,,,,,,,,,,,
Lower-middle-income countries,1913,,482143817.0,,,,,,,,,,,,,,,,,,,,,,,,,
Lower-middle-income countries,1914,,483424757.0,,,,,,,,,,,,,,,,,,,,,,,,,
Lower-middle-income countries,1915,,484719507.0,,,,,,,,,,,,,,,,,,,,,,,,,
Lower-middle-income countries,1916,,486028158.0,,,,,,,,,,,,,,,,,,,,,,,,,
Lower-middle-income countries,1917,,487354434.0,,,,,,,,,,,,,,,,,,,,,,,,,
Lower-middle-income countries,1918,,488893619.0,,,,,,,,,,,,,,,,,,,,,,,,,
Lower-middle-income countries,1919,,491108929.0,,,,,,,,,,,,,,,,,,,,,,,,,
Lower-middle-income countries,1920,,494008683.0,,,,,,,,,,,,,,,,,,,,,,,,,
Lower-middle-income countries,1921,,497597031.0,,,,,,,,,,,,,,,,,,,,,,,,,
Lower-middle-income countries,1922,,501883380.0,,,,,,,,,,,,,,,,,,,,,,,,,
Lower-middle-income countries,1923,,506876447.0,,,,,,,,,,,,,,,,,,,,,,,,,
Lower-middle-income countries,1924,,511932610.0,,,,,,,,,,,,,,,,,,,,,,,,,
Lower-middle-income countries,1925,,517051856.0,,,,,,,,,,,,,,,,,,,,,,,,,
Lower-middle-income countries,1926,,522235001.0,,,,,,,,,,,,,,,,,,,,,,,,,
Lower-middle-income countries,1927,,527482858.0,,,,,,,,,,,,,,,,,,,,,,,,,
Lower-middle-income countries,1928,,532796272.0,,,,,,,,,,,,,,,,,,,,,,,,,
Lower-middle-income countries,1929,,538633716.0,,,,,,,,,,,,,,,,,,,,,,,,,
Lower-middle-income countries,1930,,545005966.0,,,,,,,,,,,,,,,,,,,,,,,,,
Lower-middle-income countries,1931,,551925685.0,,,,,,,,,,,,,,,,,,,,,,,,,
Lower-middle-income countries,1932,,559407948.0,,,,,,,,,,,,,,,,,,,,,,,,,
Lower-middle-income countries,1933,,567464435.0,,,,,,,,,,,,,,,,,,,,,,,,,
Lower-middle-income countries,1934,,575651587.0,,,,,,,,,,,,,,,,,,,,,,,,,
Lower-middle-income countries,1935,,583960986.0,,,,,,,,,,,,,,,,,,,,,,,,,
Lower-middle-income countries,1936,,592391606.0,,,,,,,,,,,,,,,,,,,,,,,,,
Lower-middle-income countries,1937,,600940683.0,,,,,,,,,,,,,,,,,,,,,,,,,
Lower-middle-income countries,1938,,609623230.0,,,,,,,,,,,,,,,,,,,,,,,,,
Lower-middle-income countries,1939,,617004543.0,,,,,,,,,,,,,,,,,,,,,,,,,
Lower-middle-income countries,1940,,623084701.0,,,,,,,,,,,,,,,,,,,,,,,,,
Lower-middle-income countries,1941,,627857196.0,,,,,,,,,,,,,,,,,,,,,,,,,
Lower-middle-income countries,1942,,631328652.0,,,,,,,,,,,,,,,,,,,,,,,,,
Lower-middle-income countries,1943,,633501601.0,,,,,,,,,,,,,,,,,,,,,,,,,
Lower-middle-income countries,1944,,635814140.0,,,,,,,,,,,,,,,,,,,,,,,,,
Lower-middle-income countries,1945,,638268328.0,,,,,,,,,,,,,,,,,,,,,,,,,
Lower-middle-income countries,1946,,640861710.0,,,,,,,,,,,,,,,,,,,,,,,,,
Lower-middle-income countries,1947,,643596803.0,,,,,,,,,,,,,,,,,,,,,,,,,
Lower-middle-income countries,1948,,646476287.0,,,,,,,,,,,,,,,,,,,,,,,,,
Lower-middle-income countries,1949,,651575738.0,,,,,,,,,,,,,,,,,,,,,,,,,
Lower-middle-income countries,1950,,648289463.0,,,,,,,,,,,,,,,,,,,,,,,,,
Lower-middle-income countries,1951,,662454733.0,,,,,,,,,,,,,,,,,,,,,,,,,
Lower-middle-income countries,1952,,677401949.0,,,,,,,,,,,,,,,,,,,,,,,,,
Lower-middle-income countries,1953,,692929778.0,,,,,,,,,,,,,,,,,,,,,,,,,
Lower-middle-income countries,1954,,709181786.0,,,,,,,,,,,,,,,,,,,,,,,,,
Lower-middle-income countries,1955,,726288830.0,,,,,,,,,,,,,,,,,,,,,,,,,
Lower-middle-income countries,1956,,744009729.0,,,,,,,,,,,,,,,,,,,,,,,,,
Lower-middle-income countries,1957,,762101433.0,,,,,,,,,,,,,,,,,,,,,,,,,
Lower-middle-income countries,1958,,780762688.0,,,,,,,,,,,,,,,,,,,,,,,,,
Lower-middle-income countries,1959,,800309720.0,,,,,,,,,,,,,,,,,,,,,,,,,
Lower-middle-income countries,1960,,820432675.0,,,,,,,,,,,,,,,,,,,,,,,,,
Lower-middle-income countries,1961,,841045554.0,,,,,,,,,,,,,,,,,,,,,,,,,
Lower-middle-income countries,1962,,862159103.0,,,,,,,,,,,,,,,,,,,,,,,,,
Lower-middle-income countries,1963,,883813682.0,,,,,,,,,,,,,,,,,,,,,,,,,
Lower-middle-income countries,1964,,905989194.0,,,,,,,,,,,,,,,,,,,,,,,,,
Lower-middle-income countries,1965,,928291576.0,,913.522,984.089,91.88,834.973,,8.12,,73.788,,,,8.12,0.0,,0.0,0.0,,0.0,,,0.0,,,8.12
Lower-middle-income countries,1966,,950568906.0,,972.289,1022.849,92.132,891.267,,7.868,,76.111,,,,7.868,0.0,,0.0,0.0,,0.0,,,0.0,,,7.868
Lower-middle-income countries,1967,,973418801.0,,1014.294,1041.991,91.624,924.345,,8.376,,84.498,,,,8.376,0.0,,0.0,0.0,,0.0,,,0.0,,,8.376
Lower-middle-income countries,1968,,996828669.0,,1096.39,1099.878,90.899,990.793,,9.101,,99.197,,,,9.101,0.0,,0.0,0.0,,0.0,,,0.0,,,9.101
Lower-middle-income countries,1969,,1020575229.0,,1180.706,1156.902,90.297,1059.59,,9.531,,111.843,,,,9.531,0.0,,0.0,0.0,,0.0,,,0.0,,,9.531
Lower-middle-income countries,1970,,1045159738.0,,1195.34,1143.692,89.676,1064.981,,10.018,,118.972,,,,10.018,0.0,,0.0,0.0,,0.0,,,0.0,,,10.018
Lower-middle-income countries,1971,,1069570829.0,,1235.934,1155.542,89.061,1093.134,,10.708,,131.424,,,,10.708,0.0,,0.0,0.0,,0.0,,,0.0,,,10.708
Lower-middle-income countries,1972,,1094653937.0,,1288.845,1177.399,89.597,1147.187,,10.159,,130.069,,,,10.159,0.0,,0.0,0.0,,0.0,,,0.0,,,10.159
Lower-middle-income countries,1973,,1121463914.0,,1332.417,1188.105,89.246,1181.18,,10.264,,135.85,,,,10.264,0.0,,0.0,0.0,,0.0,,,0.0,,,10.264
Lower-middle-income countries,1974,,1149216973.0,,1376.026,1197.36,89.648,1225.637,,9.879,,135.066,,,,9.879,0.0,,0.0,0.0,,0.0,,,0.0,,,9.879
Lower-middle-income countries,1975,,1177835803.0,,1480.434,1256.911,88.774,1305.083,,10.706,,157.385,,,,10.706,0.0,,0.0,0.0,,0.0,,,0.0,,,10.706
Lower-middle-income countries,1976,,1207026504.0,,1536.61,1273.054,88.357,1347.905,,11.066,,168.81,,,,11.066,0.0,,0.0,0.0,,0.0,,,0.0,,,11.066
Lower-middle-income countries,1977,,1237143677.0,,1636.878,1323.11,88.283,1434.468,,11.345,,184.335,,,,11.345,0.0,,0.0,0.0,,0.0,,,0.0,,,11.345
Lower-middle-income countries,1978,,1267780648.0,,1710.904,1349.527,86.362,1464.942,,13.24,,224.578,,,,13.239,0.0,,0.0,0.0,,0.0,,,0.001,,,13.24
Lower-middle-income countries,1979,,1299681665.0,,1820.111,1400.428,87.251,1575.631,,12.38,,223.559,,,,12.269,0.0,,0.0,0.0,,0.0,,,0.11,,,12.38
Lower-middle-income countries,1980,,1333878754.0,,1906.041,1428.946,87.144,1648.466,,12.485,,236.165,,,,12.147,0.0,,0.0,0.0,,0.0,,,0.338,,,12.485
Lower-middle-income countries,1981,,1369121632.0,,2078.76,1518.317,87.341,1802.718,,12.305,,253.974,,,,11.713,0.0,,0.0,0.0,,0.0,,,0.592,,,12.305
Lower-middle-income countries,1982,,1404778309.0,,2121.455,1510.171,88.723,1870.448,,10.966,,231.184,,,,10.387,0.0,,0.0,0.0,,0.0,,,0.579,,,10.966
Lower-middle-income countries,1983,,1441034781.0,,2234.764,1550.805,89.197,1981.769,,10.384,,230.716,,,,9.69,0.0,,0.0,0.0,,0.0,,,0.694,,,10.384
Lower-middle-income countries,1984,,1477907041.0,,2360.882,1597.45,88.578,2078.438,,10.904,,255.863,,,,10.191,0.0,,0.0,0.0,,0.0,,,0.714,,,10.904
Lower-middle-income countries,1985,,1515552078.0,,2933.73,1935.75,90.326,2636.296,335.576,9.208,,268.756,,,,8.572,0.0,0.0,0.0,0.0,0.0,0.0,,,0.636,,,9.208
Lower-middle-income countries,1986,,1553815501.0,,3071.771,1976.922,90.768,2774.402,361.374,8.728,,266.792,,,,8.159,0.0,0.0,0.0,0.0,0.0,0.0,,,0.57,,,8.728
Lower-middle-income countries,1987,,1592569215.0,,3275.056,2056.46,91.277,2975.312,395.414,8.243,,268.707,,,,7.774,0.0,0.0,0.0,0.0,0.0,0.0,,,0.469,,,8.243
Lower-middle-income countries,1988,,1631722258.0,,3484.62,2135.547,91.014,3156.068,420.926,8.484,,294.198,,,,8.013,0.0,0.0,0.0,0.0,0.0,0.0,,,0.471,,,8.484
Lower-middle-income countries,1989,,1671269097.0,,3743.957,2240.188,90.936,3387.653,464.095,8.755,,326.161,,,,8.277,0.0,0.0,0.0,0.0,0.0,0.0,,,0.478,,,8.755
Lower-middle-income countries,1990,,1711864220.0,,3968.319,2318.127,90.835,3586.623,487.543,8.686,,342.968,,,,8.214,0.0,0.0,0.0,0.03,0.006,0.002,,,0.47,,,8.686
Lower-middle-income countries,1991,,1752608523.0,,4107.709,2343.769,90.666,3705.174,523.83,8.938,,365.248,,,,8.482,0.0,0.0,0.0,0.113,0.022,0.008,,,0.448,,,8.938
Lower-middle-income countries,1992,,1793067376.0,,4258.375,2374.911,91.085,3859.842,544.354,8.459,,358.471,,,,8.024,0.0,0.0,0.0,0.088,0.016,0.006,,,0.429,,,8.459
Lower-middle-income countries,1993,,1833937911.0,,4421.896,2411.148,91.077,4007.536,575.41,8.504,,374.201,,,,8.078,0.0,0.0,0.0,0.095,0.016,0.006,,,0.42,,,8.504
Lower-middle-income countries,1994,,1874934474.0,,4629.032,2468.903,90.725,4178.15,610.628,8.941,,411.759,,,,8.475,0.0,0.0,0.0,0.191,0.031,0.012,,,0.455,,,8.941
Lower-middle-income countries,1995,,1916258972.0,,4954.479,2585.496,91.295,4501.589,664.904,8.247,,406.645,,,,7.794,0.001,0.0,0.0,0.496,0.075,0.028,,,0.425,,,8.247
Lower-middle-income countries,1996,,1957849353.0,,5187.455,2649.568,91.681,4734.456,691.95,7.85,,405.377,,,,7.361,0.006,0.001,0.0,0.878,0.127,0.047,,,0.441,,,7.85
Lower-middle-income countries,1997,,1999733954.0,,5417.036,2708.878,92.228,4975.626,723.996,7.23,,390.058,,,,6.703,0.006,0.001,0.0,0.988,0.136,0.051,,,0.476,,,7.23
Lower-middle-income countries,1998,,2042077792.0,,5690.423,2786.585,91.535,5185.829,772.863,7.888,,446.912,,,,7.272,0.006,0.001,0.0,1.079,0.14,0.053,,,0.563,,,7.888
Lower-middle-income countries,1999,,2084331968.0,,5927.585,2843.878,91.603,5406.919,822.384,7.794,,460.052,,,,7.075,0.006,0.001,0.0,1.461,0.178,0.069,,,0.65,,,7.794
Lower-middle-income countries,2000,,2126916405.0,,6201.63,2915.785,92.07,5688.199,1008.5,7.178,23.1,443.476,232.96,216.56,21.473,6.368,0.01,0.001,0.0,1.74,0.173,0.078,14.65,1.453,0.722,232.96,23.1,7.178
Lower-middle-income countries,2001,,2169845903.0,,6303.018,2904.823,92.081,5782.382,1051.49,6.996,22.338,439.334,234.88,218.35,20.766,6.204,0.01,0.001,0.001,2.5,0.238,0.109,14.02,1.333,0.668,234.88,22.338,6.996
Lower-middle-income countries,2002,,2211922405.0,,6513.202,2944.589,92.482,6001.808,1104.85,6.621,21.649,429.7,239.19,222.32,20.122,5.854,0.01,0.001,0.001,2.52,0.228,0.105,14.34,1.298,0.646,239.19,21.649,6.621
Lower-middle-income countries,2003,,2253565571.0,,6709.92,2977.469,92.438,6180.091,1162.14,6.745,22.021,450.939,255.92,236.42,20.344,5.965,0.02,0.002,0.001,3.12,0.268,0.126,16.36,1.408,0.637,255.92,22.021,6.745
Lower-middle-income countries,2004,,2295613093.0,,7254.06,3159.966,91.564,6615.117,1257.24,7.548,23.112,545.335,290.57,266.66,21.21,6.673,0.02,0.002,0.001,5.97,0.475,0.222,17.92,1.425,0.636,290.57,23.112,7.548
Lower-middle-income countries,2005,,2337232229.0,,7613.334,3257.415,92.148,6987.823,1293.9,7.134,22.907,540.958,296.4,271.39,20.975,6.3,0.03,0.002,0.001,6.77,0.523,0.238,18.21,1.407,0.578,296.4,22.907,7.134
Lower-middle-income countries,2006,,2379086325.0,,7877.088,3310.972,91.572,7182.981,1364.46,7.74,23.681,607.146,323.12,291.6,21.371,6.733,0.03,0.002,0.001,10.22,0.749,0.347,21.27,1.559,0.644,323.12,23.681,7.74
Lower-middle-income countries,2007,,2421832593.0,,8457.615,3492.238,91.6,7715.076,1435.0,7.763,23.517,653.864,337.47,302.07,21.05,6.681,0.09,0.006,0.002,12.72,0.886,0.401,22.59,1.574,0.659,337.47,23.517,7.763
Lower-middle-income countries,2008,,2464297892.0,,8901.775,3612.297,92.221,8177.311,1488.51,7.274,22.9,644.979,340.87,299.81,20.142,6.065,0.09,0.006,0.003,15.71,1.055,0.466,25.26,1.697,0.71,340.87,22.9,7.274
Lower-middle-income countries,2009,,2507036280.0,,9404.335,3751.176,92.57,8674.005,1564.64,6.888,21.87,645.375,342.18,297.86,19.037,5.658,0.13,0.008,0.003,18.0,1.15,0.498,26.19,1.674,0.701,342.18,21.87,6.888
Lower-middle-income countries,2010,,2550520230.0,,9815.037,3848.249,92.468,9041.703,1680.83,6.849,21.876,669.729,367.69,316.73,18.844,5.483,0.28,0.017,0.006,22.01,1.309,0.578,28.67,1.706,0.744,367.69,21.876,6.849
Lower-middle-income countries,2011,,2594096178.0,,10328.809,3981.66,91.534,9414.886,1816.16,7.555,22.816,777.057,414.37,355.27,19.562,6.026,1.23,0.068,0.031,26.83,1.477,0.664,31.04,1.709,0.779,414.37,22.816,7.555
Lower-middle-income countries,2012,,2637381315.0,,10725.25,4066.628,92.311,9864.738,1927.57,6.825,22.038,729.313,424.8,358.21,18.583,5.189,2.85,0.148,0.069,30.65,1.59,0.718,33.09,1.717,0.791,424.8,22.038,6.825
Lower-middle-income countries,2013,,2680848784.0,,11098.923,4140.078,91.381,10097.905,2021.13,7.75,22.825,856.357,461.32,387.98,19.196,6.047,3.92,0.194,0.088,34.98,1.731,0.771,34.44,1.704,0.778,461.32,22.825,7.75
Lower-middle-income countries,2014,,2724066420.0,,11718.11,4301.698,91.426,10668.055,2185.91,7.716,22.054,900.371,482.07,396.43,18.136,5.871,5.78,0.264,0.121,39.52,1.808,0.812,40.34,1.845,0.851,482.07,22.054,7.716
Lower-middle-income countries,2015,,2765984952.0,,12190.258,4407.203,91.882,11157.491,2297.2,7.23,20.712,877.906,475.79,385.28,16.772,5.41,8.76,0.381,0.166,41.47,1.805,0.812,40.28,1.753,0.772,475.79,20.712,7.23
Lower-middle-income countries,2016,,2807490854.0,,12787.279,4554.7,91.855,11698.538,2456.27,7.293,20.22,928.816,496.65,385.8,15.707,5.161,16.82,0.685,0.29,54.14,2.204,1.012,39.89,1.624,0.73,496.65,20.22,7.293
Lower-middle-income countries,2017,,2848767185.0,,13358.193,4689.114,91.347,12148.951,2581.95,7.797,21.563,1037.047,556.75,426.25,16.509,5.427,28.67,1.11,0.484,64.05,2.481,1.153,37.78,1.463,0.65,556.75,21.563,7.797
Lower-middle-income countries,2018,,2889324239.0,,14055.021,4864.466,91.152,12755.343,2756.44,7.989,21.907,1117.976,603.84,440.86,15.994,5.149,45.59,1.654,0.739,75.77,2.749,1.279,41.62,1.51,0.705,603.84,21.907,7.989
Lower-middle-income countries,2019,,2929401303.0,,14480.915,4943.302,90.761,13081.284,2839.33,8.306,22.194,1197.082,630.15,449.2,15.821,5.136,55.28,1.947,1.002,82.76,2.915,1.344,42.91,1.511,0.69,630.15,22.194,8.306
Lower-middle-income countries,2020,,2969245757.0,,13825.931,4656.378,89.795,12351.251,2826.27,9.233,23.872,1270.027,674.7,468.29,16.569,5.559,82.46,2.918,1.446,80.39,2.844,1.353,43.56,1.541,0.75,674.7,23.872,9.233
Lower-middle-income countries,2021,,3007019418.0,,14887.331,4950.86,89.653,13278.367,3020.08,9.355,24.687,1385.597,745.58,490.55,16.243,5.234,115.42,3.822,1.781,94.74,3.137,1.454,44.87,1.486,0.715,745.58,24.687,9.355
Lower-middle-income countries,2022,,3044254723.0,,15482.062,5085.666,88.754,13665.719,3205.44,10.154,26.135,1563.391,837.73,534.57,16.677,5.493,150.3,4.689,2.152,105.06,3.278,1.545,47.8,1.491,0.741,837.73,26.135,10.154
Lower-middle-income countries,2023,,3083154885.0,,16290.771,5283.799,89.297,14466.673,3349.22,9.64,25.112,1561.777,841.05,496.34,14.82,4.631,174.91,5.222,2.348,121.39,3.624,1.697,48.41,1.445,0.711,841.05,25.112,9.64
Lower-middle-income countries,2024,,3122339016.0,,17091.441,5473.922,88.939,15119.424,3527.28,9.949,25.697,1691.253,906.41,517.31,14.666,4.678,217.51,6.167,2.646,123.65,3.506,1.637,47.94,1.359,0.667,906.41,25.697,9.949
Middle Africa (EI),1965,,,,38.014,,70.702,26.378,,29.298,,10.931,3.935,3.935,,29.298,0.0,,0.0,0.0,,0.0,0.0,,0.0,3.935,,29.298
Middle Africa (EI),1966,,,,39.088,,70.357,26.985,,29.643,,11.369,4.093,4.093,,29.643,0.0,,0.0,0.0,,0.0,0.0,,0.0,4.093,,29.643
Middle Africa (EI),1967,,,,38.78,,71.953,27.407,,28.047,,10.683,3.846,3.846,,28.047,0.0,,0.0,0.0,,0.0,0.0,,0.0,3.846,,28.047
Middle Africa (EI),1968,,,,40.306,,71.848,28.443,,28.152,,11.144,4.012,4.012,,28.152,0.0,,0.0,0.0,,0.0,0.0,,0.0,4.012,,28.152
Middle Africa (EI),1969,,,,42.232,,70.782,29.339,,29.218,,12.111,4.36,4.36,,29.218,0.0,,0.0,0.0,,0.0,0.0,,0.0,4.36,,29.218
Middle Africa (EI),1970,,,,44.319,,68.896,29.933,,31.104,,13.514,4.865,4.865,,31.104,0.0,,0.0,0.0,,0.0,0.0,,0.0,4.865,,31.104
Middle Africa (EI),1971,,,,50.356,,70.832,35.009,,29.168,,14.417,5.19,5.19,,29.168,0.0,,0.0,0.0,,0.0,0.0,,0.0,5.19,,29.168
Middle Africa (EI),1972,,,,52.158,,71.195,36.456,,28.805,,14.75,5.31,5.31,,28.805,0.0,,0.0,0.0,,0.0,0.0,,0.0,5.31,,28.805
Middle Africa (EI),1973,,,,58.361,,72.11,41.34,,27.89,,15.989,5.756,5.756,,27.89,0.0,,0.0,0.0,,0.0,0.0,,0.0,5.756,,27.89
Middle Africa (EI),1974,,,,59.845,,73.319,43.135,,26.681,,15.697,5.651,5.651,,26.681,0.0,,0.0,0.0,,0.0,0.0,,0.0,5.651,,26.681
Middle Africa (EI),1975,,,,56.822,,69.051,38.468,,30.949,,17.242,6.207,6.207,,30.949,0.0,,0.0,0.0,,0.0,0.0,,0.0,6.207,,30.949
Middle Africa (EI),1976,,,,55.592,,69.558,37.924,,30.442,,16.597,5.975,5.975,,30.442,0.0,,0.0,0.0,,0.0,0.0,,0.0,5.975,,30.442
Middle Africa (EI),1977,,,,59.042,,70.604,40.91,,29.396,,17.033,6.132,6.132,,29.396,0.0,,0.0,0.0,,0.0,0.0,,0.0,6.132,,29.396
Middle Africa (EI),1978,,,,65.76,,73.531,47.542,,26.469,,17.114,6.161,6.161,,26.469,0.0,,0.0,0.0,,0.0,0.0,,0.0,6.161,,26.469
Middle Africa (EI),1979,,,,66.135,,73.084,47.509,,26.916,,17.497,6.299,6.299,,26.916,0.0,,0.0,0.0,,0.0,0.0,,0.0,6.299,,26.916
Middle Africa (EI),1980,,,,69.274,,72.913,49.643,,27.087,,18.442,6.639,6.639,,27.087,0.0,,0.0,0.0,,0.0,0.0,,0.0,6.639,,27.087
Middle Africa (EI),1981,,,,73.486,,73.033,52.751,,26.967,,19.478,7.012,7.012,,26.967,0.0,,0.0,0.0,,0.0,0.0,,0.0,7.012,,26.967
Middle Africa (EI),1982,,,,71.327,,71.04,49.741,,28.96,,20.278,7.3,7.3,,28.96,0.0,,0.0,0.0,,0.0,0.0,,0.0,7.3,,28.96
Middle Africa (EI),1983,,,,78.973,,72.402,56.178,,27.598,,21.414,7.709,7.709,,27.598,0.0,,0.0,0.0,,0.0,0.0,,0.0,7.709,,27.598
Middle Africa (EI),1984,,,,75.164,,69.611,51.316,,30.389,,22.403,8.065,8.065,,30.389,0.0,,0.0,0.0,,0.0,0.0,,0.0,8.065,,30.389
Middle Africa (EI),1985,,,,84.411,,69.31,57.369,9.739,30.69,93.901,25.403,9.145,9.145,93.901,30.69,0.0,0.0,0.0,0.0,0.0,0.0,0.0,0.0,0.0,9.145,93.901,30.69
Middle Africa (EI),1986,,,,83.573,,67.982,55.665,10.05,32.018,93.91,26.217,9.438,9.438,93.91,32.018,0.0,0.0,0.0,0.0,0.0,0.0,0.0,0.0,0.0,9.438,93.91,32.018
Middle Africa (EI),1987,,,,85.364,,68.613,57.408,10.088,31.387,93.715,26.261,9.454,9.454,93.715,31.387,0.0,0.0,0.0,0.0,0.0,0.0,0.0,0.0,0.0,9.454,93.715,31.387
Middle Africa (EI),1988,,,,89.728,,69.687,61.329,10.238,30.313,93.807,26.678,9.604,9.604,93.807,30.313,0.0,0.0,0.0,0.0,0.0,0.0,0.0,0.0,0.0,9.604,93.807,30.313
Middle Africa (EI),1989,,,,94.606,,65.648,60.76,11.942,34.352,95.847,31.794,11.446,11.446,95.847,34.352,0.0,0.0,0.0,0.0,0.0,0.0,0.0,0.0,0.0,11.446,95.847,34.352
Middle Africa (EI),1990,,,,87.719,,66.711,57.288,10.888,33.289,94.516,28.587,10.291,10.288,94.488,33.278,0.0,0.0,0.0,0.0,0.0,0.0,0.003,0.028,0.011,10.291,94.516,33.289
Middle Africa (EI),1991,,,,82.907,,65.808,53.382,10.615,34.192,94.06,27.736,9.984,9.976,93.985,34.161,0.0,0.0,0.0,0.0,0.0,0.0,0.008,0.075,0.031,9.984,94.06,34.192
Middle Africa (EI),1992,,,,85.106,,63.828,53.083,11.401,36.172,94.979,30.083,10.829,10.821,94.909,36.142,0.0,0.0,0.0,0.0,0.0,0.0,0.008,0.07,0.03,10.829,94.979,36.172
Middle Africa (EI),1993,,,,84.491,,65.649,54.266,10.753,34.351,95.053,28.394,10.221,10.213,94.978,34.321,0.0,0.0,0.0,0.0,0.0,0.0,0.008,0.074,0.03,10.221,95.053,34.351
Middle Africa (EI),1994,,,,81.886,,66.233,53.079,10.308,33.767,94.499,27.061,9.741,9.732,94.412,33.732,0.0,0.0,0.0,0.0,0.0,0.0,0.009,0.087,0.035,9.741,94.499,33.767
Middle Africa (EI),1995,,,,85.019,,63.751,52.963,11.44,36.249,94.755,30.114,10.84,10.831,94.677,36.215,0.0,0.0,0.0,0.0,0.0,0.0,0.009,0.079,0.034,10.84,94.755,36.249
Middle Africa (EI),1996,,,,85.227,,63.727,53.071,11.616,36.273,93.612,30.208,10.874,10.867,93.552,36.247,0.0,0.0,0.0,0.0,0.0,0.0,0.007,0.06,0.026,10.874,93.612,36.273
Middle Africa (EI),1997,,,,84.829,,66.049,54.829,11.059,33.951,91.735,28.183,10.145,10.138,91.672,33.924,0.0,0.0,0.0,0.0,0.0,0.0,0.007,0.063,0.026,10.145,91.735,33.951
Middle Africa (EI),1998,,,,81.829,,65.532,52.459,10.943,34.468,90.761,27.591,9.932,9.925,90.697,34.44,0.0,0.0,0.0,0.0,0.0,0.0,0.007,0.064,0.027,9.932,90.761,34.468
Middle Africa (EI),1999,,,,85.227,,65.561,54.662,11.517,34.439,89.746,28.714,10.336,10.329,89.685,34.413,0.0,0.0,0.0,0.0,0.0,0.0,0.007,0.061,0.026,10.336,89.746,34.439
Middle Africa (EI),2000,,,,93.8,,65.432,60.037,12.701,34.568,89.895,31.718,11.418,11.41,89.838,34.544,0.0,0.001,0.0,0.0,0.0,0.0,0.007,0.055,0.024,11.418,89.895,34.568
Middle Africa (EI),2001,,,,95.915,,65.65,61.626,13.064,34.35,89.342,32.244,11.671,11.664,89.287,34.326,0.0,0.001,0.0,0.0,0.0,0.0,0.007,0.054,0.023,11.671,89.342,34.35
Middle Africa (EI),2002,,,,101.106,,67.388,66.711,13.32,32.612,88.458,32.285,11.783,11.776,88.404,32.59,0.0,0.001,0.0,0.0,0.0,0.0,0.007,0.053,0.022,11.783,88.458,32.612
Middle Africa (EI),2003,,,,108.49,,68.748,73.115,14.055,31.252,86.78,33.237,12.197,12.19,86.73,31.231,0.0,0.001,0.0,0.0,0.0,0.0,0.007,0.05,0.021,12.197,86.78,31.252
Middle Africa (EI),2004,,,,130.937,,70.281,90.325,15.793,29.719,89.233,38.194,14.093,14.086,89.188,29.702,0.0,0.001,0.0,0.0,0.0,0.0,0.007,0.044,0.017,14.093,89.233,29.719
Middle Africa (EI),2005,,,,127.117,,68.703,85.588,16.506,31.297,87.863,38.988,14.503,14.495,87.82,31.279,0.0,0.001,0.0,0.0,0.0,0.0,0.007,0.042,0.018,14.503,87.863,31.297
Middle Africa (EI),2006,,,,142.47,,68.538,95.772,18.811,31.462,86.826,43.963,16.333,15.683,83.37,30.008,0.0,0.001,0.0,0.0,0.0,0.0,0.65,3.455,1.454,16.333,86.826,31.462
Middle Africa (EI),2007,,,,147.891,,72.076,104.753,18.862,27.924,80.823,40.585,15.245,15.161,80.376,27.743,0.0,0.002,0.001,0.0,0.0,0.0,0.084,0.445,0.181,15.245,80.823,27.924
Middle Africa (EI),2008,,,,162.036,,72.959,116.186,20.417,27.041,79.86,43.062,16.305,16.219,79.442,26.874,0.0,0.001,0.0,0.0,0.0,0.0,0.085,0.416,0.167,16.305,79.86,27.041
Middle Africa (EI),2009,,,,171.961,,74.792,126.578,21.46,25.208,75.67,42.662,16.239,16.159,75.298,25.061,0.001,0.003,0.001,0.0,0.0,0.0,0.079,0.368,0.146,16.239,75.67,25.208
Middle Africa (EI),2010,,,,190.202,,76.479,143.253,22.514,23.521,75.087,44.058,16.905,16.836,74.784,23.408,0.001,0.006,0.002,0.0,0.0,0.0,0.067,0.298,0.112,16.905,75.087,23.521
Middle Africa (EI),2011,,,,198.835,,77.239,151.352,23.013,22.761,74.746,44.6,17.201,17.127,74.426,22.644,0.003,0.015,0.004,0.0,0.0,0.0,0.07,0.306,0.112,17.201,74.746,22.761
Middle Africa (EI),2012,,,,219.901,,79.793,173.237,23.741,20.207,71.633,43.872,17.007,16.929,71.306,20.097,0.004,0.017,0.005,0.0,0.0,0.0,0.073,0.309,0.106,17.007,71.633,20.207
Middle Africa (EI),2013,,,,248.654,,79.612,195.353,28.483,20.388,68.614,50.028,19.543,19.459,68.319,20.282,0.006,0.02,0.006,0.0,0.0,0.0,0.078,0.275,0.1,19.543,68.614,20.388
Middle Africa (EI),2014,,,,260.251,,79.019,202.907,31.618,20.981,66.88,53.876,21.146,21.018,66.473,20.827,0.01,0.033,0.01,0.0,0.0,0.0,0.118,0.375,0.144,21.146,66.88,20.981
Middle Africa (EI),2015,,,,261.077,,79.035,203.63,34.085,20.965,62.538,54.016,21.316,21.215,62.242,20.846,0.013,0.039,0.013,0.0,0.0,0.0,0.087,0.256,0.106,21.316,62.538,20.965
Middle Africa (EI),2016,,,,263.515,,78.304,203.465,34.705,21.696,64.574,56.374,22.411,22.276,64.185,21.54,0.02,0.057,0.019,0.009,0.026,0.009,0.106,0.307,0.128,22.411,64.574,21.696
Middle Africa (EI),2017,,,,264.347,,75.625,196.829,36.028,24.375,70.353,63.441,25.347,25.196,69.935,24.202,0.025,0.07,0.024,0.009,0.025,0.009,0.117,0.324,0.14,25.347,70.353,24.375
Middle Africa (EI),2018,,,,273.859,,73.639,198.355,39.847,26.361,71.557,71.006,28.513,28.355,71.158,26.186,0.029,0.074,0.027,0.009,0.022,0.008,0.12,0.302,0.14,28.513,71.557,26.361
Middle Africa (EI),2019,,,,280.213,,72.959,200.926,41.894,27.041,71.733,74.469,30.052,29.882,71.327,26.858,0.034,0.081,0.031,0.009,0.021,0.008,0.127,0.303,0.144,30.052,71.733,27.041
Middle Africa (EI),2020,,,,267.599,,68.933,180.9,43.412,31.067,75.98,81.527,32.985,32.808,75.572,30.869,0.041,0.094,0.039,0.009,0.021,0.008,0.127,0.292,0.151,32.985,75.98,31.067
Middle Africa (EI),2021,,,,301.864,,71.125,210.914,46.165,28.875,75.229,85.626,34.729,34.528,74.793,28.679,0.064,0.138,0.053,0.009,0.019,0.007,0.129,0.278,0.135,34.729,75.229,28.875
Middle Africa (EI),2022,,,,318.166,,71.84,224.715,46.63,28.16,76.809,88.084,35.816,35.55,76.239,27.924,0.13,0.279,0.102,0.009,0.019,0.007,0.127,0.272,0.127,35.816,76.809,28.16
Middle Africa (EI),2023,,,,326.049,,70.361,225.083,48.673,29.639,79.798,94.816,38.84,38.381,78.855,29.263,0.329,0.677,0.251,0.009,0.018,0.007,0.121,0.248,0.118,38.84,79.798,29.639
Middle Africa (EI),2024,,,,330.714,,70.092,227.648,49.077,29.908,81.081,97.137,39.792,39.29,80.059,29.506,0.372,0.757,0.279,0.009,0.018,0.007,0.121,0.247,0.116,39.792,81.081,29.908
Middle East (EI),1965,,,,538.779,,98.79,531.842,,1.21,,6.516,2.346,2.346,,1.21,0.0,,0.0,0.0,,0.0,0.0,,0.0,2.346,,1.21
Middle East (EI),1966,,,,560.258,,98.737,552.729,,1.263,,7.073,2.546,2.546,,1.263,0.0,,0.0,0.0,,0.0,0.0,,0.0,2.546,,1.263
Middle East (EI),1967,,,,592.223,,98.672,583.858,,1.328,,7.858,2.829,2.829,,1.328,0.0,,0.0,0.0,,0.0,0.0,,0.0,2.829,,1.328
Middle East (EI),1968,,,,625.312,,98.63,616.201,,1.37,,8.559,3.081,3.081,,1.37,0.0,,0.0,0.0,,0.0,0.0,,0.0,3.081,,1.37
Middle East (EI),1969,,,,662.21,,98.574,652.168,,1.426,,9.433,3.396,3.396,,1.426,0.0,,0.0,0.0,,0.0,0.0,,0.0,3.396,,1.426
Middle East (EI),1970,,,,706.607,,98.592,696.022,,1.408,,9.943,3.58,3.58,,1.408,0.0,,0.0,0.0,,0.0,0.0,,0.0,3.58,,1.408
Middle East (EI),1971,,,,760.164,,98.627,749.061,,1.373,,10.43,3.755,3.755,,1.373,0.0,,0.0,0.0,,0.0,0.0,,0.0,3.755,,1.373
Middle East (EI),1972,,,,818.524,,98.448,805.013,,1.552,,12.692,4.569,4.569,,1.552,0.0,,0.0,0.0,,0.0,0.0,,0.0,4.569,,1.552
Middle East (EI),1973,,,,902.278,,98.845,891.188,,1.155,,10.418,3.75,3.75,,1.155,0.0,,0.0,0.0,,0.0,0.0,,0.0,3.75,,1.155
Middle East (EI),1974,,,,960.308,,98.606,946.068,,1.394,,13.378,4.816,4.816,,1.394,0.0,,0.0,0.0,,0.0,0.0,,0.0,4.816,,1.394
Middle East (EI),1975,,,,954.324,,98.415,938.237,,1.585,,15.112,5.44,5.44,,1.585,0.0,,0.0,0.0,,0.0,0.0,,0.0,5.44,,1.585
Middle East (EI),1976,,,,1075.816,,98.365,1057.113,,1.635,,17.57,6.325,6.325,,1.635,0.0,,0.0,0.0,,0.0,0.0,,0.0,6.325,,1.635
Middle East (EI),1977,,,,1224.659,,98.388,1203.67,,1.612,,19.717,7.098,7.098,,1.612,0.0,,0.0,0.0,,0.0,0.0,,0.0,7.098,,1.612
Middle East (EI),1978,,,,1297.94,,97.897,1268.925,,2.103,,27.256,9.812,9.812,,2.103,0.0,,0.0,0.0,,0.0,0.0,,0.0,9.812,,2.103
Middle East (EI),1979,,,,1517.844,,98.238,1489.41,,1.762,,26.711,9.616,9.616,,1.762,0.0,,0.0,0.0,,0.0,0.0,,0.0,9.616,,1.762
Middle East (EI),1980,,,,1464.841,,98.162,1436.209,,1.838,,26.896,9.683,9.683,,1.838,0.0,,0.0,0.0,,0.0,0.0,,0.0,9.683,,1.838
Middle East (EI),1981,,,,1592.71,,98.217,1562.506,,1.783,,28.373,10.214,10.214,,1.783,0.0,,0.0,0.0,,0.0,0.0,,0.0,10.214,,1.783
Middle East (EI),1982,,,,1756.644,,98.321,1725.283,,1.679,,29.461,10.606,10.606,,1.679,0.0,,0.0,0.0,,0.0,0.0,,0.0,10.606,,1.679
Middle East (EI),1983,,,,1930.443,,98.528,1900.22,,1.472,,28.391,10.221,10.221,,1.472,0.0,,0.0,0.0,,0.0,0.0,,0.0,10.221,,1.472
Middle East (EI),1984,,,,2180.794,,98.678,2150.121,,1.322,,28.815,10.373,10.373,,1.322,0.0,,0.0,0.0,,0.0,0.0,,0.0,10.373,,1.322
Middle East (EI),1985,,,,2308.03,,98.743,2277.165,183.517,1.257,5.688,28.994,10.438,10.438,5.688,1.257,0.0,0.0,0.0,0.0,0.0,0.0,0.0,0.0,0.0,10.438,5.688,1.257
Middle East (EI),1986,,,,2422.064,,98.728,2389.303,197.336,1.272,5.614,30.775,11.079,11.079,5.614,1.272,0.0,0.0,0.0,0.0,0.0,0.0,0.0,0.0,0.0,11.079,5.614,1.272
Middle East (EI),1987,,,,2578.743,,98.5,2537.597,214.543,1.5,6.486,38.653,13.915,13.915,6.486,1.5,0.0,0.0,0.0,0.0,0.0,0.0,0.0,0.0,0.0,13.915,6.486,1.5
Middle East (EI),1988,,,,2728.767,,98.543,2686.485,228.936,1.457,6.246,39.719,14.299,14.299,6.246,1.457,0.0,0.0,0.0,0.0,0.0,0.0,0.0,0.0,0.0,14.299,6.246,1.457
Middle East (EI),1989,,,,2873.318,,98.779,2835.989,243.061,1.221,5.194,35.067,12.624,12.624,5.194,1.221,0.0,0.0,0.0,0.0,0.0,0.0,0.0,0.0,0.0,12.624,5.194,1.221
Middle East (EI),1990,,,,2990.529,,98.58,2945.363,258.168,1.42,5.916,42.429,15.274,15.273,5.916,1.42,0.0,0.0,0.0,0.001,0.0,0.0,0.0,0.0,0.0,15.274,5.916,1.42
Middle East (EI),1991,,,,3095.356,,99.011,3062.799,248.315,0.989,4.434,30.584,11.01,11.009,4.434,0.989,0.0,0.0,0.0,0.001,0.0,0.0,0.0,0.0,0.0,11.01,4.434,0.989
Middle East (EI),1992,,,,3396.474,,98.541,3343.756,285.963,1.459,6.234,49.522,17.828,17.827,6.234,1.459,0.0,0.0,0.0,0.001,0.0,0.0,0.0,0.0,0.0,17.828,6.234,1.459
Middle East (EI),1993,,,,3491.154,,98.403,3431.873,319.845,1.597,6.268,55.688,20.048,20.047,6.268,1.597,0.0,0.0,0.0,0.001,0.0,0.0,0.0,0.0,0.0,20.048,6.268,1.597
Middle East (EI),1994,,,,3879.055,,98.814,3830.114,339.699,1.186,4.872,45.974,16.551,16.55,4.872,1.186,0.0,0.0,0.0,0.001,0.0,0.0,0.0,0.0,0.0,16.551,4.872,1.186
Middle East (EI),1995,,,,3999.88,,98.703,3944.721,354.378,1.297,5.264,51.816,18.654,18.653,5.264,1.296,0.0,0.0,0.0,0.001,0.0,0.0,0.0,0.0,0.0,18.654,5.264,1.297
Middle East (EI),1996,,,,4124.655,,98.74,4069.361,372.021,1.26,5.026,51.943,18.699,18.698,5.026,1.26,0.0,0.0,0.0,0.001,0.0,0.0,0.0,0.0,0.0,18.699,5.026,1.26
Middle East (EI),1997,,,,4334.61,,98.978,4287.505,397.135,1.022,4.011,44.25,15.93,15.927,4.01,1.021,0.0,0.0,0.0,0.003,0.001,0.0,0.0,0.0,0.0,15.93,4.011,1.022
Middle East (EI),1998,,,,4451.324,,98.925,4400.424,427.556,1.075,4.026,47.815,17.214,17.211,4.025,1.075,0.0,0.0,0.0,0.003,0.001,0.0,0.0,0.0,0.0,17.214,4.026,1.075
Middle East (EI),1999,,,,4533.893,,99.274,4498.885,447.813,0.726,2.644,32.886,11.839,11.801,2.635,0.723,0.0,0.0,0.0,0.038,0.008,0.002,0.0,0.0,0.0,11.839,2.644,0.726
Middle East (EI),2000,,,,4776.225,,99.374,4744.394,478.264,0.626,2.251,29.903,10.765,10.722,2.242,0.624,0.0,0.0,0.0,0.04,0.008,0.002,0.003,0.001,0.0,10.765,2.251,0.626
Middle East (EI),2001,,,,5024.092,,99.358,4989.809,509.056,0.642,2.292,32.238,11.669,11.618,2.282,0.639,0.0,0.0,0.0,0.047,0.009,0.003,0.005,0.001,0.0,11.669,2.292,0.642
Middle East (EI),2002,,,,5326.041,,99.129,5276.672,546.468,0.871,3.088,46.347,16.873,16.824,3.079,0.866,0.0,0.0,0.0,0.044,0.008,0.002,0.005,0.001,0.0,16.873,3.088,0.871
Middle East (EI),2003,,,,5525.423,,99.083,5471.552,574.159,0.917,3.228,50.621,18.533,18.485,3.219,0.912,0.0,0.0,0.0,0.043,0.007,0.002,0.006,0.001,0.0,18.533,3.228,0.917
Middle East (EI),2004,,,,5994.215,,98.951,5927.381,608.108,1.049,3.807,62.862,23.15,23.082,3.796,1.044,0.0,0.0,0.0,0.061,0.01,0.003,0.006,0.001,0.0,23.15,3.807,1.049
Middle East (EI),2005,,,,6353.487,,98.981,6284.556,658.475,1.019,3.646,64.725,24.009,23.918,3.632,1.013,0.0,0.0,0.0,0.086,0.013,0.004,0.005,0.001,0.0,24.009,3.646,1.019
Middle East (EI),2006,,,,6693.197,,98.863,6612.286,697.863,1.137,4.07,76.038,28.4,28.254,4.049,1.13,0.0,0.0,0.0,0.139,0.02,0.006,0.006,0.001,0.0,28.4,4.07,1.137
Middle East (EI),2007,,,,7000.766,,98.977,6924.692,748.33,1.023,3.591,71.559,26.871,26.706,3.569,1.015,0.0,0.0,0.0,0.155,0.021,0.006,0.01,0.001,0.0,26.871,3.591,1.023
Middle East (EI),2008,,,,7521.574,,99.51,7482.359,773.667,0.49,1.799,36.829,13.92,13.69,1.77,0.48,0.004,0.0,0.0,0.21,0.027,0.007,0.016,0.002,0.001,13.92,1.799,0.49
Middle East (EI),2009,,,,7635.4,,99.571,7600.535,818.401,0.429,1.52,32.78,12.442,12.116,1.48,0.417,0.034,0.004,0.001,0.241,0.029,0.008,0.051,0.006,0.002,12.442,1.52,0.429
Middle East (EI),2010,,,,8212.998,,99.435,8163.584,892.599,0.565,1.989,46.38,17.751,17.39,1.948,0.552,0.098,0.011,0.003,0.182,0.02,0.006,0.08,0.009,0.003,17.751,1.989,0.565
Middle East (EI),2011,,,,8534.159,,99.423,8481.777,909.459,0.574,2.069,48.948,18.819,18.256,2.007,0.554,0.227,0.025,0.007,0.224,0.025,0.007,0.113,0.012,0.004,18.819,2.069,0.574
Middle East (EI),2012,,,,8857.138,,99.308,8792.136,973.774,0.65,2.285,57.531,22.248,21.407,2.198,0.623,0.431,0.044,0.013,0.295,0.03,0.009,0.114,0.012,0.004,22.248,2.285,0.65
Middle East (EI),2013,,,,9137.671,,99.191,9059.405,1008.411,0.69,2.437,63.025,24.572,23.51,2.331,0.658,0.682,0.068,0.019,0.236,0.023,0.007,0.145,0.014,0.005,24.572,2.437,0.69
Middle East (EI),2014,,,,9473.299,,99.305,9403.672,1082.985,0.586,2.006,55.494,21.72,19.943,1.842,0.536,1.308,0.121,0.035,0.255,0.024,0.007,0.214,0.02,0.007,21.72,2.006,0.586
Middle East (EI),2015,,,,9755.346,,99.411,9694.695,1134.406,0.498,1.683,48.558,19.087,16.767,1.478,0.435,1.829,0.161,0.047,0.28,0.025,0.007,0.21,0.019,0.007,19.087,1.683,0.498
Middle East (EI),2016,,,,10095.016,,99.24,10014.066,1166.78,0.599,2.046,60.417,23.875,20.171,1.729,0.502,2.849,0.244,0.071,0.585,0.05,0.015,0.271,0.023,0.008,23.875,2.046,0.599
Middle East (EI),2017,,,,10252.855,,99.201,10166.472,1246.245,0.63,2.053,64.514,25.591,20.639,1.656,0.503,3.857,0.309,0.094,0.813,0.065,0.02,0.282,0.023,0.009,25.591,2.053,0.63
Middle East (EI),2018,,,,10279.191,,99.33,10206.757,1254.66,0.503,1.638,51.73,20.55,12.803,1.02,0.31,5.945,0.474,0.144,1.506,0.12,0.036,0.296,0.024,0.009,20.55,1.638,0.503
Middle East (EI),2019,,,,10434.318,,98.57,10276.325,1295.896,1.278,4.132,133.197,53.542,40.588,3.132,0.964,11.001,0.849,0.261,1.679,0.13,0.04,0.276,0.021,0.008,53.542,4.132,1.278
Middle East (EI),2020,,,,10225.152,,98.66,10080.465,1309.786,1.148,3.601,117.248,47.168,29.007,2.215,0.701,15.177,1.159,0.367,2.684,0.205,0.065,0.299,0.023,0.009,47.168,3.601,1.148
Middle East (EI),2021,,,,10473.002,,98.694,10329.359,1363.109,0.974,3.015,101.988,41.1,18.581,1.363,0.437,19.304,1.416,0.454,2.931,0.215,0.069,0.283,0.021,0.008,41.1,3.015,0.974
Middle East (EI),2022,,,,10985.318,,98.345,10795.493,1410.95,1.058,3.322,116.088,46.876,18.146,1.286,0.406,24.413,1.73,0.546,4.015,0.285,0.09,0.301,0.021,0.009,46.876,3.322,1.058
Middle East (EI),2023,,,,11340.613,,97.618,11057.636,1485.942,1.498,4.651,169.669,69.111,25.534,1.718,0.55,38.022,2.559,0.819,5.056,0.34,0.109,0.5,0.034,0.014,69.111,4.651,1.498
Middle East (EI),2024,,,,11597.188,,97.413,11284.265,1568.749,1.577,4.742,182.721,74.386,21.792,1.389,0.459,46.834,2.985,0.986,5.247,0.334,0.11,0.513,0.033,0.014,74.386,4.742,1.577
Middle East (EIA),1980,,,,1702.695,,,,,,,,,,,,,,,,,,,,,,,
Middle East (EIA),1981,,,,1781.378,,,,,,,,,,,,,,,,,,,,,,,
Middle East (EIA),1982,,,,1860.538,,,,,,,,,,,,,,,,,,,,,,,
Middle East (EIA),1983,,,,2088.14,,,,,,,,,,,,,,,,,,,,,,,
Middle East (EIA),1984,,,,2266.912,,,,,,,,,,,,,,,,,,,,,,,
Middle East (EIA),1985,,,,2505.734,,,,,,,,,,,,,,,,,,,,,,,
Middle East (EIA),1986,,,,2665.278,,,,,,,,,,,,,,,,,,,,,,,
Middle East (EIA),1987,,,,2835.361,,,,,,,,,,,,,,,,,,,,,,,
Middle East (EIA),1988,,,,3008.962,,,,,,,,,,,,,,,,,,,,,,,
Middle East (EIA),1989,,,,3161.817,,,,,,,,,,,,,,,,,,,,,,,
Middle East (EIA),1990,,,,3215.066,,,,,,,,,,,,,,,,,,,,,,,
Middle East (EIA),1991,,,,3276.837,,,,,,,,,,,,,,,,,,,,,,,
Middle East (EIA),1992,,,,3577.747,,,,,,,,,,,,,,,,,,,,,,,
Middle East (EIA),1993,,,,3746.996,,,,,,,,,,,,,,,,,,,,,,,
Middle East (EIA),1994,,,,3934.871,,,,,,,,,,,,,,,,,,,,,,,
Middle East (EIA),1995,,,,4021.978,,,,,,,,,,,,,,,,,,,,,,,
Middle East (EIA),1996,,,,4195.646,,,,,,,,,,,,,,,,,,,,,,,
Middle East (EIA),1997,,,,4542.178,,,,,,,,,,,,,,,,,,,,,,,
Middle East (EIA),1998,,,,4737.485,,,,,,,,,,,,,,,,,,,,,,,
Middle East (EIA),1999,,,,4868.552,,,,,,,,,,,,,,,,,,,,,,,
Middle East (EIA),2000,,,,5188.692,,,,,,,,,,,,,,,,,,,,,,,
Middle East (EIA),2001,,,,5396.942,,,,,,,,,,,,,,,,,,,,,,,
Middle East (EIA),2002,,,,5683.404,,,,,,,,,,,,,,,,,,,,,,,
Middle East (EIA),2003,,,,5824.632,,,,,,,,,,,,,,,,,,,,,,,
Middle East (EIA),2004,,,,6243.008,,,,,,,,,,,,,,,,,,,,,,,
Middle East (EIA),2005,,,,6832.522,,,,,,,,,,,,,,,,,,,,,,,
Middle East (EIA),2006,,,,7134.221,,,,,,,,,,,,,,,,,,,,,,,
Middle East (EIA),2007,,,,7547.153,,,,,,,,,,,,,,,,,,,,,,,
Middle East (EIA),2008,,,,8070.597,,,,,,,,,,,,,,,,,,,,,,,
Middle East (EIA),2009,,,,8399.604,,,,,,,,,,,,,,,,,,,,,,,
Middle East (EIA),2010,,,,9036.953,,,,,,,,,,,,,,,,,,,,,,,
Middle East (EIA),2011,,,,9462.29,,,,,,,,,,,,,,,,,,,,,,,
Middle East (EIA),2012,,,,9778.192,,,,,,,,,,,,,,,,,,,,,,,
Middle East (EIA),2013,,,,10026.223,,,,,,,,,,,,,,,,,,,,,,,
Middle East (EIA),2014,,,,10357.413,,,,,,,,,,,,,,,,,,,,,,,
Middle East (EIA),2015,,,,10115.976,,,,,,,,,,,,,,,,,,,,,,,
Middle East (EIA),2016,,,,10967.46,,,,,,,,,,,,,,,,,,,,,,,
Middle East (EIA),2017,,,,10571.127,,,,,,,,,,,,,,,,,,,,,,,
Middle East (EIA),2018,,,,10638.239,,,,,,,,,,,,,,,,,,,,,,,
Middle East (EIA),2019,,,,11263.81,,,,,,,,,,,,,,,,,,,,,,,
Middle East (EIA),2020,,,,10983.454,,,,,,,,,,,,,,,,,,,,,,,
Middle East (EIA),2021,,,,11383.104,,,,,,,,,,,,,,,,,,,,,,,
Middle East (EIA),2022,,,,11932.855,,,,,,,,,,,,,,,,,,,,,,,
Middle East (EIA),2023,,,,12550.725,,,,,,,,,,,,,,,,,,,,,,,
Middle East (Ember),2000,,,,,,,,482.98,,1.698,,8.2,8.13,1.683,,0.0,0.0,,0.04,0.008,,0.03,0.006,,8.2,1.698,
Middle East (Ember),2001,,,,,,,,509.57,,1.688,,8.6,8.53,1.674,,0.0,0.0,,0.04,0.008,,0.03,0.006,,8.6,1.688,
Middle East (Ember),2002,,,,,,,,543.91,,2.168,,11.79,11.72,2.155,,0.0,0.0,,0.04,0.007,,0.03,0.006,,11.79,2.168,
Middle East (Ember),2003,,,,,,,,577.07,,2.475,,14.28,14.2,2.461,,0.0,0.0,,0.04,0.007,,0.04,0.007,,14.28,2.475,
Middle East (Ember),2004,,,,,,,,607.62,,2.944,,17.89,17.79,2.928,,0.0,0.0,,0.06,0.01,,0.04,0.007,,17.89,2.944,
Middle East (Ember),2005,,,,,,,,660.71,,3.937,,26.01,25.9,3.92,,0.0,0.0,,0.08,0.012,,0.03,0.005,,26.01,3.937,
Middle East (Ember),2006,,,,,,,,701.25,,4.204,,29.48,29.3,4.178,,0.0,0.0,,0.14,0.02,,0.04,0.006,,29.48,4.204,
Middle East (Ember),2007,,,,,,,,745.96,,3.756,,28.02,27.83,3.731,,0.0,0.0,,0.15,0.02,,0.04,0.005,,28.02,3.756,
Middle East (Ember),2008,,,,,,,,775.7,,1.869,,14.5,14.24,1.836,,0.0,0.0,,0.21,0.027,,0.05,0.006,,14.5,1.869,
Middle East (Ember),2009,,,,,,,,813.64,,1.582,,12.87,12.52,1.539,,0.03,0.004,,0.24,0.029,,0.08,0.01,,12.87,1.582,
Middle East (Ember),2010,,,,,,,,899.82,,2.102,,18.91,18.53,2.059,,0.09,0.01,,0.18,0.02,,0.11,0.012,,18.91,2.102,
Middle East (Ember),2011,,,,,,,,921.33,,2.011,,18.53,17.96,1.949,,0.22,0.024,,0.22,0.024,,0.13,0.014,,18.53,2.011,
Middle East (Ember),2012,,,,,,,,964.17,,2.261,,21.8,20.94,2.172,,0.42,0.044,,0.29,0.03,,0.15,0.016,,21.8,2.261,
Middle East (Ember),2013,,,,,,,,1001.94,,2.476,,24.81,23.72,2.367,,0.67,0.067,,0.24,0.024,,0.18,0.018,,24.81,2.476,
Middle East (Ember),2014,,,,,,,,1076.09,,2.03,,21.85,20.03,1.861,,1.34,0.125,,0.23,0.021,,0.25,0.023,,21.85,2.03,
Middle East (Ember),2015,,,,,,,,1126.29,,1.691,,19.04,16.75,1.487,,1.75,0.155,,0.29,0.026,,0.25,0.022,,19.04,1.691,
Middle East (Ember),2016,,,,,,,,1160.23,,2.044,,23.71,20.14,1.736,,2.67,0.23,,0.62,0.053,,0.28,0.024,,23.71,2.044,
Middle East (Ember),2017,,,,,,,,1240.79,,2.057,,25.52,20.61,1.661,,3.74,0.301,,0.99,0.08,,0.18,0.015,,25.52,2.057,
Middle East (Ember),2018,,,,,,,,1247.94,,1.619,,20.2,12.77,1.023,,5.39,0.432,,1.69,0.135,,0.35,0.028,,20.2,1.619,
Middle East (Ember),2019,,,,,,,,1289.37,,4.133,,53.29,40.56,3.146,,10.57,0.82,,1.86,0.144,,0.3,0.023,,53.29,4.133,
Middle East (Ember),2020,,,,,,,,1304.66,,3.601,,46.98,29.2,2.238,,14.69,1.126,,2.76,0.212,,0.33,0.025,,46.98,3.601,
Middle East (Ember),2021,,,,,,,,1357.73,,3.015,,40.93,18.58,1.368,,18.93,1.394,,3.1,0.228,,0.32,0.024,,40.93,3.015,
Middle East (Ember),2022,,,,,,,,1412.24,,3.51,,49.57,18.13,1.284,,25.32,1.793,,5.79,0.41,,0.33,0.023,,49.57,3.51,
Middle East (Ember),2023,,,,,,,,1490.89,,4.717,,70.32,25.67,1.722,,37.22,2.496,,6.9,0.463,,0.53,0.036,,70.32,4.717,
Middle East (Ember),2024,,,,,,,,1554.17,,4.94,,76.77,22.35,1.438,,46.66,3.002,,7.22,0.465,,0.54,0.035,,76.77,4.94,
Middle East (Ember),2025,,,,,,,,1581.74,,5.075,,80.28,16.19,1.024,,56.19,3.552,,7.33,0.463,,0.57,0.036,,80.28,5.075,
Middle East (Shift),1900,,,,,,,,,,,,,,,,,,,,,,,,,,,
Middle East (Shift),1901,,,,,,,,,,,,,,,,,,,,,,,,,,,
Middle East (Shift),1902,,,,,,,,,,,,,,,,,,,,,,,,,,,
Middle East (Shift),1903,,,,,,,,,,,,,,,,,,,,,,,,,,,
Middle East (Shift),1904,,,,,,,,,,,,,,,,,,,,,,,,,,,
Middle East (Shift),1905,,,,,,,,,,,,,,,,,,,,,,,,,,,
Middle East (Shift),1906,,,,,,,,,,,,,,,,,,,,,,,,,,,
Middle East (Shift),1907,,,,,,,,,,,,,,,,,,,,,,,,,,,
Middle East (Shift),1908,,,,,,,,,,,,,,,,,,,,,,,,,,,
Middle East (Shift),1909,,,,,,,,,,,,,,,,,,,,,,,,,,,
Middle East (Shift),1910,,,,,,,,,,,,,,,,,,,,,,,,,,,
Middle East (Shift),1911,,,,,,,,,,,,,,,,,,,,,,,,,,,
Middle East (Shift),1912,,,,,,,,,,,,,,,,,,,,,,,,,,,
Middle East (Shift),1913,,,,,,,,,,,,,,,,,,,,,,,,,,,
Middle East (Shift),1914,,,,,,,,,,,,,,,,,,,,,,,,,,,
Middle East (Shift),1915,,,,,,,,,,,,,,,,,,,,,,,,,,,
Middle East (Shift),1916,,,,,,,,,,,,,,,,,,,,,,,,,,,
Middle East (Shift),1917,,,,,,,,,,,,,,,,,,,,,,,,,,,
Middle East (Shift),1918,,,,,,,,,,,,,,,,,,,,,,,,,,,
Middle East (Shift),1919,,,,,,,,,,,,,,,,,,,,,,,,,,,
Middle East (Shift),1920,,,,,,,,,,,,,,,,,,,,,,,,,,,
Middle East (Shift),1921,,,,,,,,,,,,,,,,,,,,,,,,,,,
Middle East (Shift),1922,,,,,,,,,,,,,,,,,,,,,,,,,,,
Middle East (Shift),1923,,,,,,,,,,,,,,,,,,,,,,,,,,,
Middle East (Shift),1924,,,,,,,,,,,,,,,,,,,,,,,,,,,
Middle East (Shift),1925,,,,,,,,,,,,,,,,,,,,,,,,,,,
Middle East (Shift),1926,,,,,,,,,,,,,,,,,,,,,,,,,,,
Middle East (Shift),1927,,,,,,,,,,,,,,,,,,,,,,,,,,,
Middle East (Shift),1928,,,,,,,,,,,,,,,,,,,,,,,,,,,
Middle East (Shift),1929,,,,,,,,,,,,,,,,,,,,,,,,,,,
Middle East (Shift),1930,,,,,,,,,,,,,,,,,,,,,,,,,,,
Middle East (Shift),1931,,,,,,,,,,,,,,,,,,,,,,,,,,,
Middle East (Shift),1932,,,,,,,,,,,,,,,,,,,,,,,,,,,
Middle East (Shift),1933,,,,,,,,,,,,,,,,,,,,,,,,,,,
Middle East (Shift),1934,,,,,,,,,,,,,,,,,,,,,,,,,,,
Middle East (Shift),1935,,,,,,,,,,,,,,,,,,,,,,,,,,,
Middle East (Shift),1936,,,,,,,,,,,,,,,,,,,,,,,,,,,
Middle East (Shift),1937,,,,,,,,,,,,,,,,,,,,,,,,,,,
Middle East (Shift),1938,,,,,,,,,,,,,,,,,,,,,,,,,,,
Middle East (Shift),1939,,,,,,,,,,,,,,,,,,,,,,,,,,,
Middle East (Shift),1940,,,,,,,,,,,,,,,,,,,,,,,,,,,
Middle East (Shift),1941,,,,,,,,,,,,,,,,,,,,,,,,,,,
Middle East (Shift),1942,,,,,,,,,,,,,,,,,,,,,,,,,,,
Middle East (Shift),1943,,,,,,,,,,,,,,,,,,,,,,,,,,,
Middle East (Shift),1944,,,,,,,,,,,,,,,,,,,,,,,,,,,
Middle East (Shift),1945,,,,,,,,,,,,,,,,,,,,,,,,,,,
Middle East (Shift),1946,,,,,,,,,,,,,,,,,,,,,,,,,,,
Middle East (Shift),1947,,,,,,,,,,,,,,,,,,,,,,,,,,,
Middle East (Shift),1948,,,,,,,,,,,,,,,,,,,,,,,,,,,
Middle East (Shift),1949,,,,,,,,,,,,,,,,,,,,,,,,,,,
Middle East (Shift),1950,,,,,,,,,,,,,,,,,,,,,,,,,,,
Middle East (Shift),1951,,,,,,,,,,,,,,,,,,,,,,,,,,,
Middle East (Shift),1952,,,,,,,,,,,,,,,,,,,,,,,,,,,
Middle East (Shift),1953,,,,,,,,,,,,,,,,,,,,,,,,,,,
Middle East (Shift),1954,,,,,,,,,,,,,,,,,,,,,,,,,,,
Middle East (Shift),1955,,,,,,,,,,,,,,,,,,,,,,,,,,,
Middle East (Shift),1956,,,,,,,,,,,,,,,,,,,,,,,,,,,
Middle East (Shift),1957,,,,,,,,,,,,,,,,,,,,,,,,,,,
Middle East (Shift),1958,,,,,,,,,,,,,,,,,,,,,,,,,,,
Middle East (Shift),1959,,,,,,,,,,,,,,,,,,,,,,,,,,,
Middle East (Shift),1960,,,,,,,,,,,,,,,,,,,,,,,,,,,
Middle East (Shift),1961,,,,,,,,,,,,,,,,,,,,,,,,,,,
Middle East (Shift),1962,,,,,,,,,,,,,,,,,,,,,,,,,,,
Middle East (Shift),1963,,,,,,,,,,,,,,,,,,,,,,,,,,,
Middle East (Shift),1964,,,,,,,,,,,,,,,,,,,,,,,,,,,
Middle East (Shift),1965,,,,,,,,,,,,,,,,,,,,,,,,,,,
Middle East (Shift),1966,,,,,,,,,,,,,,,,,,,,,,,,,,,
Middle East (Shift),1967,,,,,,,,,,,,,,,,,,,,,,,,,,,
Middle East (Shift),1968,,,,,,,,,,,,,,,,,,,,,,,,,,,
Middle East (Shift),1969,,,,,,,,,,,,,,,,,,,,,,,,,,,
Middle East (Shift),1970,,,,,,,,,,,,,,,,,,,,,,,,,,,
Middle East (Shift),1971,,,,,,,,,,,,,,,,,,,,,,,,,,,
Middle East (Shift),1972,,,,,,,,,,,,,,,,,,,,,,,,,,,
Middle East (Shift),1973,,,,,,,,,,,,,,,,,,,,,,,,,,,
Middle East (Shift),1974,,,,,,,,,,,,,,,,,,,,,,,,,,,
Middle East (Shift),1975,,,,,,,,,,,,,,,,,,,,,,,,,,,
Middle East (Shift),1976,,,,,,,,,,,,,,,,,,,,,,,,,,,
Middle East (Shift),1977,,,,,,,,,,,,,,,,,,,,,,,,,,,
Middle East (Shift),1978,,,,,,,,,,,,,,,,,,,,,,,,,,,
Middle East (Shift),1979,,,,,,,,,,,,,,,,,,,,,,,,,,,
Middle East (Shift),1980,,,,,,,,,,,,,,,,,,,,,,,,,,,
Middle East (Shift),1981,,,,,,,,,,,,,,,,,,,,,,,,,,,
Middle East (Shift),1982,,,,,,,,,,,,,,,,,,,,,,,,,,,
Middle East (Shift),1983,,,,,,,,,,,,,,,,,,,,,,,,,,,
Middle East (Shift),1984,,,,,,,,,,,,,,,,,,,,,,,,,,,
Middle East (Shift),1985,,,,,,,,,,,,,,,,,,,,,,,,,,,
Middle East (Shift),1986,,,,,,,,,,,,,,,,,,,,,,,,,,,
Middle East (Shift),1987,,,,,,,,,,,,,,,,,,,,,,,,,,,
Middle East (Shift),1988,,,,,,,,,,,,,,,,,,,,,,,,,,,
Middle East (Shift),1989,,,,,,,,,,,,,,,,,,,,,,,,,,,
Middle East (Shift),1990,,,,,,,,,,,,,,,,,,,,,,,,,,,
Middle East (Shift),1991,,,,,,,,,,,,,,,,,,,,,,,,,,,
Middle East (Shift),1992,,,,,,,,,,,,,,,,,,,,,,,,,,,
Middle East (Shift),1993,,,,,,,,,,,,,,,,,,,,,,,,,,,
Middle East (Shift),1994,,,,,,,,,,,,,,,,,,,,,,,,,,,
Middle East (Shift),1995,,,,,,,,,,,,,,,,,,,,,,,,,,,
Middle East (Shift),1996,,,,,,,,,,,,,,,,,,,,,,,,,,,
Middle East (Shift),1997,,,,,,,,,,,,,,,,,,,,,,,,,,,
Middle East (Shift),1998,,,,,,,,,,,,,,,,,,,,,,,,,,,
Middle East (Shift),1999,,,,,,,,,,,,,,,,,,,,,,,,,,,
Middle East (Shift),2000,,,,,,,,,,,,,,,,,,,,,,,,,,,
Middle East (Shift),2001,,,,,,,,,,,,,,,,,,,,,,,,,,,
Middle East (Shift),2002,,,,,,,,,,,,,,,,,,,,,,,,,,,
Middle East (Shift),2003,,,,,,,,,,,,,,,,,,,,,,,,,,,
Middle East (Shift),2004,,,,,,,,,,,,,,,,,,,,,,,,,,,
Middle East (Shift),2005,,,,,,,,,,,,,,,,,,,,,,,,,,,
Middle East (Shift),2006,,,,,,,,,,,,,,,,,,,,,,,,,,,
Middle East (Shift),2007,,,,,,,,,,,,,,,,,,,,,,,,,,,
Middle East (Shift),2008,,,,,,,,,,,,,,,,,,,,,,,,,,,
Middle East (Shift),2009,,,,,,,,,,,,,,,,,,,,,,,,,,,
Middle East (Shift),2010,,,,,,,,,,,,,,,,,,,,,,,,,,,
Middle East (Shift),2011,,,,,,,,,,,,,,,,,,,,,,,,,,,
Middle East (Shift),2012,,,,,,,,,,,,,,,,,,,,,,,,,,,
Middle East (Shift),2013,,,,,,,,,,,,,,,,,,,,,,,,,,,
Middle East (Shift),2014,,,,,,,,,,,,,,,,,,,,,,,,,,,
Middle East (Shift),2015,,,,,,,,,,,,,,,,,,,,,,,,,,,
Middle East (Shift),2016,,,,,,,,,,,,,,,,,,,,,,,,,,,
Non-OECD (EI),1965,,,,12741.769,,95.407,12121.408,,4.552,,578.349,204.955,204.955,,4.481,0.0,,0.0,0.0,,0.0,0.0,,0.0,204.955,,4.552
Non-OECD (EI),1966,,,,13554.467,,95.276,12875.772,,4.681,,632.587,224.416,224.416,,4.613,0.0,,0.0,0.0,,0.0,0.0,,0.0,224.416,,4.681
Non-OECD (EI),1967,,,,13999.965,,95.387,13315.397,,4.567,,637.537,226.135,226.135,,4.5,0.0,,0.0,0.0,,0.0,0.0,,0.0,226.135,,4.567
Non-OECD (EI),1968,,,,14662.916,,94.973,13881.668,,4.968,,726.078,257.949,257.949,,4.902,0.0,,0.0,0.0,,0.0,0.0,,0.0,257.949,,4.968
Non-OECD (EI),1969,,,,15703.467,,94.842,14845.229,,5.079,,795.063,282.722,282.722,,5.017,0.0,,0.0,0.0,,0.0,0.0,,0.0,282.722,,5.079
Non-OECD (EI),1970,,,,16981.709,,94.703,16029.01,,5.202,,880.546,312.065,311.494,,5.112,0.0,,0.0,0.0,,0.0,0.571,,0.011,312.065,,5.202
Non-OECD (EI),1971,,,,18209.92,,94.77,17201.307,,5.131,,931.397,330.14,327.899,,5.018,0.0,,0.0,0.0,,0.0,2.241,,0.039,330.14,,5.131
Non-OECD (EI),1972,,,,19309.471,,94.731,18232.512,,5.11,,983.459,348.428,346.185,,4.996,0.0,,0.0,0.0,,0.0,2.244,,0.036,348.428,,5.11
Non-OECD (EI),1973,,,,20512.471,,94.744,19371.715,,5.029,,1028.298,364.759,362.37,,4.923,0.0,,0.0,0.0,,0.0,2.389,,0.037,364.759,,5.029
Non-OECD (EI),1974,,,,21505.316,,94.379,20227.238,,5.287,,1133.086,402.437,399.925,,5.183,0.0,,0.0,0.0,,0.0,2.511,,0.037,402.437,,5.287
Non-OECD (EI),1975,,,,22749.73,,94.353,21392.541,,5.2,,1178.976,419.154,416.357,,5.101,0.0,,0.0,0.0,,0.0,2.797,,0.039,419.154,,5.2
Non-OECD (EI),1976,,,,23973.748,,94.135,22489.459,,5.297,,1265.399,450.185,446.92,,5.196,0.0,,0.0,0.0,,0.0,3.265,,0.043,450.185,,5.297
Non-OECD (EI),1977,,,,25502.826,,93.88,23856.359,,5.455,,1386.273,492.015,488.423,,5.339,0.0,,0.0,0.0,,0.0,3.592,,0.044,492.015,,5.455
Non-OECD (EI),1978,,,,26983.334,,93.609,25164.469,,5.706,,1533.826,543.336,539.359,,5.573,0.0,,0.0,0.0,,0.0,3.977,,0.046,543.336,,5.706
Non-OECD (EI),1979,,,,28258.115,,93.42,26298.432,,5.818,,1637.774,578.898,573.996,,5.664,0.0,,0.0,0.0,,0.0,4.902,,0.054,578.898,,5.818
Non-OECD (EI),1980,,,,28919.887,,92.966,26778.064,,6.136,,1767.337,623.649,617.334,,5.953,0.0,,0.0,0.0,,0.0,6.315,,0.069,623.649,,6.136
Non-OECD (EI),1981,,,,29643.131,,92.747,27381.775,,6.193,,1828.473,646.456,637.774,,6.001,0.0,,0.0,0.0,,0.0,8.682,,0.092,646.456,,6.193
Non-OECD (EI),1982,,,,30640.398,,92.773,28313.473,,6.036,,1842.058,648.458,639.159,,5.817,0.0,,0.0,0.0,,0.0,9.3,,0.095,648.458,,6.036
Non-OECD (EI),1983,,,,31741.439,,92.548,29258.336,,6.105,,1929.993,675.766,664.69,,5.84,0.0,,0.0,0.0,,0.0,11.076,,0.109,675.766,,6.105
Non-OECD (EI),1984,,,,33329.062,,91.976,30525.285,,6.349,,2107.177,736.359,725.044,,6.068,0.0,,0.0,0.0,,0.0,11.315,,0.107,736.359,,6.349
Non-OECD (EI),1985,,,,34279.43,,91.655,31282.24,3321.926,6.529,23.362,2228.228,776.056,764.231,23.006,6.22,0.0,0.0,0.0,0.0,0.0,0.0,11.825,0.356,0.108,776.056,23.362,6.529
Non-OECD (EI),1986,,,,35523.391,,91.717,32439.535,3510.061,6.602,23.044,2335.231,808.865,796.828,22.701,6.258,0.0,0.0,0.0,0.0,0.0,0.0,12.038,0.343,0.106,808.865,23.044,6.602
Non-OECD (EI),1987,,,,37092.422,,91.615,33834.852,3718.143,6.514,22.426,2405.6,833.821,822.015,22.108,6.183,0.0,0.0,0.0,0.0,0.0,0.0,11.806,0.318,0.1,833.821,22.426,6.514
Non-OECD (EI),1988,,,,38709.492,,91.325,35194.445,3904.89,6.616,22.641,2549.577,884.106,872.103,22.334,6.286,0.0,0.0,0.0,0.0,0.0,0.0,12.003,0.307,0.097,884.106,22.641,6.616
Non-OECD (EI),1989,,,,39526.617,,91.414,35972.875,4050.577,6.653,22.377,2617.938,906.389,893.425,22.057,6.307,0.0,0.0,0.0,0.0,0.0,0.0,12.964,0.32,0.103,906.389,22.377,6.653
Non-OECD (EI),1990,,,,40393.113,,91.418,36762.082,4146.023,6.739,22.702,2709.759,941.241,925.759,22.329,6.395,0.002,0.0,0.0,0.034,0.001,0.0,15.446,0.373,0.12,941.241,22.702,6.739
Non-OECD (EI),1991,,,,40605.355,,91.204,36863.461,4232.275,6.952,23.081,2810.12,976.853,961.226,22.712,6.606,0.002,0.0,0.0,0.123,0.003,0.001,15.501,0.366,0.12,976.853,23.081,6.952
Non-OECD (EI),1992,,,,40635.984,,91.152,36868.461,4283.88,7.033,23.13,2844.669,990.853,973.979,22.736,6.689,0.003,0.0,0.0,0.221,0.005,0.002,16.651,0.389,0.129,990.853,23.13,7.033
Non-OECD (EI),1993,,,,40594.051,,90.732,36651.336,4365.676,7.433,23.985,3002.421,1047.104,1030.447,23.603,7.086,0.004,0.0,0.0,0.312,0.007,0.002,16.341,0.374,0.126,1047.104,23.985,7.433
Non-OECD (EI),1994,,,,40851.574,,90.444,36759.328,4467.147,7.81,24.773,3174.143,1106.631,1087.679,24.348,7.434,0.005,0.0,0.0,0.59,0.013,0.004,18.357,0.411,0.141,1106.631,24.773,7.81
Non-OECD (EI),1995,,,,41542.703,,90.227,37287.574,4660.329,7.993,24.701,3303.144,1151.15,1127.958,24.203,7.582,0.008,0.0,0.0,1.128,0.024,0.008,22.056,0.473,0.167,1151.15,24.701,7.993
Non-OECD (EI),1996,,,,42464.371,,90.26,38132.008,4830.846,7.814,23.794,3301.163,1149.464,1125.287,23.294,7.399,0.015,0.0,0.0,1.002,0.021,0.007,23.16,0.479,0.171,1149.464,23.794,7.814
Non-OECD (EI),1997,,,,42883.191,,90.178,38471.859,4994.044,7.882,23.473,3362.671,1172.245,1144.461,22.917,7.452,0.017,0.0,0.0,1.229,0.025,0.008,26.537,0.531,0.194,1172.245,23.473,7.882
Non-OECD (EI),1998,,,,43292.996,,89.961,38740.34,5137.032,8.169,23.905,3518.007,1228.03,1197.49,23.311,7.724,0.02,0.0,0.0,1.502,0.029,0.01,29.019,0.565,0.211,1228.03,23.905,8.169
Non-OECD (EI),1999,,,,44185.523,,89.981,39550.93,5340.46,8.08,23.211,3551.603,1239.575,1203.759,22.54,7.607,0.023,0.0,0.0,2.039,0.038,0.013,33.753,0.632,0.24,1239.575,23.211,8.08
Non-OECD (EI),2000,,,,45836.426,,89.928,41004.504,5650.492,8.056,22.769,3673.235,1286.569,1245.739,22.047,7.589,0.044,0.001,0.0,2.485,0.044,0.015,38.302,0.678,0.263,1286.569,22.769,8.056
Non-OECD (EI),2001,,,,47406.73,,90.017,42457.844,5889.253,7.956,22.475,3752.469,1323.619,1279.431,21.725,7.493,0.063,0.001,0.0,3.433,0.058,0.02,40.691,0.691,0.27,1323.619,22.475,7.956
Non-OECD (EI),2002,,,,49218.008,,90.188,44161.453,6219.996,7.768,21.702,3803.858,1349.884,1303.537,20.957,7.294,0.086,0.001,0.0,3.653,0.059,0.02,42.608,0.685,0.272,1349.884,21.702,7.768
Non-OECD (EI),2003,,,,52610.352,,90.602,47438.703,6679.009,7.359,20.582,3853.003,1374.669,1323.955,19.823,6.89,0.111,0.002,0.001,4.448,0.067,0.023,46.155,0.691,0.275,1374.669,20.582,7.359
Non-OECD (EI),2004,,,,57328.32,,90.545,51660.242,7230.254,7.542,21.355,4303.067,1543.989,1486.556,20.56,7.061,0.134,0.002,0.001,7.644,0.106,0.036,49.654,0.687,0.272,1543.989,21.355,7.542
Non-OECD (EI),2005,,,,60925.762,,90.751,55022.094,7720.534,7.447,21.141,4515.293,1632.212,1569.437,20.328,6.958,0.158,0.002,0.001,9.267,0.12,0.041,53.35,0.691,0.275,1632.212,21.141,7.447
Non-OECD (EI),2006,,,,64467.125,,90.826,58275.594,8335.244,7.42,20.778,4761.089,1731.877,1656.748,19.876,6.904,0.207,0.002,0.001,14.925,0.179,0.062,59.996,0.72,0.292,1731.877,20.778,7.42
Non-OECD (EI),2007,,,,68057.266,,90.874,61560.824,8987.558,7.433,20.38,5035.577,1831.626,1742.29,19.386,6.84,0.299,0.003,0.001,19.881,0.221,0.078,69.158,0.769,0.319,1831.626,20.38,7.433
Non-OECD (EI),2008,,,,70382.594,,90.562,63427.383,9357.122,7.769,21.145,5441.393,1978.543,1865.973,19.942,7.03,0.387,0.004,0.001,31.307,0.335,0.118,80.876,0.864,0.361,1978.543,21.145,7.769
Non-OECD (EI),2009,,,,71461.664,,90.572,64414.32,9628.737,7.801,20.98,5547.969,2020.133,1877.757,19.502,6.93,0.604,0.006,0.002,48.644,0.505,0.18,93.129,0.967,0.409,2020.133,20.98,7.801
Non-OECD (EI),2010,,,,75704.008,,90.373,68070.266,10517.919,8.015,21.035,6037.058,2212.446,2023.403,19.238,6.996,1.324,0.013,0.005,76.537,0.728,0.265,111.183,1.057,0.461,2212.446,21.035,8.015
Non-OECD (EI),2011,,,,79695.664,,90.585,71842.648,11251.507,7.8,20.271,6186.19,2280.797,2048.888,18.21,6.693,4.736,0.042,0.015,108.657,0.966,0.355,118.516,1.053,0.467,2280.797,20.271,7.8
Non-OECD (EI),2012,,,,82384.5,,90.258,73989.969,11797.56,8.142,20.99,6674.613,2476.26,2192.89,18.588,6.894,9.242,0.078,0.029,146.457,1.241,0.46,127.671,1.082,0.487,2476.26,20.99,8.142
Non-OECD (EI),2013,,,,84334.945,,89.862,75380.859,12439.502,8.569,21.494,7187.713,2673.702,2321.985,18.666,7.079,18.008,0.145,0.055,191.185,1.537,0.583,142.524,1.146,0.531,2673.702,21.494,8.569
Non-OECD (EI),2014,,,,86466.648,,89.395,76875.578,13101.251,8.969,21.946,7712.653,2875.225,2444.544,18.659,7.233,38.203,0.292,0.113,226.114,1.726,0.669,166.364,1.27,0.605,2875.225,21.946,8.969
Non-OECD (EI),2015,,,,87458.031,,89.151,77547.039,13283.661,9.1,22.271,7915.391,2958.405,2447.595,18.426,7.124,61.489,0.463,0.179,270.769,2.038,0.788,178.551,1.344,0.641,2958.405,22.271,9.1
Non-OECD (EI),2016,,,,88983.039,,88.591,78365.227,13848.248,9.59,23.104,8482.666,3199.441,2556.832,18.463,7.262,99.598,0.719,0.283,353.045,2.549,1.003,189.965,1.372,0.671,3199.441,23.104,9.59
Non-OECD (EI),2017,,,,91624.68,,88.209,80335.734,14547.094,9.931,23.601,9044.954,3433.28,2612.844,17.961,7.172,167.88,1.154,0.461,441.811,3.037,1.213,210.745,1.449,0.723,3433.28,23.601,9.931
Non-OECD (EI),2018,,,,94811.938,,87.659,82601.266,15399.516,10.412,24.181,9811.564,3723.816,2699.723,17.531,7.127,251.542,1.633,0.664,523.305,3.398,1.381,249.246,1.619,0.827,3723.816,24.181,10.412
Non-OECD (EI),2019,,,,97266.938,,87.104,84170.406,15902.446,10.842,25.018,10477.163,3978.501,2787.749,17.53,7.141,330.949,2.081,0.848,588.347,3.7,1.507,271.456,1.707,0.878,3978.501,25.018,10.842
Non-OECD (EI),2020,,,,96157.406,,86.288,82406.555,16076.176,11.6,26.31,11077.904,4229.576,2863.818,17.814,7.404,407.374,2.534,1.053,656.54,4.084,1.697,301.844,1.878,0.988,4229.576,26.31,11.6
Non-OECD (EI),2021,,,,101304.617,,85.936,86461.5,17289.293,11.884,26.492,11956.583,4580.365,2843.19,16.445,6.96,517.106,2.991,1.266,883.203,5.108,2.162,336.866,1.948,1.046,4580.365,26.492,11.884
Non-OECD (EI),2022,,,,104002.734,,85.333,88123.078,17844.158,12.55,27.924,12960.738,4982.876,2938.695,16.469,6.992,669.093,3.75,1.592,1013.296,5.679,2.411,361.792,2.028,1.095,4982.876,27.924,12.55
Non-OECD (EI),2023,,,,108277.844,,85.127,91465.633,18768.209,12.814,28.353,13768.521,5321.276,2869.606,15.29,6.514,889.373,4.739,2.019,1177.522,6.274,2.673,384.777,2.05,1.119,5321.276,28.353,12.814
Non-OECD (EI),2024,,,,112047.164,,84.162,93570.688,19806.184,13.784,29.979,15324.453,5937.789,3013.851,15.217,6.612,1213.637,6.128,2.662,1308.172,6.605,2.87,402.128,2.03,1.13,5937.789,29.979,13.784
Non-OECD (EIA),1980,,,,30774.705,,,,,,,,,,,,,,,,,,,,,,,
Non-OECD (EIA),1981,,,,30895.219,,,,,,,,,,,,,,,,,,,,,,,
Non-OECD (EIA),1982,,,,32151.193,,,,,,,,,,,,,,,,,,,,,,,
Non-OECD (EIA),1983,,,,33363.09,,,,,,,,,,,,,,,,,,,,,,,
Non-OECD (EIA),1984,,,,35392.055,,,,,,,,,,,,,,,,,,,,,,,
Non-OECD (EIA),1985,,,,36849.066,,,,,,,,,,,,,,,,,,,,,,,
Non-OECD (EIA),1986,,,,38014.582,,,,,,,,,,,,,,,,,,,,,,,
Non-OECD (EIA),1987,,,,39591.508,,,,,,,,,,,,,,,,,,,,,,,
Non-OECD (EIA),1988,,,,41362.484,,,,,,,,,,,,,,,,,,,,,,,
Non-OECD (EIA),1989,,,,41906.102,,,,,,,,,,,,,,,,,,,,,,,
Non-OECD (EIA),1990,,,,42211.316,,,,,,,,,,,,,,,,,,,,,,,
Non-OECD (EIA),1991,,,,42021.949,,,,,,,,,,,,,,,,,,,,,,,
Non-OECD (EIA),1992,,,,40887.895,,,,,,,,,,,,,,,,,,,,,,,
Non-OECD (EIA),1993,,,,40705.012,,,,,,,,,,,,,,,,,,,,,,,
Non-OECD (EIA),1994,,,,40564.043,,,,,,,,,,,,,,,,,,,,,,,
Non-OECD (EIA),1995,,,,41849.301,,,,,,,,,,,,,,,,,,,,,,,
Non-OECD (EIA),1996,,,,42645.754,,,,,,,,,,,,,,,,,,,,,,,
Non-OECD (EIA),1997,,,,42497.684,,,,,,,,,,,,,,,,,,,,,,,
Non-OECD (EIA),1998,,,,42904.879,,,,,,,,,,,,,,,,,,,,,,,
Non-OECD (EIA),1999,,,,43957.891,,,,,,,,,,,,,,,,,,,,,,,
Non-OECD (EIA),2000,,,,46309.754,,,,,,,,,,,,,,,,,,,,,,,
Non-OECD (EIA),2001,,,,47354.895,,,,,,,,,,,,,,,,,,,,,,,
Non-OECD (EIA),2002,,,,49403.023,,,,,,,,,,,,,,,,,,,,,,,
Non-OECD (EIA),2003,,,,52811.609,,,,,,,,,,,,,,,,,,,,,,,
Non-OECD (EIA),2004,,,,57643.141,,,,,,,,,,,,,,,,,,,,,,,
Non-OECD (EIA),2005,,,,61302.551,,,,,,,,,,,,,,,,,,,,,,,
Non-OECD (EIA),2006,,,,65319.43,,,,,,,,,,,,,,,,,,,,,,,
Non-OECD (EIA),2007,,,,68729.828,,,,,,,,,,,,,,,,,,,,,,,
Non-OECD (EIA),2008,,,,71521.016,,,,,,,,,,,,,,,,,,,,,,,
Non-OECD (EIA),2009,,,,72886.914,,,,,,,,,,,,,,,,,,,,,,,
Non-OECD (EIA),2010,,,,79586.812,,,,,,,,,,,,,,,,,,,,,,,
Non-OECD (EIA),2011,,,,84374.844,,,,,,,,,,,,,,,,,,,,,,,
Non-OECD (EIA),2012,,,,87926.953,,,,,,,,,,,,,,,,,,,,,,,
Non-OECD (EIA),2013,,,,89668.961,,,,,,,,,,,,,,,,,,,,,,,
Non-OECD (EIA),2014,,,,91298.039,,,,,,,,,,,,,,,,,,,,,,,
Non-OECD (EIA),2015,,,,91318.594,,,,,,,,,,,,,,,,,,,,,,,
Non-OECD (EIA),2016,,,,92749.977,,,,,,,,,,,,,,,,,,,,,,,
Non-OECD (EIA),2017,,,,93674.18,,,,,,,,,,,,,,,,,,,,,,,
Non-OECD (EIA),2018,,,,96656.0,,,,,,,,,,,,,,,,,,,,,,,
Non-OECD (EIA),2019,,,,99262.391,,,,,,,,,,,,,,,,,,,,,,,
Non-OECD (EIA),2020,,,,97360.367,,,,,,,,,,,,,,,,,,,,,,,
Non-OECD (EIA),2021,,,,102218.438,,,,,,,,,,,,,,,,,,,,,,,
Non-OECD (EIA),2022,,,,104898.812,,,,,,,,,,,,,,,,,,,,,,,
Non-OECD (EIA),2023,,,,109638.734,,,,,,,,,,,,,,,,,,,,,,,
Non-OPEC (EI),1965,,,,,,,,,,,,,,,,,,,,,,,,,,,
Non-OPEC (EI),1966,,,,,,,,,,,,,,,,,,,,,,,,,,,
Non-OPEC (EI),1967,,,,,,,,,,,,,,,,,,,,,,,,,,,
Non-OPEC (EI),1968,,,,,,,,,,,,,,,,,,,,,,,,,,,
Non-OPEC (EI),1969,,,,,,,,,,,,,,,,,,,,,,,,,,,
Non-OPEC (EI),1970,,,,,,,,,,,,,,,,,,,,,,,,,,,
Non-OPEC (EI),1971,,,,,,,,,,,,,,,,,,,,,,,,,,,
Non-OPEC (EI),1972,,,,,,,,,,,,,,,,,,,,,,,,,,,
Non-OPEC (EI),1973,,,,,,,,,,,,,,,,,,,,,,,,,,,
Non-OPEC (EI),1974,,,,,,,,,,,,,,,,,,,,,,,,,,,
Non-OPEC (EI),1975,,,,,,,,,,,,,,,,,,,,,,,,,,,
Non-OPEC (EI),1976,,,,,,,,,,,,,,,,,,,,,,,,,,,
Non-OPEC (EI),1977,,,,,,,,,,,,,,,,,,,,,,,,,,,
Non-OPEC (EI),1978,,,,,,,,,,,,,,,,,,,,,,,,,,,
Non-OPEC (EI),1979,,,,,,,,,,,,,,,,,,,,,,,,,,,
Non-OPEC (EI),1980,,,,,,,,,,,,,,,,,,,,,,,,,,,
Non-OPEC (EI),1981,,,,,,,,,,,,,,,,,,,,,,,,,,,
Non-OPEC (EI),1982,,,,,,,,,,,,,,,,,,,,,,,,,,,
Non-OPEC (EI),1983,,,,,,,,,,,,,,,,,,,,,,,,,,,
Non-OPEC (EI),1984,,,,,,,,,,,,,,,,,,,,,,,,,,,
Non-OPEC (EI),1985,,,,,,,,,,,,,,,,,,,,,,,,,,,
Non-OPEC (EI),1986,,,,,,,,,,,,,,,,,,,,,,,,,,,
Non-OPEC (EI),1987,,,,,,,,,,,,,,,,,,,,,,,,,,,
Non-OPEC (EI),1988,,,,,,,,,,,,,,,,,,,,,,,,,,,
Non-OPEC (EI),1989,,,,,,,,,,,,,,,,,,,,,,,,,,,
Non-OPEC (EI),1990,,,,,,,,,,,,,,,,,,,,,,,,,,,
Non-OPEC (EI),1991,,,,,,,,,,,,,,,,,,,,,,,,,,,
Non-OPEC (EI),1992,,,,,,,,,,,,,,,,,,,,,,,,,,,
Non-OPEC (EI),1993,,,,,,,,,,,,,,,,,,,,,,,,,,,
Non-OPEC (EI),1994,,,,,,,,,,,,,,,,,,,,,,,,,,,
Non-OPEC (EI),1995,,,,,,,,,,,,,,,,,,,,,,,,,,,
Non-OPEC (EI),1996,,,,,,,,,,,,,,,,,,,,,,,,,,,
Non-OPEC (EI),1997,,,,,,,,,,,,,,,,,,,,,,,,,,,
Non-OPEC (EI),1998,,,,,,,,,,,,,,,,,,,,,,,,,,,
Non-OPEC (EI),1999,,,,,,,,,,,,,,,,,,,,,,,,,,,
Non-OPEC (EI),2000,,,,,,,,,,,,,,,,,,,,,,,,,,,
Non-OPEC (EI),2001,,,,,,,,,,,,,,,,,,,,,,,,,,,
Non-OPEC (EI),2002,,,,,,,,,,,,,,,,,,,,,,,,,,,
Non-OPEC (EI),2003,,,,,,,,,,,,,,,,,,,,,,,,,,,
Non-OPEC (EI),2004,,,,,,,,,,,,,,,,,,,,,,,,,,,
Non-OPEC (EI),2005,,,,,,,,,,,,,,,,,,,,,,,,,,,
Non-OPEC (EI),2006,,,,,,,,,,,,,,,,,,,,,,,,,,,
Non-OPEC (EI),2007,,,,,,,,,,,,,,,,,,,,,,,,,,,
Non-OPEC (EI),2008,,,,,,,,,,,,,,,,,,,,,,,,,,,
Non-OPEC (EI),2009,,,,,,,,,,,,,,,,,,,,,,,,,,,
Non-OPEC (EI),2010,,,,,,,,,,,,,,,,,,,,,,,,,,,
Non-OPEC (EI),2011,,,,,,,,,,,,,,,,,,,,,,,,,,,
Non-OPEC (EI),2012,,,,,,,,,,,,,,,,,,,,,,,,,,,
Non-OPEC (EI),2013,,,,,,,,,,,,,,,,,,,,,,,,,,,
Non-OPEC (EI),2014,,,,,,,,,,,,,,,,,,,,,,,,,,,
Non-OPEC (EI),2015,,,,,,,,,,,,,,,,,,,,,,,,,,,
Non-OPEC (EI),2016,,,,,,,,,,,,,,,,,,,,,,,,,,,
Non-OPEC (EI),2017,,,,,,,,,,,,,,,,,,,,,,,,,,,
Non-OPEC (EI),2018,,,,,,,,,,,,,,,,,,,,,,,,,,,
Non-OPEC (EI),2019,,,,,,,,,,,,,,,,,,,,,,,,,,,
Non-OPEC (EI),2020,,,,,,,,,,,,,,,,,,,,,,,,,,,
Non-OPEC (EI),2021,,,,,,,,,,,,,,,,,,,,,,,,,,,
Non-OPEC (EI),2022,,,,,,,,,,,,,,,,,,,,,,,,,,,
Non-OPEC (EI),2023,,,,,,,,,,,,,,,,,,,,,,,,,,,
Non-OPEC (EI),2024,,,,,,,,,,,,,,,,,,,,,,,,,,,
Non-OPEC (EIA),1980,,,,80119.242,,,,,,,,,,,,,,,,,,,,,,,
Non-OPEC (EIA),1981,,,,78920.203,,,,,,,,,,,,,,,,,,,,,,,
Non-OPEC (EIA),1982,,,,78762.25,,,,,,,,,,,,,,,,,,,,,,,
Non-OPEC (EIA),1983,,,,79476.633,,,,,,,,,,,,,,,,,,,,,,,
Non-OPEC (EIA),1984,,,,83170.305,,,,,,,,,,,,,,,,,,,,,,,
Non-OPEC (EIA),1985,,,,85307.656,,,,,,,,,,,,,,,,,,,,,,,
Non-OPEC (EIA),1986,,,,87016.016,,,,,,,,,,,,,,,,,,,,,,,
Non-OPEC (EIA),1987,,,,89937.367,,,,,,,,,,,,,,,,,,,,,,,
Non-OPEC (EIA),1988,,,,93372.0,,,,,,,,,,,,,,,,,,,,,,,
Non-OPEC (EIA),1989,,,,94853.555,,,,,,,,,,,,,,,,,,,,,,,
Non-OPEC (EIA),1990,,,,95209.812,,,,,,,,,,,,,,,,,,,,,,,
Non-OPEC (EIA),1991,,,,95057.789,,,,,,,,,,,,,,,,,,,,,,,
Non-OPEC (EIA),1992,,,,94628.383,,,,,,,,,,,,,,,,,,,,,,,
Non-OPEC (EIA),1993,,,,95109.875,,,,,,,,,,,,,,,,,,,,,,,
Non-OPEC (EIA),1994,,,,95979.219,,,,,,,,,,,,,,,,,,,,,,,
Non-OPEC (EIA),1995,,,,98506.953,,,,,,,,,,,,,,,,,,,,,,,
Non-OPEC (EIA),1996,,,,101110.438,,,,,,,,,,,,,,,,,,,,,,,
Non-OPEC (EIA),1997,,,,101124.133,,,,,,,,,,,,,,,,,,,,,,,
Non-OPEC (EIA),1998,,,,101588.07,,,,,,,,,,,,,,,,,,,,,,,
Non-OPEC (EIA),1999,,,,103506.555,,,,,,,,,,,,,,,,,,,,,,,
Non-OPEC (EIA),2000,,,,106814.102,,,,,,,,,,,,,,,,,,,,,,,
Non-OPEC (EIA),2001,,,,107306.211,,,,,,,,,,,,,,,,,,,,,,,
Non-OPEC (EIA),2002,,,,109642.391,,,,,,,,,,,,,,,,,,,,,,,
Non-OPEC (EIA),2003,,,,113779.508,,,,,,,,,,,,,,,,,,,,,,,
Non-OPEC (EIA),2004,,,,119612.383,,,,,,,,,,,,,,,,,,,,,,,
Non-OPEC (EIA),2005,,,,123104.5,,,,,,,,,,,,,,,,,,,,,,,
Non-OPEC (EIA),2006,,,,127028.992,,,,,,,,,,,,,,,,,,,,,,,
Non-OPEC (EIA),2007,,,,130548.445,,,,,,,,,,,,,,,,,,,,,,,
Non-OPEC (EIA),2008,,,,131597.578,,,,,,,,,,,,,,,,,,,,,,,
Non-OPEC (EIA),2009,,,,129665.82,,,,,,,,,,,,,,,,,,,,,,,
Non-OPEC (EIA),2010,,,,138209.891,,,,,,,,,,,,,,,,,,,,,,,
Non-OPEC (EIA),2011,,,,141544.594,,,,,,,,,,,,,,,,,,,,,,,
Non-OPEC (EIA),2012,,,,143980.719,,,,,,,,,,,,,,,,,,,,,,,
Non-OPEC (EIA),2013,,,,146087.641,,,,,,,,,,,,,,,,,,,,,,,
Non-OPEC (EIA),2014,,,,146813.453,,,,,,,,,,,,,,,,,,,,,,,
Non-OPEC (EIA),2015,,,,147133.25,,,,,,,,,,,,,,,,,,,,,,,
Non-OPEC (EIA),2016,,,,147983.969,,,,,,,,,,,,,,,,,,,,,,,
Non-OPEC (EIA),2017,,,,149851.438,,,,,,,,,,,,,,,,,,,,,,,
Non-OPEC (EIA),2018,,,,153729.297,,,,,,,,,,,,,,,,,,,,,,,
Non-OPEC (EIA),2019,,,,155177.969,,,,,,,,,,,,,,,,,,,,,,,
Non-OPEC (EIA),2020,,,,148278.609,,,,,,,,,,,,,,,,,,,,,,,
Non-OPEC (EIA),2021,,,,155384.297,,,,,,,,,,,,,,,,,,,,,,,
Non-OPEC (EIA),2022,,,,157410.984,,,,,,,,,,,,,,,,,,,,,,,
Non-OPEC (EIA),2023,,,,160566.703,,,,,,,,,,,,,,,,,,,,,,,
North America,1900,,104337584.0,,,,,,,,,,,,,,,,,,,,,,,,,
North America,1901,,106181070.0,,,,,,,,,,,,,,,,,,,,,,,,,
North America,1902,,108089905.0,,,,,,,,,,,,,,,,,,,,,,,,,
North America,1903,,110066137.0,,,,,,,,,,,,,,,,,,,,,,,,,
North America,1904,,112080524.0,,,,,,,,,,,,,,,,,,,,,,,,,
North America,1905,,114133852.0,,,,,,,,,,,,,,,,,,,,,,,,,
North America,1906,,116226903.0,,,,,,,,,,,,,,,,,,,,,,,,,
North America,1907,,118360491.0,,,,,,,,,,,,,,,,,,,,,,,,,
North America,1908,,120535439.0,,,,,,,,,,,,,,,,,,,,,,,,,
North America,1909,,122613680.0,,,,,,,,,,,,,,,,,,,,,,,,,
North America,1910,,124592192.0,,,,,,,,,,,,,,,,,,,,,,,,,
North America,1911,,126466166.0,,,,,,,,,,,,,,,,,,,,,,,,,
North America,1912,,128233899.0,,,,,,,,,,,,,,,,,,,,,,,,,
North America,1913,,129892337.0,,,,,,,,,,,,,,,,,,,,,,,,,
North America,1914,,131576755.0,,,,,,,,,,,,,,,,,,,,,,,,,
North America,1915,,133287590.0,,,,,,,,,,,,,,,,,,,,,,,,,
North America,1916,,135025298.0,,,,,,,,,,,,,,,,,,,,,,,,,
North America,1917,,136790334.0,,,,,,,,,,,,,,,,,,,,,,,,,
North America,1918,,138627827.0,,,,,,,,,,,,,,,,,,,,,,,,,
North America,1919,,140539522.0,,,,,,,,,,,,,,,,,,,,,,,,,
North America,1920,,142526443.0,,,,,,,,,,,,,,,,,,,,,,,,,
North America,1921,,144590318.0,,,,,,,,,,,,,,,,,,,,,,,,,
North America,1922,,146732394.0,,,,,,,,,,,,,,,,,,,,,,,,,
North America,1923,,148952849.0,,,,,,,,,,,,,,,,,,,,,,,,,
North America,1924,,151207885.0,,,,,,,,,,,,,,,,,,,,,,,,,
North America,1925,,153498078.0,,,,,,,,,,,,,,,,,,,,,,,,,
North America,1926,,155824012.0,,,,,,,,,,,,,,,,,,,,,,,,,
North America,1927,,158186296.0,,,,,,,,,,,,,,,,,,,,,,,,,
North America,1928,,160585523.0,,,,,,,,,,,,,,,,,,,,,,,,,
North America,1929,,162832831.0,,,,,,,,,,,,,,,,,,,,,,,,,
North America,1930,,164924575.0,,,,,,,,,,,,,,,,,,,,,,,,,
North America,1931,,166858221.0,,,,,,,,,,,,,,,,,,,,,,,,,
North America,1932,,168628343.0,,,,,,,,,,,,,,,,,,,,,,,,,
North America,1933,,170231505.0,,,,,,,,,,,,,,,,,,,,,,,,,
North America,1934,,171853242.0,,,,,,,,,,,,,,,,,,,,,,,,,
North America,1935,,173493832.0,,,,,,,,,,,,,,,,,,,,,,,,,
North America,1936,,175153555.0,,,,,,,,,,,,,,,,,,,,,,,,,
North America,1937,,176832698.0,,,,,,,,,,,,,,,,,,,,,,,,,
North America,1938,,178531557.0,,,,,,,,,,,,,,,,,,,,,,,,,
North America,1939,,180525436.0,,,,,,,,,,,,,,,,,,,,,,,,,
North America,1940,,182823179.0,,,,,,,,,,,,,,,,,,,,,,,,,
North America,1941,,185449049.0,,,,,,,,,,,,,,,,,,,,,,,,,
North America,1942,,188396632.0,,,,,,,,,,,,,,,,,,,,,,,,,
North America,1943,,191675323.0,,,,,,,,,,,,,,,,,,,,,,,,,
North America,1944,,195019763.0,,,,,,,,,,,,,,,,,,,,,,,,,
North America,1945,,198431553.0,,,,,,,,,,,,,,,,,,,,,,,,,
North America,1946,,201912308.0,,,,,,,,,,,,,,,,,,,,,,,,,
North America,1947,,205463865.0,,,,,,,,,,,,,,,,,,,,,,,,,
North America,1948,,209087777.0,,,,,,,,,,,,,,,,,,,,,,,,,
North America,1949,,212901535.0,,,,,,,,,,,,,,,,,,,,,,,,,
North America,1950,,222818942.0,,,,,,,,,,,,,,,,,,,,,,,,,
North America,1951,,226777853.0,,,,,,,,,,,,,,,,,,,,,,,,,
North America,1952,,230880347.0,,,,,,,,,,,,,,,,,,,,,,,,,
North America,1953,,235114817.0,,,,,,,,,,,,,,,,,,,,,,,,,
North America,1954,,239512127.0,,,,,,,,,,,,,,,,,,,,,,,,,
North America,1955,,244056556.0,,,,,,,,,,,,,,,,,,,,,,,,,
North America,1956,,248743632.0,,,,,,,,,,,,,,,,,,,,,,,,,
North America,1957,,253588808.0,,,,,,,,,,,,,,,,,,,,,,,,,
North America,1958,,258514843.0,,,,,,,,,,,,,,,,,,,,,,,,,
North America,1959,,263669394.0,,,,,,,,,,,,,,,,,,,,,,,,,
North America,1960,,269079991.0,,,,,,,,,,,,,,,,,,,,,,,,,
North America,1961,,274663001.0,,,,,,,,,,,,,,,,,,,,,,,,,
North America,1962,,280344711.0,,,,,,,,,,,,,,,,,,,,,,,,,
North America,1963,,285962471.0,,,,,,,,,,,,,,,,,,,,,,,,,
North America,1964,,291551215.0,,,,,,,,,,,,,,,,,,,,,,,,,
North America,1965,,297056448.0,,16418.895,55271.969,94.059,15387.246,,5.873,,960.821,340.978,327.646,,5.563,0.0,,0.0,0.0,,0.0,13.332,,0.255,340.978,,5.873
North America,1966,,302406133.0,,17345.188,57357.262,94.084,16260.019,,5.82,,1005.823,357.023,342.961,,5.512,0.0,,0.0,0.0,,0.0,14.062,,0.254,357.023,,5.82
North America,1967,,307620058.0,,17963.611,58395.449,93.766,16779.6,,6.106,,1092.724,388.243,374.17,,5.808,0.0,,0.0,0.0,,0.0,14.074,,0.246,388.243,,6.106
North America,1968,,312721535.0,,19040.117,60885.211,93.934,17819.758,,5.859,,1111.448,394.739,379.193,,5.552,0.0,,0.0,0.0,,0.0,15.546,,0.256,394.739,,5.859
North America,1969,,317807457.0,,20047.381,63080.273,93.609,18693.547,,6.179,,1234.016,438.717,422.49,,5.877,0.0,,0.0,0.0,,0.0,16.227,,0.254,438.717,,6.179
North America,1970,,323225990.0,,20861.295,64540.895,93.648,19461.857,,6.031,,1253.395,445.63,429.394,,5.739,0.0,,0.0,0.0,,0.0,16.236,,0.244,445.63,,6.031
North America,1971,,328861435.0,,21336.607,64880.234,93.197,19806.074,,6.223,,1322.412,470.23,452.534,,5.915,0.0,,0.0,0.0,,0.0,17.696,,0.26,470.23,,6.223
North America,1972,,334187766.0,,22493.912,67309.203,92.94,20821.635,,6.264,,1403.38,498.97,479.29,,5.943,0.0,,0.0,0.0,,0.0,19.68,,0.275,498.97,,6.264
North America,1973,,339231488.0,,23573.527,69490.977,92.621,21745.988,,6.158,,1445.844,514.004,492.73,,5.83,0.0,,0.0,0.0,,0.0,21.275,,0.283,514.004,,6.158
North America,1974,,344226868.0,,23198.494,67393.039,91.558,21143.936,,6.822,,1575.461,560.456,538.424,,6.476,0.0,,0.0,0.0,,0.0,22.032,,0.298,560.456,,6.822
North America,1975,,349224556.0,,22665.076,64901.152,90.769,20476.484,,6.84,,1543.092,549.037,527.391,,6.494,0.0,,0.0,0.0,,0.0,21.645,,0.3,549.037,,6.84
North America,1976,,354178873.0,,23885.955,67440.375,90.944,21625.57,,6.503,,1546.253,549.551,523.854,,6.119,0.0,,0.0,0.0,,0.0,25.697,,0.338,549.551,,6.503
North America,1977,,359152730.0,,24602.25,68500.805,90.996,22294.797,,5.711,,1399.224,496.052,468.94,,5.317,0.0,,0.0,0.0,,0.0,27.112,,0.346,496.052,,5.711
North America,1978,,364168545.0,,25213.107,69234.719,90.023,22592.412,,6.411,,1608.902,571.455,542.926,,6.009,0.0,,0.0,0.0,,0.0,28.529,,0.355,571.455,,6.411
North America,1979,,369229445.0,,25602.172,69339.461,90.23,22994.754,,6.458,,1645.851,584.381,554.301,,6.042,0.0,,0.0,0.0,,0.0,30.08,,0.369,584.381,,6.458
North America,1980,,374396450.0,,24895.801,66495.828,89.927,22282.289,,6.684,,1656.105,587.542,556.671,,6.241,0.0,,0.0,0.0,,0.0,30.871,,0.389,587.542,,6.684
North America,1981,,379564365.0,,24373.012,64213.117,89.315,21661.477,,6.938,,1682.748,597.428,564.752,,6.468,0.0,,0.0,0.0,,0.0,32.676,,0.421,597.428,,6.938
North America,1982,,384744475.0,,23476.949,61019.586,88.34,20626.67,,7.663,,1789.224,635.51,603.048,,7.174,0.0,,0.0,0.0,,0.0,32.462,,0.434,635.51,,7.663
North America,1983,,389995274.0,,23374.975,59936.559,87.621,20363.725,,8.104,,1883.322,668.74,632.934,,7.565,0.003,,0.0,0.003,,0.0,35.8,,0.481,668.74,,8.104
North America,1984,,395240041.0,,24595.516,62229.312,87.563,21415.238,,7.927,,1938.696,687.824,645.917,,7.336,0.005,,0.0,0.007,,0.0,41.895,,0.535,687.824,,7.927
North America,1985,,400471527.0,,24670.549,61603.754,87.029,21349.656,3262.904,7.712,20.557,1891.938,670.747,628.856,19.273,7.121,0.011,0.0,0.0,0.007,0.0,0.0,41.874,1.283,0.533,670.747,20.557,7.712
North America,1986,,405669376.0,,24866.846,61298.305,86.467,21377.99,3297.658,7.836,20.815,1937.389,686.419,640.286,19.416,7.194,0.014,0.0,0.0,0.005,0.0,0.0,46.113,1.398,0.583,686.419,20.815,7.836
North America,1987,,410877360.0,,25696.107,62539.605,86.71,22160.635,3431.571,7.242,19.072,1850.737,654.474,602.818,17.567,6.552,0.011,0.0,0.0,0.005,0.0,0.0,51.641,1.505,0.631,654.474,19.072,7.242
North America,1988,,416201801.0,,26792.246,64373.211,86.745,23121.221,3590.688,6.61,17.331,1761.894,622.291,570.435,15.887,5.945,0.009,0.0,0.0,0.002,0.0,0.0,51.845,1.444,0.608,622.291,17.331,6.61
North America,1989,,421643657.0,,27438.951,65076.164,86.619,23643.412,3832.92,6.899,17.348,1883.224,664.948,602.967,15.731,6.136,0.253,0.007,0.003,2.134,0.056,0.022,59.593,1.555,0.682,664.948,17.348,6.899
North America,1990,,427527970.0,,27497.801,64318.133,85.77,23456.051,3892.459,7.296,17.93,1995.373,697.928,625.344,16.066,6.352,0.372,0.01,0.004,2.82,0.072,0.029,69.393,1.783,0.793,697.928,17.93,7.296
North America,1991,,433792318.0,,27517.412,63434.531,85.162,23303.223,3967.544,7.393,17.805,2022.993,706.407,629.847,15.875,6.394,0.48,0.012,0.005,2.984,0.075,0.03,73.096,1.842,0.835,706.407,17.805,7.393
North America,1992,,440060892.0,,27954.516,63524.199,85.559,23789.332,4001.653,7.096,17.19,1972.933,687.874,605.516,15.132,6.049,0.414,0.01,0.004,2.977,0.074,0.03,78.968,1.973,0.888,687.874,17.19,7.096
North America,1993,,446185596.0,,28533.443,63949.719,85.413,24237.51,4136.988,7.337,17.561,2082.081,726.483,641.848,15.515,6.283,0.481,0.012,0.005,3.098,0.075,0.03,81.055,1.959,0.893,726.483,17.561,7.337
North America,1994,,452083583.0,,29190.025,64567.762,85.507,24825.996,4229.161,6.979,16.676,2026.176,705.246,620.021,14.661,5.932,0.509,0.012,0.005,3.554,0.084,0.034,81.162,1.919,0.874,705.246,16.676,6.979
North America,1995,,457858573.0,,29784.51,65051.77,84.915,25147.189,4350.853,7.445,17.67,2204.88,768.795,685.446,15.754,6.429,0.523,0.012,0.005,3.27,0.075,0.031,79.556,1.829,0.84,768.795,17.67,7.445
North America,1996,,463530247.0,,30763.93,66368.766,84.871,25956.076,4470.249,7.77,18.648,2376.338,833.614,748.172,16.737,6.795,0.553,0.012,0.005,3.365,0.075,0.031,81.524,1.824,0.833,833.614,18.648,7.77
North America,1997,,469106576.0,,31037.262,66162.492,85.505,26386.957,4538.831,7.707,18.329,2378.493,831.921,744.971,16.413,6.706,0.546,0.012,0.005,3.479,0.077,0.031,82.925,1.827,0.84,831.921,18.329,7.707
North America,1998,,474677559.0,,31243.352,65820.156,85.745,26644.127,4688.732,7.199,16.622,2236.87,779.343,692.173,14.762,6.188,0.542,0.012,0.005,3.207,0.068,0.029,83.422,1.779,0.839,779.343,16.622,7.199
North America,1999,,480238641.0,,31834.68,66289.289,85.274,26995.773,4798.939,7.272,16.717,2302.159,802.252,711.754,14.831,6.245,0.539,0.011,0.005,4.823,0.101,0.042,85.136,1.774,0.84,802.252,16.717,7.272
North America,2000,,485805117.0,,32699.777,67310.484,85.695,27874.066,4709.23,6.84,16.516,2224.824,777.76,676.78,14.371,5.803,0.52,0.011,0.005,6.06,0.129,0.052,94.4,2.005,0.826,777.76,16.516,6.84
North America,2001,,491432309.0,,32026.439,65169.586,86.092,27441.324,4627.97,6.158,14.611,1962.817,676.17,583.21,12.602,5.072,0.57,0.012,0.005,7.3,0.158,0.064,85.09,1.839,0.854,676.17,14.611,6.158
North America,2002,,497028245.0,,32593.184,65576.117,85.693,27783.646,4766.25,6.652,15.695,2156.856,748.08,645.78,13.549,5.48,0.58,0.012,0.005,11.07,0.232,0.095,90.65,1.902,0.891,748.08,15.695,6.652
North America,2003,,502587589.0,,32750.451,65163.668,85.964,28013.494,4792.51,6.604,15.527,2152.093,744.11,640.22,13.359,5.379,0.56,0.012,0.005,12.24,0.255,0.103,91.09,1.901,0.884,744.11,15.527,6.604
North America,2004,,508166874.0,,33449.824,65824.484,85.9,28595.629,4895.48,6.537,15.333,2176.26,750.61,641.96,13.113,5.246,0.6,0.012,0.006,15.42,0.315,0.127,92.63,1.892,0.881,750.61,15.333,6.537
North America,2005,,513798980.0,,33692.781,65575.805,85.795,28758.998,5017.7,6.784,15.679,2274.085,786.74,673.29,13.418,5.42,0.58,0.012,0.006,19.67,0.392,0.159,93.2,1.857,0.883,786.74,15.679,6.784
North America,2006,,519545243.0,,33436.68,64357.59,85.371,28398.711,5031.1,7.1,16.093,2361.679,809.63,686.65,13.648,5.541,0.54,0.011,0.007,29.46,0.586,0.239,92.98,1.848,0.889,809.63,16.093,7.1
North America,2007,,525495121.0,,34065.129,64824.824,85.639,29033.768,5162.57,6.892,15.306,2336.579,790.2,655.99,12.707,5.164,0.65,0.013,0.009,38.04,0.737,0.301,95.52,1.85,0.892,790.2,15.306,6.892
North America,2008,,531570001.0,,33415.008,62860.973,84.839,28198.193,5132.34,7.589,16.413,2522.391,842.36,687.55,13.396,5.477,0.93,0.018,0.014,59.71,1.163,0.479,94.17,1.835,0.896,842.36,16.413,7.589
North America,2009,,537617447.0,,31895.758,59327.98,84.022,26652.309,4942.23,8.193,17.463,2599.004,863.04,685.45,13.869,5.693,1.05,0.021,0.019,81.71,1.653,0.683,94.83,1.919,0.945,863.04,17.463,8.193
North America,2010,,543593308.0,,32819.547,60375.188,84.329,27522.459,5120.43,8.128,17.049,2652.678,872.96,666.81,13.023,5.34,1.54,0.03,0.027,105.34,2.057,0.849,99.27,1.939,0.958,872.96,17.049,8.128
North America,2011,,549552428.0,,32834.348,59747.434,83.493,27251.424,5145.19,9.087,19.115,2966.008,983.52,748.25,14.543,5.963,2.5,0.049,0.043,133.04,2.586,1.066,99.73,1.938,0.965,983.52,19.115,9.087
North America,2012,,555486393.0,,32169.986,57913.184,83.455,26692.031,5104.17,9.189,19.076,2939.01,973.65,708.48,13.88,5.729,5.49,0.108,0.082,157.46,3.085,1.281,102.22,2.003,1.008,973.65,19.076,9.189
North America,2013,,561345659.0,,32945.41,58690.059,83.271,27267.223,5141.66,9.348,19.684,3061.002,1012.06,708.29,13.776,5.55,11.01,0.214,0.14,185.3,3.604,1.462,107.46,2.09,1.031,1012.06,19.684,9.348
North America,2014,,567078666.0,,33218.766,58578.762,83.185,27467.91,5185.95,9.453,20.126,3121.367,1043.7,698.32,13.466,5.398,31.69,0.611,0.246,203.82,3.93,1.586,109.87,2.119,1.048,1043.7,20.126,9.453
North America,2015,,572637322.0,,32998.969,57626.297,82.959,27213.271,5193.76,9.695,20.514,3180.185,1065.45,681.18,13.115,5.274,43.27,0.833,0.336,230.5,4.438,1.795,110.5,2.128,1.059,1065.45,20.514,9.695
North America,2016,,578186332.0,,33004.773,57083.281,82.289,26981.756,5215.95,10.359,21.967,3396.702,1145.81,701.64,13.452,5.394,59.9,1.148,0.463,272.54,5.225,2.107,111.73,2.142,1.068,1145.81,21.967,10.359
North America,2017,,583669319.0,,33223.156,56921.195,81.708,26961.539,5187.94,11.027,23.989,3638.749,1244.56,749.43,14.446,5.698,83.95,1.618,0.642,300.63,5.795,2.299,110.55,2.131,1.056,1244.56,23.989,11.027
North America,2018,,589049569.0,,34185.504,58035.02,82.1,27882.117,5352.14,10.845,23.728,3683.125,1269.93,734.42,13.722,5.398,102.87,1.922,0.759,324.16,6.057,2.397,108.48,2.027,1.01,1269.93,23.728,10.845
North America,2019,,594346844.0,,33963.762,57144.684,81.862,27611.754,5304.2,11.066,24.362,3732.644,1292.2,712.09,13.425,5.24,124.42,2.346,0.919,351.39,6.625,2.603,104.3,1.966,0.98,1292.2,24.362,11.066
North America,2020,,598250669.0,,31480.227,52620.461,80.091,25021.574,5164.45,12.478,26.684,3898.333,1378.08,722.55,13.991,5.729,155.25,3.006,1.234,398.79,7.722,3.182,101.49,1.965,1.029,1378.08,26.684,12.478
North America,2021,,600876349.0,,33017.723,54949.281,80.641,26432.791,5282.67,12.411,27.198,4068.129,1436.78,696.68,13.188,5.244,195.77,3.706,1.476,442.52,8.377,3.356,101.81,1.927,0.974,1436.78,27.198,12.411
North America,2022,,604356255.0,,33790.938,55912.281,80.301,26934.613,5436.59,13.036,28.537,4372.614,1551.45,716.09,13.172,5.259,237.32,4.365,1.749,499.92,9.195,3.696,98.12,1.805,0.919,1551.45,28.537,13.036
North America,2023,,608770547.0,,33425.441,54906.469,80.295,26627.777,5401.65,12.965,27.938,4299.436,1509.12,649.44,12.023,4.779,277.15,5.131,2.057,488.46,9.043,3.626,94.07,1.742,0.89,1509.12,27.938,12.965
North America,2024,,613150315.0,,33782.062,55095.891,79.739,26733.236,5533.95,13.562,28.842,4546.723,1596.12,634.44,11.465,4.627,345.87,6.25,2.539,524.49,9.478,3.857,91.32,1.65,0.86,1596.12,28.842,13.562
North America (EI),1965,,,,16122.062,,94.035,15104.532,,5.896,,947.011,339.257,325.925,,5.636,0.0,,0.0,0.0,,0.0,13.332,,0.259,339.257,,5.896
North America (EI),1966,,,,17036.738,,94.062,15966.449,,5.84,,991.318,355.117,341.055,,5.581,0.0,,0.0,0.0,,0.0,14.062,,0.259,355.117,,5.84
North America (EI),1967,,,,17641.381,,93.737,16472.797,,6.133,,1077.763,386.235,372.162,,5.883,0.0,,0.0,0.0,,0.0,14.074,,0.25,386.235,,6.133
North America (EI),1968,,,,18709.74,,93.911,17505.479,,5.879,,1095.794,392.543,376.997,,5.618,0.0,,0.0,0.0,,0.0,15.546,,0.261,392.543,,5.879
North America (EI),1969,,,,19707.199,,93.582,18370.381,,6.203,,1217.578,436.3,420.073,,5.944,0.0,,0.0,0.0,,0.0,16.227,,0.258,436.3,,6.203
North America (EI),1970,,,,20478.436,,93.615,19097.184,,6.058,,1235.833,442.87,426.634,,5.809,0.0,,0.0,0.0,,0.0,16.236,,0.249,442.87,,6.058
North America (EI),1971,,,,20940.984,,93.177,19433.793,,6.232,,1299.846,465.871,449.287,,5.984,0.0,,0.0,0.0,,0.0,16.584,,0.248,465.871,,6.232
North America (EI),1972,,,,22057.932,,92.906,20409.662,,6.283,,1380.259,494.559,475.886,,6.017,0.0,,0.0,0.0,,0.0,18.673,,0.266,494.559,,6.283
North America (EI),1973,,,,23098.809,,92.573,21295.979,,6.181,,1421.964,509.388,489.238,,5.908,0.0,,0.0,0.0,,0.0,20.151,,0.274,509.388,,6.181
North America (EI),1974,,,,22723.688,,91.492,20695.043,,6.854,,1550.376,555.527,534.66,,6.566,0.0,,0.0,0.0,,0.0,20.867,,0.288,555.527,,6.854
North America (EI),1975,,,,22204.002,,90.688,20040.699,,6.872,,1518.536,544.139,523.867,,6.585,0.0,,0.0,0.0,,0.0,20.272,,0.287,544.139,,6.872
North America (EI),1976,,,,23407.381,,90.878,21175.639,,6.516,,1518.329,543.617,519.766,,6.196,0.0,,0.0,0.0,,0.0,23.851,,0.32,543.617,,6.516
North America (EI),1977,,,,24099.895,,90.926,21821.324,,5.713,,1370.956,490.394,465.197,,5.384,0.0,,0.0,0.0,,0.0,25.197,,0.328,490.394,,5.713
North America (EI),1978,,,,24696.018,,89.946,22108.658,,6.413,,1576.415,564.208,537.799,,6.078,0.0,,0.0,0.0,,0.0,26.409,,0.336,564.208,,6.413
North America (EI),1979,,,,25076.646,,90.167,22505.883,,6.451,,1610.276,576.184,548.064,,6.099,0.0,,0.0,0.0,,0.0,28.12,,0.352,576.184,,6.451
North America (EI),1980,,,,24369.975,,89.865,21795.547,,6.672,,1618.167,578.931,550.06,,6.3,0.0,,0.0,0.0,,0.0,28.871,,0.372,578.931,,6.672
North America (EI),1981,,,,23835.945,,89.245,21166.285,,6.924,,1642.118,587.382,557.143,,6.525,0.0,,0.0,0.0,,0.0,30.24,,0.398,587.382,,6.924
North America (EI),1982,,,,22977.082,,88.259,20167.609,,7.656,,1749.495,626.088,596.248,,7.248,0.0,,0.0,0.0,,0.0,29.84,,0.408,626.088,,7.656
North America (EI),1983,,,,22883.482,,87.54,19915.803,,8.092,,1841.017,658.611,625.363,,7.635,0.003,,0.0,0.003,,0.0,33.243,,0.457,658.611,,8.092
North America (EI),1984,,,,24082.678,,87.487,20949.135,,7.907,,1893.336,676.681,637.313,,7.393,0.005,,0.0,0.007,,0.0,39.356,,0.514,676.681,,7.907
North America (EI),1985,,,,24175.916,,86.961,20904.275,3212.374,7.672,20.514,1844.297,658.983,619.255,19.277,7.156,0.011,0.0,0.0,0.007,0.0,0.0,39.711,1.236,0.516,658.983,20.514,7.672
North America (EI),1986,,,,24357.207,,86.402,20923.303,3244.287,7.782,20.741,1884.396,672.888,628.907,19.385,7.214,0.014,0.0,0.0,0.005,0.0,0.0,43.961,1.355,0.567,672.888,20.741,7.782
North America (EI),1987,,,,25169.779,,86.651,21691.297,3374.768,7.174,18.974,1795.795,640.312,590.901,17.509,6.557,0.011,0.0,0.0,0.005,0.0,0.0,49.395,1.464,0.617,640.312,18.974,7.174
North America (EI),1988,,,,26256.895,,86.697,22646.186,3532.692,6.523,17.187,1703.8,607.179,557.656,15.786,5.93,0.009,0.0,0.0,0.002,0.0,0.0,49.512,1.402,0.592,607.179,17.187,6.523
North America (EI),1989,,,,26884.043,,86.56,23148.703,3773.589,6.825,17.223,1825.132,649.922,590.528,15.649,6.134,0.253,0.007,0.003,2.134,0.057,0.022,57.006,1.511,0.666,649.922,17.223,6.825
North America (EI),1990,,,,26936.85,,85.7,22957.922,3830.964,7.222,17.807,1934.764,682.174,612.445,15.987,6.351,0.372,0.01,0.004,2.82,0.074,0.029,66.537,1.737,0.776,682.174,17.807,7.222
North America (EI),1991,,,,26958.227,,85.076,22805.725,3906.291,7.325,17.691,1963.432,691.06,617.227,15.801,6.396,0.48,0.012,0.005,2.984,0.076,0.031,70.368,1.801,0.82,691.06,17.691,7.325
North America (EI),1992,,,,27398.945,,85.473,23292.381,3935.292,7.032,17.088,1916.229,672.451,593.414,15.079,6.049,0.414,0.011,0.004,2.977,0.076,0.03,75.646,1.922,0.867,672.451,17.088,7.032
North America (EI),1993,,,,27961.777,,85.319,23725.145,4069.552,7.282,17.445,2024.978,709.939,628.12,15.435,6.275,0.481,0.012,0.005,3.096,0.076,0.031,78.241,1.923,0.879,709.939,17.445,7.282
North America (EI),1994,,,,28589.932,,85.391,24281.848,4157.708,6.936,16.592,1972.229,689.829,607.468,14.611,5.934,0.509,0.012,0.005,3.546,0.085,0.035,78.306,1.883,0.861,689.829,16.592,6.936
North America (EI),1995,,,,29164.643,,84.781,24583.584,4275.556,7.417,17.623,2150.618,753.481,672.878,15.738,6.446,0.523,0.012,0.005,3.262,0.076,0.031,76.817,1.797,0.828,753.481,17.623,7.417
North America (EI),1996,,,,30116.297,,84.747,25371.32,4391.599,7.736,18.579,2315.867,815.905,733.478,16.702,6.806,0.553,0.013,0.005,3.335,0.076,0.031,78.539,1.788,0.82,815.905,18.579,7.736
North America (EI),1997,,,,30358.039,,85.376,25769.264,4455.467,7.684,18.288,2319.246,814.827,731.015,16.407,6.728,0.546,0.012,0.005,3.395,0.076,0.031,79.872,1.793,0.827,814.827,18.288,7.684
North America (EI),1998,,,,30528.703,,85.608,25991.82,4598.859,7.17,16.569,2176.909,761.97,677.552,14.733,6.199,0.542,0.012,0.005,3.133,0.068,0.029,80.743,1.756,0.831,761.97,16.569,7.17
North America (EI),1999,,,,31113.287,,85.16,26347.713,4703.85,7.213,16.604,2231.604,781.05,694.318,14.761,6.234,0.539,0.011,0.005,4.712,0.1,0.042,81.481,1.732,0.823,781.05,16.604,7.213
North America (EI),2000,,,,31889.902,,85.555,27137.82,4859.697,6.79,15.452,2153.798,750.93,662.596,13.635,5.803,0.542,0.011,0.005,5.933,0.122,0.052,81.859,1.684,0.806,750.93,15.452,6.79
North America (EI),2001,,,,31170.727,,85.922,26653.598,4782.435,6.115,13.815,1896.924,660.701,570.196,11.923,5.078,0.602,0.013,0.005,7.152,0.15,0.064,82.75,1.73,0.834,660.701,13.815,6.115
North America (EI),2002,,,,31711.766,,85.513,26973.406,4927.29,6.619,14.851,2087.975,731.728,632.304,12.833,5.492,0.632,0.013,0.005,10.885,0.221,0.095,87.907,1.784,0.871,731.728,14.851,6.619
North America (EI),2003,,,,31836.07,,85.786,27173.104,4951.151,6.568,14.67,2080.401,726.313,625.963,12.643,5.385,0.641,0.013,0.006,12.009,0.243,0.103,87.699,1.771,0.865,726.313,14.67,6.568
North America (EI),2004,,,,32511.084,,85.724,27734.262,5065.589,6.495,14.433,2101.262,731.114,626.129,12.36,5.245,0.721,0.014,0.006,15.252,0.301,0.128,89.012,1.757,0.86,731.114,14.433,6.495
North America (EI),2005,,,,32729.432,,85.615,27876.125,5191.237,6.745,14.762,2196.244,766.336,656.093,12.638,5.417,0.775,0.015,0.006,19.577,0.377,0.162,89.891,1.732,0.863,766.336,14.762,6.745
North America (EI),2006,,,,32419.008,,85.152,27461.629,5195.605,7.081,15.179,2283.684,788.617,668.878,12.874,5.546,0.855,0.016,0.007,29.376,0.565,0.244,89.508,1.723,0.867,788.617,15.179,7.081
North America (EI),2007,,,,33053.938,,85.429,28100.705,5329.271,6.873,14.417,2260.774,768.299,638.005,11.972,5.159,1.13,0.021,0.009,38.053,0.714,0.308,91.111,1.71,0.866,768.299,14.417,6.873
North America (EI),2008,,,,32432.746,,84.629,27299.387,5294.506,7.569,15.466,2441.535,818.845,667.766,12.612,5.462,1.687,0.032,0.014,59.966,1.133,0.49,89.427,1.689,0.866,818.845,15.466,7.569
North America (EI),2009,,,,30948.273,,83.789,25786.715,5088.125,8.187,16.522,2519.477,840.674,666.943,13.108,5.688,2.212,0.043,0.019,81.87,1.609,0.698,89.649,1.762,0.91,840.674,16.522,8.187
North America (EI),2010,,,,31839.555,,84.121,26632.535,5276.831,8.103,16.072,2565.475,848.086,645.855,12.239,5.312,3.3,0.063,0.027,105.572,2.001,0.868,93.36,1.769,0.922,848.086,16.072,8.103
North America (EI),2011,,,,31851.092,,83.259,26358.844,5293.802,9.091,18.146,2878.031,960.621,728.086,13.754,5.958,5.352,0.101,0.044,133.227,2.517,1.09,93.956,1.775,0.927,960.621,18.146,9.091
North America (EI),2012,,,,31190.951,,83.245,25812.18,5243.514,9.168,18.094,2842.633,948.78,686.152,13.086,5.703,9.987,0.19,0.083,157.244,2.999,1.307,95.397,1.819,0.961,948.78,18.094,9.168
North America (EI),2013,,,,31975.838,,83.072,26398.973,5283.092,9.322,18.708,2962.42,988.381,686.297,12.99,5.523,17.645,0.334,0.142,184.865,3.499,1.488,99.574,1.885,0.979,988.381,18.708,9.322
North America (EI),2014,,,,32235.641,,82.98,26586.416,5319.55,9.433,19.05,3022.315,1013.398,677.144,12.729,5.378,31.557,0.593,0.251,202.733,3.811,1.61,101.963,1.917,0.995,1013.398,19.05,9.433
North America (EI),2015,,,,31974.301,,82.744,26297.123,5321.304,9.674,19.404,3074.586,1032.538,659.538,12.394,5.254,42.523,0.799,0.339,228.356,4.291,1.819,102.121,1.919,1.004,1032.538,19.404,9.674
North America (EI),2016,,,,31976.268,,82.068,26067.902,5336.349,10.343,20.818,3285.276,1110.9,679.227,12.728,5.373,58.678,1.1,0.464,270.597,5.071,2.14,102.398,1.919,1.007,1110.9,20.818,10.343
North America (EI),2017,,,,32178.498,,81.502,26045.316,5302.228,10.997,22.743,3514.341,1205.868,722.272,13.622,5.65,82.553,1.557,0.646,299.005,5.639,2.339,102.039,1.924,0.998,1205.868,22.743,10.997
North America (EI),2018,,,,33135.816,,81.923,26965.346,5475.011,10.798,22.462,3554.26,1229.779,707.643,12.925,5.348,101.012,1.845,0.763,321.328,5.869,2.428,99.796,1.823,0.947,1229.779,22.462,10.798
North America (EI),2019,,,,32898.652,,81.642,26670.504,5414.358,11.056,23.185,3611.908,1255.345,690.84,12.759,5.235,121.691,2.248,0.922,348.474,6.436,2.64,94.34,1.742,0.902,1255.345,23.185,11.056
North America (EI),2020,,,,30535.898,,79.914,24214.504,5269.222,12.425,25.367,3764.735,1336.641,696.142,13.211,5.673,151.949,2.884,1.238,396.819,7.531,3.234,91.732,1.741,0.946,1336.641,25.367,12.425
North America (EI),2021,,,,32017.352,,80.492,25582.129,5381.902,12.342,25.799,3922.688,1388.467,666.109,12.377,5.162,191.392,3.556,1.483,440.389,8.183,3.413,90.578,1.683,0.891,1388.467,25.799,12.342
North America (EI),2022,,,,32773.895,,80.141,26069.326,5541.95,12.989,27.142,4225.142,1504.2,684.558,12.352,5.171,233.225,4.208,1.762,498.691,8.998,3.767,87.727,1.583,0.843,1504.2,27.142,12.989
North America (EI),2023,,,,32398.551,,80.089,25740.262,5492.188,12.956,26.689,4163.962,1465.81,622.771,11.339,4.726,273.086,4.972,2.072,486.606,8.86,3.693,83.347,1.518,0.81,1465.81,26.689,12.956
North America (EI),2024,,,,32724.998,,79.524,25823.902,5626.773,13.559,27.6,4403.083,1552.964,605.453,10.76,4.547,341.369,6.067,2.564,524.619,9.324,3.94,81.523,1.449,0.785,1552.964,27.6,13.559
North America (Ember),2000,,,,,,,,4406.21,,16.274,,717.06,626.96,14.229,,0.51,0.012,,5.85,0.133,,83.74,1.9,,717.06,16.274,
North America (Ember),2001,,,,,,,,4315.61,,14.407,,621.76,539.82,12.509,,0.56,0.013,,7.07,0.164,,74.31,1.722,,621.76,14.407,
North America (Ember),2002,,,,,,,,4444.33,,15.666,,696.27,605.04,13.614,,0.57,0.013,,10.76,0.242,,79.9,1.798,,696.27,15.666,
North America (Ember),2003,,,,,,,,4457.52,,15.606,,695.63,603.59,13.541,,0.55,0.012,,11.88,0.267,,79.61,1.786,,695.63,15.606,
North America (Ember),2004,,,,,,,,4550.78,,15.261,,694.48,598.52,13.152,,0.59,0.013,,15.08,0.331,,80.29,1.764,,694.48,15.261,
North America (Ember),2005,,,,,,,,4655.83,,15.592,,725.95,625.92,13.444,,0.57,0.012,,19.38,0.416,,80.08,1.72,,725.95,15.592,
North America (Ember),2006,,,,,,,,4655.72,,16.016,,745.68,635.78,13.656,,0.53,0.011,,29.06,0.624,,80.31,1.725,,745.68,16.016,
North America (Ember),2007,,,,,,,,4777.12,,15.234,,727.76,608.43,12.736,,0.64,0.013,,37.46,0.784,,81.23,1.7,,727.76,15.234,
North America (Ember),2008,,,,,,,,4743.01,,16.163,,766.61,626.23,13.203,,0.9,0.019,,59.15,1.247,,80.33,1.694,,766.61,16.163,
North America (Ember),2009,,,,,,,,4554.1,,17.571,,800.2,637.77,14.004,,1.0,0.022,,80.53,1.768,,80.9,1.776,,800.2,17.571,
North America (Ember),2010,,,,,,,,4721.38,,16.848,,795.44,606.38,12.843,,1.47,0.031,,103.37,2.189,,84.22,1.784,,795.44,16.848,
North America (Ember),2011,,,,,,,,4727.59,,19.18,,906.77,688.99,14.574,,2.39,0.051,,130.37,2.758,,85.02,1.798,,906.77,19.18,
North America (Ember),2012,,,,,,,,4677.66,,19.156,,896.03,651.9,13.936,,5.21,0.111,,152.13,3.252,,86.79,1.855,,896.03,19.156,
North America (Ember),2013,,,,,,,,4711.76,,19.87,,936.23,656.04,13.923,,10.54,0.224,,178.99,3.799,,90.66,1.924,,936.23,19.87,
North America (Ember),2014,,,,,,,,4749.46,,20.096,,954.46,636.08,13.393,,31.04,0.654,,194.47,4.095,,92.87,1.955,,954.46,20.096,
North America (Ember),2015,,,,,,,,4745.58,,20.629,,978.95,626.6,13.204,,41.92,0.883,,217.69,4.587,,92.74,1.954,,978.95,20.629,
North America (Ember),2016,,,,,,,,4755.17,,22.208,,1056.04,646.96,13.605,,57.88,1.217,,257.92,5.424,,93.28,1.962,,1056.04,22.208,
North America (Ember),2017,,,,,,,,4722.16,,24.314,,1148.13,688.81,14.587,,80.59,1.707,,285.81,6.053,,92.92,1.968,,1148.13,24.314,
North America (Ember),2018,,,,,,,,4863.27,,23.996,,1166.98,672.93,13.837,,96.85,1.991,,306.14,6.295,,91.06,1.872,,1166.98,23.996,
North America (Ember),2019,,,,,,,,4814.57,,24.714,,1189.88,664.79,13.808,,110.64,2.298,,328.76,6.828,,85.69,1.78,,1189.88,24.714,
North America (Ember),2020,,,,,,,,4699.59,,26.781,,1258.62,666.93,14.191,,134.79,2.868,,373.7,7.952,,83.2,1.77,,1258.62,26.781,
North America (Ember),2021,,,,,,,,4806.53,,26.992,,1297.4,629.33,13.093,,169.53,3.527,,415.5,8.644,,83.04,1.728,,1297.4,26.992,
North America (Ember),2022,,,,,,,,4951.51,,28.498,,1411.08,646.96,13.066,,210.81,4.257,,473.78,9.568,,79.53,1.606,,1411.08,28.498,
North America (Ember),2023,,,,,,,,4895.91,,28.283,,1384.69,600.23,12.26,,247.34,5.052,,461.65,9.429,,75.47,1.541,,1384.69,28.283,
North America (Ember),2024,,,,,,,,5028.41,,29.162,,1466.41,580.71,11.549,,313.17,6.228,,498.73,9.918,,73.8,1.468,,1466.41,29.162,
North America (Ember),2025,,,,,,,,5172.82,,30.471,,1576.21,586.91,11.346,,398.99,7.713,,515.87,9.973,,74.44,1.439,,1576.21,30.471,
North America (Shift),1900,,,,,,,,,,,,,,,,,,,,,,,,,,,
North America (Shift),1901,,,,,,,,,,,,,,,,,,,,,,,,,,,
North America (Shift),1902,,,,,,,,,,,,,,,,,,,,,,,,,,,
North America (Shift),1903,,,,,,,,,,,,,,,,,,,,,,,,,,,
North America (Shift),1904,,,,,,,,,,,,,,,,,,,,,,,,,,,
North America (Shift),1905,,,,,,,,,,,,,,,,,,,,,,,,,,,
North America (Shift),1906,,,,,,,,,,,,,,,,,,,,,,,,,,,
North America (Shift),1907,,,,,,,,,,,,,,,,,,,,,,,,,,,
North America (Shift),1908,,,,,,,,,,,,,,,,,,,,,,,,,,,
North America (Shift),1909,,,,,,,,,,,,,,,,,,,,,,,,,,,
North America (Shift),1910,,,,,,,,,,,,,,,,,,,,,,,,,,,
North America (Shift),1911,,,,,,,,,,,,,,,,,,,,,,,,,,,
North America (Shift),1912,,,,,,,,,,,,,,,,,,,,,,,,,,,
North America (Shift),1913,,,,,,,,,,,,,,,,,,,,,,,,,,,
North America (Shift),1914,,,,,,,,,,,,,,,,,,,,,,,,,,,
North America (Shift),1915,,,,,,,,,,,,,,,,,,,,,,,,,,,
North America (Shift),1916,,,,,,,,,,,,,,,,,,,,,,,,,,,
North America (Shift),1917,,,,,,,,,,,,,,,,,,,,,,,,,,,
North America (Shift),1918,,,,,,,,,,,,,,,,,,,,,,,,,,,
North America (Shift),1919,,,,,,,,,,,,,,,,,,,,,,,,,,,
North America (Shift),1920,,,,,,,,,,,,,,,,,,,,,,,,,,,
North America (Shift),1921,,,,,,,,,,,,,,,,,,,,,,,,,,,
North America (Shift),1922,,,,,,,,,,,,,,,,,,,,,,,,,,,
North America (Shift),1923,,,,,,,,,,,,,,,,,,,,,,,,,,,
North America (Shift),1924,,,,,,,,,,,,,,,,,,,,,,,,,,,
North America (Shift),1925,,,,,,,,,,,,,,,,,,,,,,,,,,,
North America (Shift),1926,,,,,,,,,,,,,,,,,,,,,,,,,,,
North America (Shift),1927,,,,,,,,,,,,,,,,,,,,,,,,,,,
North America (Shift),1928,,,,,,,,,,,,,,,,,,,,,,,,,,,
North America (Shift),1929,,,,,,,,,,,,,,,,,,,,,,,,,,,
North America (Shift),1930,,,,,,,,,,,,,,,,,,,,,,,,,,,
North America (Shift),1931,,,,,,,,,,,,,,,,,,,,,,,,,,,
North America (Shift),1932,,,,,,,,,,,,,,,,,,,,,,,,,,,
North America (Shift),1933,,,,,,,,,,,,,,,,,,,,,,,,,,,
North America (Shift),1934,,,,,,,,,,,,,,,,,,,,,,,,,,,
North America (Shift),1935,,,,,,,,,,,,,,,,,,,,,,,,,,,
North America (Shift),1936,,,,,,,,,,,,,,,,,,,,,,,,,,,
North America (Shift),1937,,,,,,,,,,,,,,,,,,,,,,,,,,,
North America (Shift),1938,,,,,,,,,,,,,,,,,,,,,,,,,,,
North America (Shift),1939,,,,,,,,,,,,,,,,,,,,,,,,,,,
North America (Shift),1940,,,,,,,,,,,,,,,,,,,,,,,,,,,
North America (Shift),1941,,,,,,,,,,,,,,,,,,,,,,,,,,,
North America (Shift),1942,,,,,,,,,,,,,,,,,,,,,,,,,,,
North America (Shift),1943,,,,,,,,,,,,,,,,,,,,,,,,,,,
North America (Shift),1944,,,,,,,,,,,,,,,,,,,,,,,,,,,
North America (Shift),1945,,,,,,,,,,,,,,,,,,,,,,,,,,,
North America (Shift),1946,,,,,,,,,,,,,,,,,,,,,,,,,,,
North America (Shift),1947,,,,,,,,,,,,,,,,,,,,,,,,,,,
North America (Shift),1948,,,,,,,,,,,,,,,,,,,,,,,,,,,
North America (Shift),1949,,,,,,,,,,,,,,,,,,,,,,,,,,,
North America (Shift),1950,,,,,,,,,,,,,,,,,,,,,,,,,,,
North America (Shift),1951,,,,,,,,,,,,,,,,,,,,,,,,,,,
North America (Shift),1952,,,,,,,,,,,,,,,,,,,,,,,,,,,
North America (Shift),1953,,,,,,,,,,,,,,,,,,,,,,,,,,,
North America (Shift),1954,,,,,,,,,,,,,,,,,,,,,,,,,,,
North America (Shift),1955,,,,,,,,,,,,,,,,,,,,,,,,,,,
North America (Shift),1956,,,,,,,,,,,,,,,,,,,,,,,,,,,
North America (Shift),1957,,,,,,,,,,,,,,,,,,,,,,,,,,,
North America (Shift),1958,,,,,,,,,,,,,,,,,,,,,,,,,,,
North America (Shift),1959,,,,,,,,,,,,,,,,,,,,,,,,,,,
North America (Shift),1960,,,,,,,,,,,,,,,,,,,,,,,,,,,
North America (Shift),1961,,,,,,,,,,,,,,,,,,,,,,,,,,,
North America (Shift),1962,,,,,,,,,,,,,,,,,,,,,,,,,,,
North America (Shift),1963,,,,,,,,,,,,,,,,,,,,,,,,,,,
North America (Shift),1964,,,,,,,,,,,,,,,,,,,,,,,,,,,
North America (Shift),1965,,,,,,,,,,,,,,,,,,,,,,,,,,,
North America (Shift),1966,,,,,,,,,,,,,,,,,,,,,,,,,,,
North America (Shift),1967,,,,,,,,,,,,,,,,,,,,,,,,,,,
North America (Shift),1968,,,,,,,,,,,,,,,,,,,,,,,,,,,
North America (Shift),1969,,,,,,,,,,,,,,,,,,,,,,,,,,,
North America (Shift),1970,,,,,,,,,,,,,,,,,,,,,,,,,,,
North America (Shift),1971,,,,,,,,,,,,,,,,,,,,,,,,,,,
North America (Shift),1972,,,,,,,,,,,,,,,,,,,,,,,,,,,
North America (Shift),1973,,,,,,,,,,,,,,,,,,,,,,,,,,,
North America (Shift),1974,,,,,,,,,,,,,,,,,,,,,,,,,,,
North America (Shift),1975,,,,,,,,,,,,,,,,,,,,,,,,,,,
North America (Shift),1976,,,,,,,,,,,,,,,,,,,,,,,,,,,
North America (Shift),1977,,,,,,,,,,,,,,,,,,,,,,,,,,,
North America (Shift),1978,,,,,,,,,,,,,,,,,,,,,,,,,,,
North America (Shift),1979,,,,,,,,,,,,,,,,,,,,,,,,,,,
North America (Shift),1980,,,,,,,,,,,,,,,,,,,,,,,,,,,
North America (Shift),1981,,,,,,,,,,,,,,,,,,,,,,,,,,,
North America (Shift),1982,,,,,,,,,,,,,,,,,,,,,,,,,,,
North America (Shift),1983,,,,,,,,,,,,,,,,,,,,,,,,,,,
North America (Shift),1984,,,,,,,,,,,,,,,,,,,,,,,,,,,
North America (Shift),1985,,,,,,,,,,,,,,,,,,,,,,,,,,,
North America (Shift),1986,,,,,,,,,,,,,,,,,,,,,,,,,,,
North America (Shift),1987,,,,,,,,,,,,,,,,,,,,,,,,,,,
North America (Shift),1988,,,,,,,,,,,,,,,,,,,,,,,,,,,
North America (Shift),1989,,,,,,,,,,,,,,,,,,,,,,,,,,,
North America (Shift),1990,,,,,,,,,,,,,,,,,,,,,,,,,,,
North America (Shift),1991,,,,,,,,,,,,,,,,,,,,,,,,,,,
North America (Shift),1992,,,,,,,,,,,,,,,,,,,,,,,,,,,
North America (Shift),1993,,,,,,,,,,,,,,,,,,,,,,,,,,,
North America (Shift),1994,,,,,,,,,,,,,,,,,,,,,,,,,,,
North America (Shift),1995,,,,,,,,,,,,,,,,,,,,,,,,,,,
North America (Shift),1996,,,,,,,,,,,,,,,,,,,,,,,,,,,
North America (Shift),1997,,,,,,,,,,,,,,,,,,,,,,,,,,,
North America (Shift),1998,,,,,,,,,,,,,,,,,,,,,,,,,,,
North America (Shift),1999,,,,,,,,,,,,,,,,,,,,,,,,,,,
North America (Shift),2000,,,,,,,,,,,,,,,,,,,,,,,,,,,
North America (Shift),2001,,,,,,,,,,,,,,,,,,,,,,,,,,,
North America (Shift),2002,,,,,,,,,,,,,,,,,,,,,,,,,,,
North America (Shift),2003,,,,,,,,,,,,,,,,,,,,,,,,,,,
North America (Shift),2004,,,,,,,,,,,,,,,,,,,,,,,,,,,
North America (Shift),2005,,,,,,,,,,,,,,,,,,,,,,,,,,,
North America (Shift),2006,,,,,,,,,,,,,,,,,,,,,,,,,,,
North America (Shift),2007,,,,,,,,,,,,,,,,,,,,,,,,,,,
North America (Shift),2008,,,,,,,,,,,,,,,,,,,,,,,,,,,
North America (Shift),2009,,,,,,,,,,,,,,,,,,,,,,,,,,,
North America (Shift),2010,,,,,,,,,,,,,,,,,,,,,,,,,,,
North America (Shift),2011,,,,,,,,,,,,,,,,,,,,,,,,,,,
North America (Shift),2012,,,,,,,,,,,,,,,,,,,,,,,,,,,
North America (Shift),2013,,,,,,,,,,,,,,,,,,,,,,,,,,,
North America (Shift),2014,,,,,,,,,,,,,,,,,,,,,,,,,,,
North America (Shift),2015,,,,,,,,,,,,,,,,,,,,,,,,,,,
North America (Shift),2016,,,,,,,,,,,,,,,,,,,,,,,,,,,
OECD (EI),1965,,,,30618.541,,93.056,28371.562,,6.728,,2051.323,736.228,718.243,,6.544,0.0,,0.0,0.0,,0.0,17.985,,0.184,736.228,,6.728
OECD (EI),1966,,,,32177.98,,92.943,29778.887,,6.777,,2171.342,779.207,759.401,,6.584,0.0,,0.0,0.0,,0.0,19.806,,0.193,779.207,,6.777
OECD (EI),1967,,,,33410.59,,92.98,30933.096,,6.697,,2228.033,799.594,779.607,,6.509,0.0,,0.0,0.0,,0.0,19.987,,0.188,799.594,,6.697
OECD (EI),1968,,,,35583.832,,93.14,33006.316,,6.476,,2295.069,823.46,801.34,,6.281,0.0,,0.0,0.0,,0.0,22.12,,0.195,823.46,,6.476
OECD (EI),1969,,,,37996.934,,93.228,35280.602,,6.351,,2403.293,862.278,839.02,,6.159,0.0,,0.0,0.0,,0.0,23.258,,0.192,862.278,,6.351
OECD (EI),1970,,,,40195.902,,93.308,37357.531,,6.185,,2476.189,888.287,863.156,,5.989,0.0,,0.0,0.0,,0.0,25.131,,0.196,888.287,,6.185
OECD (EI),1971,,,,41228.641,,93.022,38196.125,,6.279,,2578.322,924.99,899.343,,6.084,0.0,,0.0,0.0,,0.0,25.647,,0.195,924.99,,6.279
OECD (EI),1972,,,,43394.523,,92.861,40132.824,,6.232,,2693.18,966.089,938.444,,6.032,0.0,,0.0,0.0,,0.0,27.645,,0.2,966.089,,6.232
OECD (EI),1973,,,,45825.18,,92.933,42419.871,,5.928,,2705.732,970.35,940.643,,5.724,0.0,,0.0,0.0,,0.0,29.707,,0.203,970.35,,5.928
OECD (EI),1974,,,,45191.195,,91.925,41359.445,,6.588,,2964.045,1063.084,1031.306,,6.367,0.0,,0.0,0.0,,0.0,31.778,,0.221,1063.084,,6.588
OECD (EI),1975,,,,44407.57,,91.19,40309.141,,6.715,,2968.177,1064.542,1032.527,,6.488,0.0,,0.0,0.0,,0.0,32.015,,0.226,1064.542,,6.715
OECD (EI),1976,,,,46771.016,,91.53,42625.938,,6.181,,2878.287,1031.743,996.217,,5.942,0.0,,0.0,0.0,,0.0,35.526,,0.238,1031.743,,6.181
OECD (EI),1977,,,,47803.344,,91.112,43365.23,,6.1,,2903.367,1040.55,1003.25,,5.855,0.0,,0.0,0.0,,0.0,37.3,,0.245,1040.55,,6.1
OECD (EI),1978,,,,49195.703,,90.478,44306.941,,6.349,,3109.058,1114.346,1075.023,,6.098,0.0,,0.0,0.003,,0.0,39.32,,0.251,1114.346,,6.349
OECD (EI),1979,,,,50440.516,,90.364,45368.172,,6.462,,3244.426,1162.794,1121.19,,6.203,0.0,,0.0,0.006,,0.0,41.597,,0.259,1162.794,,6.462
OECD (EI),1980,,,,49090.672,,89.868,43905.328,,6.613,,3230.982,1157.728,1114.316,,6.336,0.0,,0.0,0.01,,0.0,43.402,,0.278,1157.728,,6.613
OECD (EI),1981,,,,48011.664,,88.895,42462.062,,6.871,,3282.069,1175.944,1131.13,,6.578,0.0,,0.0,0.01,,0.0,44.804,,0.293,1175.944,,6.871
OECD (EI),1982,,,,46637.199,,88.01,40821.695,,7.311,,3390.912,1214.177,1161.75,,6.957,0.0,,0.0,0.019,,0.0,52.409,,0.353,1214.177,,7.311
OECD (EI),1983,,,,46857.691,,87.133,40593.895,,7.617,,3548.759,1270.394,1213.079,,7.233,0.003,,0.0,0.033,,0.0,57.279,,0.384,1270.394,,7.617
OECD (EI),1984,,,,48800.41,,86.581,42009.434,,7.383,,3582.056,1281.411,1216.329,,6.963,0.006,,0.0,0.045,,0.0,65.031,,0.419,1281.411,,7.383
OECD (EI),1985,,,,50053.457,,85.731,42661.398,6564.139,7.203,19.53,3584.238,1281.966,1215.013,18.51,6.782,0.012,0.0,0.0,0.064,0.001,0.0,66.877,1.019,0.42,1281.966,19.53,7.203
OECD (EI),1986,,,,50677.395,,85.263,42955.867,6670.729,7.123,19.23,3588.836,1282.805,1209.245,18.128,6.667,0.015,0.0,0.0,0.139,0.002,0.001,73.406,1.1,0.455,1282.805,19.23,7.123
OECD (EI),1987,,,,52229.016,,85.091,44183.727,6952.485,6.96,18.57,3614.047,1291.093,1211.177,17.421,6.479,0.011,0.0,0.0,0.195,0.003,0.001,79.71,1.146,0.48,1291.093,18.57,6.96
OECD (EI),1988,,,,53957.066,,84.855,45519.414,7235.737,6.83,18.087,3663.932,1308.746,1226.246,16.947,6.35,0.01,0.0,0.0,0.332,0.005,0.002,82.158,1.135,0.479,1308.746,18.087,6.83
OECD (EI),1989,,,,54927.41,,84.888,46362.516,7607.382,6.613,16.941,3611.794,1288.782,1194.162,15.697,6.073,0.262,0.003,0.001,2.65,0.035,0.013,91.709,1.206,0.525,1288.782,16.941,6.613
OECD (EI),1990,,,,55463.18,,84.428,46554.797,7815.391,6.838,17.128,3770.477,1338.626,1232.863,15.775,6.211,0.386,0.005,0.002,3.598,0.046,0.018,101.779,1.302,0.577,1338.626,17.128,6.838
OECD (EI),1991,,,,55911.059,,83.973,46672.938,7990.249,6.891,17.003,3830.197,1358.546,1247.318,15.61,6.234,0.503,0.006,0.003,3.963,0.05,0.02,106.762,1.336,0.6,1358.546,17.003,6.891
OECD (EI),1992,,,,56468.891,,84.048,47184.102,8052.524,6.809,16.812,3822.562,1353.821,1234.336,15.329,6.107,0.464,0.006,0.002,4.512,0.056,0.022,114.509,1.422,0.637,1353.821,16.812,6.809
OECD (EI),1993,,,,57300.758,,83.523,47569.223,8234.252,7.122,17.439,4056.355,1435.958,1310.873,15.92,6.393,0.553,0.007,0.003,5.392,0.065,0.026,119.14,1.447,0.654,1435.958,17.439,7.122
OECD (EI),1994,,,,58285.672,,83.727,48513.648,8456.431,6.826,16.528,3955.226,1397.68,1268.226,14.997,6.08,0.592,0.007,0.003,6.542,0.077,0.031,122.32,1.446,0.66,1397.68,16.528,6.826
OECD (EI),1995,,,,59772.656,,83.293,49482.508,8721.538,7.085,17.059,4209.239,1487.792,1355.431,15.541,6.338,0.631,0.007,0.003,7.144,0.082,0.033,124.586,1.428,0.655,1487.792,17.059,7.085
OECD (EI),1996,,,,61781.461,,83.413,51221.359,8966.31,7.026,17.041,4314.264,1527.969,1391.528,15.52,6.295,0.684,0.008,0.003,8.214,0.092,0.037,127.544,1.422,0.649,1527.969,17.041,7.026
OECD (EI),1997,,,,62386.078,,83.496,51773.871,9134.56,7.132,17.114,4422.143,1563.301,1416.894,15.511,6.347,0.733,0.008,0.003,10.799,0.118,0.048,134.875,1.477,0.68,1563.301,17.114,7.132
OECD (EI),1998,,,,62559.402,,83.428,51878.242,9373.981,7.006,16.406,4356.818,1537.861,1383.444,14.758,6.18,0.792,0.008,0.004,14.428,0.154,0.064,139.198,1.485,0.7,1537.861,16.406,7.006
OECD (EI),1999,,,,63428.453,,83.22,52465.559,9585.812,7.012,16.271,4420.671,1559.674,1396.709,14.571,6.154,0.882,0.009,0.004,19.188,0.2,0.085,142.895,1.491,0.708,1559.674,16.271,7.012
OECD (EI),2000,,,,64579.965,,83.286,53462.754,9914.205,6.978,15.912,4479.232,1577.501,1400.943,14.131,6.062,1.014,0.01,0.004,28.925,0.292,0.125,146.619,1.479,0.714,1577.501,15.912,6.978
OECD (EI),2001,,,,64086.566,,83.387,53137.379,9910.748,6.61,15.003,4212.37,1486.867,1299.178,13.109,5.632,1.359,0.014,0.006,34.947,0.353,0.151,151.384,1.527,0.742,1486.867,15.003,6.61
OECD (EI),2002,,,,64676.426,,83.325,53569.781,10138.202,6.743,15.163,4334.965,1537.21,1322.608,13.046,5.636,1.711,0.017,0.007,48.729,0.481,0.208,164.161,1.619,0.798,1537.21,15.163,6.743
OECD (EI),2003,,,,65239.254,,83.886,54419.512,10256.718,6.665,14.939,4324.061,1532.233,1298.979,12.665,5.456,2.141,0.021,0.009,58.837,0.574,0.247,172.277,1.68,0.83,1532.233,14.939,6.665
OECD (EI),2004,,,,66513.414,,83.52,55243.527,10507.004,6.817,15.201,4508.837,1597.211,1329.975,12.658,5.449,2.834,0.027,0.012,77.974,0.742,0.319,186.428,1.774,0.881,1597.211,15.201,6.817
OECD (EI),2005,,,,67010.953,,83.51,55634.965,10744.029,6.959,15.295,4635.996,1643.329,1341.818,12.489,5.414,4.024,0.037,0.016,95.36,0.888,0.385,202.125,1.881,0.948,1643.329,15.295,6.959
OECD (EI),2006,,,,67014.086,,83.18,55420.102,10832.161,7.26,15.71,4836.911,1701.682,1365.484,12.606,5.48,5.548,0.051,0.022,118.577,1.095,0.476,212.073,1.958,0.995,1701.682,15.71,7.26
OECD (EI),2007,,,,67560.719,,83.505,56106.68,11072.053,7.333,15.493,4927.083,1715.394,1330.12,12.013,5.265,7.507,0.068,0.03,151.624,1.369,0.6,226.143,2.042,1.052,1715.394,15.493,7.333
OECD (EI),2008,,,,66846.805,,82.944,55112.664,11079.523,7.945,16.454,5278.9,1823.076,1385.62,12.506,5.502,12.293,0.111,0.049,190.106,1.716,0.755,235.056,2.122,1.105,1823.076,16.454,7.945
OECD (EI),2009,,,,63571.547,,82.055,51842.258,10649.434,8.566,17.487,5411.997,1862.295,1368.577,12.851,5.685,20.455,0.192,0.085,228.154,2.142,0.948,245.109,2.302,1.212,1862.295,17.487,8.566
OECD (EI),2010,,,,65898.055,,82.066,53731.164,11071.53,8.778,17.851,5747.312,1976.378,1406.71,12.706,5.595,32.597,0.294,0.13,269.872,2.438,1.073,267.199,2.413,1.275,1976.378,17.851,8.778
OECD (EI),2011,,,,65217.629,,81.906,53068.863,11026.004,9.465,19.186,6132.606,2115.487,1443.688,13.093,5.772,61.007,0.553,0.244,332.27,3.014,1.329,278.522,2.526,1.343,2115.487,19.186,9.465
OECD (EI),2012,,,,64617.934,,82.114,52717.359,11033.709,10.01,20.177,6426.478,2226.253,1448.544,13.128,5.815,92.273,0.836,0.37,384.354,3.483,1.543,301.081,2.729,1.466,2226.253,20.177,10.01
OECD (EI),2013,,,,65264.789,,81.803,53020.68,11025.414,10.401,21.316,6741.287,2350.131,1466.009,13.297,5.785,120.602,1.094,0.476,444.667,4.033,1.755,318.854,2.892,1.537,2350.131,21.316,10.401
OECD (EI),2014,,,,64772.508,,81.382,52349.539,10972.067,10.754,22.051,6917.312,2419.491,1444.528,13.166,5.714,159.091,1.45,0.629,480.125,4.376,1.899,335.746,3.06,1.631,2419.491,22.051,10.754
OECD (EI),2015,,,,64899.59,,81.028,52222.383,11020.157,11.216,23.079,7228.547,2543.344,1431.57,12.99,5.623,195.044,1.77,0.766,560.983,5.091,2.204,355.746,3.228,1.725,2543.344,23.079,11.216
OECD (EI),2016,,,,65238.453,,80.765,52301.094,11129.112,11.58,23.85,7499.082,2654.343,1459.122,13.111,5.661,228.416,2.052,0.886,609.619,5.478,2.365,357.186,3.209,1.724,2654.343,23.85,11.58
OECD (EI),2017,,,,66000.633,,80.531,52756.996,11182.871,11.991,25.036,7855.739,2799.784,1455.574,13.016,5.555,278.005,2.486,1.061,700.72,6.266,2.674,365.485,3.268,1.743,2799.784,25.036,11.991
OECD (EI),2018,,,,66994.203,,80.312,53405.902,11377.036,12.32,25.808,8192.68,2936.214,1488.873,13.087,5.57,324.031,2.848,1.212,747.883,6.574,2.798,375.428,3.3,1.764,2936.214,25.808,12.32
OECD (EI),2019,,,,66427.688,,79.674,52507.645,11236.276,12.836,27.101,8459.094,3045.11,1454.877,12.948,5.464,375.578,3.343,1.411,833.912,7.422,3.132,380.742,3.389,1.805,3045.11,27.101,12.836
OECD (EI),2020,,,,61836.484,,77.839,47715.055,10940.453,14.621,29.901,8962.803,3271.333,1495.31,13.668,6.023,449.908,4.112,1.812,939.226,8.585,3.783,386.889,3.536,1.972,3271.333,29.901,14.621
OECD (EI),2021,,,,64738.875,,78.271,50253.215,11254.383,14.392,29.929,9240.485,3368.319,1450.476,12.888,5.564,535.685,4.76,2.055,977.406,8.685,3.75,404.751,3.596,1.97,3368.319,29.929,14.392
OECD (EI),2022,,,,65058.797,,78.155,50425.613,11359.457,15.029,31.217,9696.814,3546.129,1396.097,12.29,5.317,653.554,5.753,2.489,1096.837,9.656,4.177,399.641,3.518,1.936,3546.129,31.217,15.029
OECD (EI),2023,,,,63960.949,,77.096,48843.359,11195.021,15.857,32.914,10045.926,3684.745,1391.147,12.426,5.356,761.526,6.802,2.932,1145.214,10.23,4.409,386.858,3.456,1.908,3684.745,32.914,15.857
OECD (EI),2024,,,,64689.938,,76.218,48850.203,11449.73,16.624,34.327,10654.569,3930.318,1439.057,12.568,5.476,898.096,7.844,3.418,1202.859,10.506,4.577,390.306,3.409,1.903,3930.318,34.327,16.624
OECD (EIA),1980,,,,51571.891,,,,,,,,,,,,,,,,,,,,,,,
OECD (EIA),1981,,,,50344.723,,,,,,,,,,,,,,,,,,,,,,,
OECD (EIA),1982,,,,49068.148,,,,,,,,,,,,,,,,,,,,,,,
OECD (EIA),1983,,,,48811.254,,,,,,,,,,,,,,,,,,,,,,,
OECD (EIA),1984,,,,50662.129,,,,,,,,,,,,,,,,,,,,,,,
OECD (EIA),1985,,,,51555.582,,,,,,,,,,,,,,,,,,,,,,,
OECD (EIA),1986,,,,52276.996,,,,,,,,,,,,,,,,,,,,,,,
OECD (EIA),1987,,,,53783.141,,,,,,,,,,,,,,,,,,,,,,,
OECD (EIA),1988,,,,55657.844,,,,,,,,,,,,,,,,,,,,,,,
OECD (EIA),1989,,,,56768.027,,,,,,,,,,,,,,,,,,,,,,,
OECD (EIA),1990,,,,56846.648,,,,,,,,,,,,,,,,,,,,,,,
OECD (EIA),1991,,,,57001.672,,,,,,,,,,,,,,,,,,,,,,,
OECD (EIA),1992,,,,57919.738,,,,,,,,,,,,,,,,,,,,,,,
OECD (EIA),1993,,,,58689.117,,,,,,,,,,,,,,,,,,,,,,,
OECD (EIA),1994,,,,59886.719,,,,,,,,,,,,,,,,,,,,,,,
OECD (EIA),1995,,,,61260.203,,,,,,,,,,,,,,,,,,,,,,,
OECD (EIA),1996,,,,63240.312,,,,,,,,,,,,,,,,,,,,,,,
OECD (EIA),1997,,,,63695.648,,,,,,,,,,,,,,,,,,,,,,,
OECD (EIA),1998,,,,63926.938,,,,,,,,,,,,,,,,,,,,,,,
OECD (EIA),1999,,,,64862.445,,,,,,,,,,,,,,,,,,,,,,,
OECD (EIA),2000,,,,66144.148,,,,,,,,,,,,,,,,,,,,,,,
OECD (EIA),2001,,,,65944.07,,,,,,,,,,,,,,,,,,,,,,,
OECD (EIA),2002,,,,66449.344,,,,,,,,,,,,,,,,,,,,,,,
OECD (EIA),2003,,,,67245.922,,,,,,,,,,,,,,,,,,,,,,,
OECD (EIA),2004,,,,68658.367,,,,,,,,,,,,,,,,,,,,,,,
OECD (EIA),2005,,,,69059.203,,,,,,,,,,,,,,,,,,,,,,,
OECD (EIA),2006,,,,69215.008,,,,,,,,,,,,,,,,,,,,,,,
OECD (EIA),2007,,,,69610.656,,,,,,,,,,,,,,,,,,,,,,,
OECD (EIA),2008,,,,68448.375,,,,,,,,,,,,,,,,,,,,,,,
OECD (EIA),2009,,,,65390.09,,,,,,,,,,,,,,,,,,,,,,,
OECD (EIA),2010,,,,67868.719,,,,,,,,,,,,,,,,,,,,,,,
OECD (EIA),2011,,,,66908.219,,,,,,,,,,,,,,,,,,,,,,,
OECD (EIA),2012,,,,66107.141,,,,,,,,,,,,,,,,,,,,,,,
OECD (EIA),2013,,,,66753.125,,,,,,,,,,,,,,,,,,,,,,,
OECD (EIA),2014,,,,66235.742,,,,,,,,,,,,,,,,,,,,,,,
OECD (EIA),2015,,,,66264.062,,,,,,,,,,,,,,,,,,,,,,,
OECD (EIA),2016,,,,66540.336,,,,,,,,,,,,,,,,,,,,,,,
OECD (EIA),2017,,,,67084.531,,,,,,,,,,,,,,,,,,,,,,,
OECD (EIA),2018,,,,67948.117,,,,,,,,,,,,,,,,,,,,,,,
OECD (EIA),2019,,,,67309.766,,,,,,,,,,,,,,,,,,,,,,,
OECD (EIA),2020,,,,61882.617,,,,,,,,,,,,,,,,,,,,,,,
OECD (EIA),2021,,,,64620.852,,,,,,,,,,,,,,,,,,,,,,,
OECD (EIA),2022,,,,64566.746,,,,,,,,,,,,,,,,,,,,,,,
OECD (EIA),2023,,,,63526.812,,,,,,,,,,,,,,,,,,,,,,,
OECD (Ember),2000,,,,,,,,9620.07,,16.404,,1578.05,1393.17,14.482,,0.99,0.01,,28.71,0.298,,155.18,1.613,,1578.05,16.404,
OECD (Ember),2001,,,,,,,,9609.45,,15.385,,1478.39,1293.45,13.46,,1.32,0.014,,34.79,0.362,,148.83,1.549,,1478.39,15.385,
OECD (Ember),2002,,,,,,,,9826.39,,15.527,,1525.71,1314.32,13.375,,1.64,0.017,,48.6,0.495,,161.15,1.64,,1525.71,15.527,
OECD (Ember),2003,,,,,,,,9937.52,,15.334,,1523.79,1292.13,13.003,,2.01,0.02,,58.81,0.592,,170.84,1.719,,1523.79,15.334,
OECD (Ember),2004,,,,,,,,10177.75,,15.64,,1591.81,1326.46,13.033,,2.66,0.026,,77.88,0.765,,184.81,1.816,,1591.81,15.64,
OECD (Ember),2005,,,,,,,,10403.32,,15.75,,1638.49,1339.19,12.873,,3.82,0.037,,95.18,0.915,,200.3,1.925,,1638.49,15.75,
OECD (Ember),2006,,,,,,,,10498.76,,16.147,,1695.2,1361.46,12.968,,5.23,0.05,,118.32,1.127,,210.19,2.002,,1695.2,16.147,
OECD (Ember),2007,,,,,,,,10734.33,,15.919,,1708.8,1326.14,12.354,,7.02,0.065,,151.32,1.41,,224.32,2.09,,1708.8,15.919,
OECD (Ember),2008,,,,,,,,10750.31,,16.88,,1814.61,1380.25,12.839,,11.51,0.107,,189.6,1.764,,233.25,2.17,,1814.61,16.88,
OECD (Ember),2009,,,,,,,,10335.49,,17.949,,1855.13,1363.96,13.197,,19.26,0.186,,227.71,2.203,,244.2,2.363,,1855.13,17.949,
OECD (Ember),2010,,,,,,,,10747.56,,18.304,,1967.22,1401.04,13.036,,30.91,0.288,,269.55,2.508,,265.72,2.472,,1967.22,18.304,
OECD (Ember),2011,,,,,,,,10720.11,,19.675,,2109.14,1440.74,13.44,,59.04,0.551,,331.4,3.091,,277.96,2.593,,2109.14,19.675,
OECD (Ember),2012,,,,,,,,10727.68,,20.648,,2215.03,1445.75,13.477,,87.9,0.819,,382.74,3.568,,298.64,2.784,,2215.03,20.648,
OECD (Ember),2013,,,,,,,,10723.7,,21.841,,2342.11,1469.26,13.701,,113.99,1.063,,442.66,4.128,,316.2,2.949,,2342.11,21.841,
OECD (Ember),2014,,,,,,,,10668.48,,22.645,,2415.9,1444.55,13.54,,159.3,1.493,,478.11,4.482,,333.94,3.13,,2415.9,22.645,
OECD (Ember),2015,,,,,,,,10725.97,,23.681,,2540.04,1432.59,13.356,,194.93,1.817,,558.75,5.209,,353.77,3.298,,2540.04,23.681,
OECD (Ember),2016,,,,,,,,10839.15,,24.463,,2651.57,1461.34,13.482,,228.36,2.107,,606.95,5.6,,354.92,3.274,,2651.57,24.463,
OECD (Ember),2017,,,,,,,,10901.95,,25.617,,2792.7,1456.07,13.356,,276.9,2.54,,697.74,6.4,,361.99,3.32,,2792.7,25.617,
OECD (Ember),2018,,,,,,,,11077.99,,26.405,,2925.14,1487.95,13.432,,323.63,2.921,,744.64,6.722,,368.92,3.33,,2925.14,26.405,
OECD (Ember),2019,,,,,,,,10952.67,,27.734,,3037.62,1453.97,13.275,,375.22,3.426,,832.91,7.605,,375.52,3.429,,3037.62,27.734,
OECD (Ember),2020,,,,,,,,10658.75,,30.591,,3260.57,1493.22,14.009,,449.09,4.213,,935.14,8.773,,383.12,3.594,,3260.57,30.591,
OECD (Ember),2021,,,,,,,,10969.5,,30.61,,3357.73,1449.53,13.214,,533.87,4.867,,972.62,8.867,,401.71,3.662,,3357.73,30.61,
OECD (Ember),2022,,,,,,,,11056.62,,31.878,,3524.67,1389.21,12.565,,651.41,5.892,,1091.48,9.872,,392.57,3.551,,3524.67,31.878,
OECD (Ember),2023,,,,,,,,10896.06,,33.641,,3665.5,1384.44,12.706,,757.58,6.953,,1139.01,10.453,,384.47,3.529,,3665.5,33.641,
OECD (Ember),2024,,,,,,,,11158.41,,35.123,,3919.16,1430.97,12.824,,895.68,8.027,,1197.73,10.734,,394.78,3.538,,3919.16,35.123,
OECD (Ember),2025,,,,,,,,11365.01,,35.929,,4083.31,1381.98,12.16,,1078.4,9.489,,1218.05,10.718,,404.88,3.563,,4083.31,35.929,
OECD (Shift),1900,,,,,,,,,,,,,,,,,,,,,,,,,,,
OECD (Shift),1901,,,,,,,,,,,,,,,,,,,,,,,,,,,
OECD (Shift),1902,,,,,,,,,,,,,,,,,,,,,,,,,,,
OECD (Shift),1903,,,,,,,,,,,,,,,,,,,,,,,,,,,
OECD (Shift),1904,,,,,,,,,,,,,,,,,,,,,,,,,,,
OECD (Shift),1905,,,,,,,,,,,,,,,,,,,,,,,,,,,
OECD (Shift),1906,,,,,,,,,,,,,,,,,,,,,,,,,,,
OECD (Shift),1907,,,,,,,,,,,,,,,,,,,,,,,,,,,
OECD (Shift),1908,,,,,,,,,,,,,,,,,,,,,,,,,,,
OECD (Shift),1909,,,,,,,,,,,,,,,,,,,,,,,,,,,
OECD (Shift),1910,,,,,,,,,,,,,,,,,,,,,,,,,,,
OECD (Shift),1911,,,,,,,,,,,,,,,,,,,,,,,,,,,
OECD (Shift),1912,,,,,,,,,,,,,,,,,,,,,,,,,,,
OECD (Shift),1913,,,,,,,,,,,,,,,,,,,,,,,,,,,
OECD (Shift),1914,,,,,,,,,,,,,,,,,,,,,,,,,,,
OECD (Shift),1915,,,,,,,,,,,,,,,,,,,,,,,,,,,
OECD (Shift),1916,,,,,,,,,,,,,,,,,,,,,,,,,,,
OECD (Shift),1917,,,,,,,,,,,,,,,,,,,,,,,,,,,
OECD (Shift),1918,,,,,,,,,,,,,,,,,,,,,,,,,,,
OECD (Shift),1919,,,,,,,,,,,,,,,,,,,,,,,,,,,
OECD (Shift),1920,,,,,,,,,,,,,,,,,,,,,,,,,,,
OECD (Shift),1921,,,,,,,,,,,,,,,,,,,,,,,,,,,
OECD (Shift),1922,,,,,,,,,,,,,,,,,,,,,,,,,,,
OECD (Shift),1923,,,,,,,,,,,,,,,,,,,,,,,,,,,
OECD (Shift),1924,,,,,,,,,,,,,,,,,,,,,,,,,,,
OECD (Shift),1925,,,,,,,,,,,,,,,,,,,,,,,,,,,
OECD (Shift),1926,,,,,,,,,,,,,,,,,,,,,,,,,,,
OECD (Shift),1927,,,,,,,,,,,,,,,,,,,,,,,,,,,
OECD (Shift),1928,,,,,,,,,,,,,,,,,,,,,,,,,,,
OECD (Shift),1929,,,,,,,,,,,,,,,,,,,,,,,,,,,
OECD (Shift),1930,,,,,,,,,,,,,,,,,,,,,,,,,,,
OECD (Shift),1931,,,,,,,,,,,,,,,,,,,,,,,,,,,
OECD (Shift),1932,,,,,,,,,,,,,,,,,,,,,,,,,,,
OECD (Shift),1933,,,,,,,,,,,,,,,,,,,,,,,,,,,
OECD (Shift),1934,,,,,,,,,,,,,,,,,,,,,,,,,,,
OECD (Shift),1935,,,,,,,,,,,,,,,,,,,,,,,,,,,
OECD (Shift),1936,,,,,,,,,,,,,,,,,,,,,,,,,,,
OECD (Shift),1937,,,,,,,,,,,,,,,,,,,,,,,,,,,
OECD (Shift),1938,,,,,,,,,,,,,,,,,,,,,,,,,,,
OECD (Shift),1939,,,,,,,,,,,,,,,,,,,,,,,,,,,
OECD (Shift),1940,,,,,,,,,,,,,,,,,,,,,,,,,,,
OECD (Shift),1941,,,,,,,,,,,,,,,,,,,,,,,,,,,
OECD (Shift),1942,,,,,,,,,,,,,,,,,,,,,,,,,,,
OECD (Shift),1943,,,,,,,,,,,,,,,,,,,,,,,,,,,
OECD (Shift),1944,,,,,,,,,,,,,,,,,,,,,,,,,,,
OECD (Shift),1945,,,,,,,,,,,,,,,,,,,,,,,,,,,
OECD (Shift),1946,,,,,,,,,,,,,,,,,,,,,,,,,,,
OECD (Shift),1947,,,,,,,,,,,,,,,,,,,,,,,,,,,
OECD (Shift),1948,,,,,,,,,,,,,,,,,,,,,,,,,,,
OECD (Shift),1949,,,,,,,,,,,,,,,,,,,,,,,,,,,
OECD (Shift),1950,,,,,,,,,,,,,,,,,,,,,,,,,,,
OECD (Shift),1951,,,,,,,,,,,,,,,,,,,,,,,,,,,
OECD (Shift),1952,,,,,,,,,,,,,,,,,,,,,,,,,,,
OECD (Shift),1953,,,,,,,,,,,,,,,,,,,,,,,,,,,
OECD (Shift),1954,,,,,,,,,,,,,,,,,,,,,,,,,,,
OECD (Shift),1955,,,,,,,,,,,,,,,,,,,,,,,,,,,
OECD (Shift),1956,,,,,,,,,,,,,,,,,,,,,,,,,,,
OECD (Shift),1957,,,,,,,,,,,,,,,,,,,,,,,,,,,
OECD (Shift),1958,,,,,,,,,,,,,,,,,,,,,,,,,,,
OECD (Shift),1959,,,,,,,,,,,,,,,,,,,,,,,,,,,
OECD (Shift),1960,,,,,,,,,,,,,,,,,,,,,,,,,,,
OECD (Shift),1961,,,,,,,,,,,,,,,,,,,,,,,,,,,
OECD (Shift),1962,,,,,,,,,,,,,,,,,,,,,,,,,,,
OECD (Shift),1963,,,,,,,,,,,,,,,,,,,,,,,,,,,
OECD (Shift),1964,,,,,,,,,,,,,,,,,,,,,,,,,,,
OECD (Shift),1965,,,,,,,,,,,,,,,,,,,,,,,,,,,
OECD (Shift),1966,,,,,,,,,,,,,,,,,,,,,,,,,,,
OECD (Shift),1967,,,,,,,,,,,,,,,,,,,,,,,,,,,
OECD (Shift),1968,,,,,,,,,,,,,,,,,,,,,,,,,,,
OECD (Shift),1969,,,,,,,,,,,,,,,,,,,,,,,,,,,
OECD (Shift),1970,,,,,,,,,,,,,,,,,,,,,,,,,,,
OECD (Shift),1971,,,,,,,,,,,,,,,,,,,,,,,,,,,
OECD (Shift),1972,,,,,,,,,,,,,,,,,,,,,,,,,,,
OECD (Shift),1973,,,,,,,,,,,,,,,,,,,,,,,,,,,
OECD (Shift),1974,,,,,,,,,,,,,,,,,,,,,,,,,,,
OECD (Shift),1975,,,,,,,,,,,,,,,,,,,,,,,,,,,
OECD (Shift),1976,,,,,,,,,,,,,,,,,,,,,,,,,,,
OECD (Shift),1977,,,,,,,,,,,,,,,,,,,,,,,,,,,
OECD (Shift),1978,,,,,,,,,,,,,,,,,,,,,,,,,,,
OECD (Shift),1979,,,,,,,,,,,,,,,,,,,,,,,,,,,
OECD (Shift),1980,,,,,,,,,,,,,,,,,,,,,,,,,,,
OECD (Shift),1981,,,,,,,,,,,,,,,,,,,,,,,,,,,
OECD (Shift),1982,,,,,,,,,,,,,,,,,,,,,,,,,,,
OECD (Shift),1983,,,,,,,,,,,,,,,,,,,,,,,,,,,
OECD (Shift),1984,,,,,,,,,,,,,,,,,,,,,,,,,,,
OECD (Shift),1985,,,,,,,,,,,,,,,,,,,,,,,,,,,
OECD (Shift),1986,,,,,,,,,,,,,,,,,,,,,,,,,,,
OECD (Shift),1987,,,,,,,,,,,,,,,,,,,,,,,,,,,
OECD (Shift),1988,,,,,,,,,,,,,,,,,,,,,,,,,,,
OECD (Shift),1989,,,,,,,,,,,,,,,,,,,,,,,,,,,
OECD (Shift),1990,,,,,,,,,,,,,,,,,,,,,,,,,,,
OECD (Shift),1991,,,,,,,,,,,,,,,,,,,,,,,,,,,
OECD (Shift),1992,,,,,,,,,,,,,,,,,,,,,,,,,,,
OECD (Shift),1993,,,,,,,,,,,,,,,,,,,,,,,,,,,
OECD (Shift),1994,,,,,,,,,,,,,,,,,,,,,,,,,,,
OECD (Shift),1995,,,,,,,,,,,,,,,,,,,,,,,,,,,
OECD (Shift),1996,,,,,,,,,,,,,,,,,,,,,,,,,,,
OECD (Shift),1997,,,,,,,,,,,,,,,,,,,,,,,,,,,
OECD (Shift),1998,,,,,,,,,,,,,,,,,,,,,,,,,,,
OECD (Shift),1999,,,,,,,,,,,,,,,,,,,,,,,,,,,
OECD (Shift),2000,,,,,,,,,,,,,,,,,,,,,,,,,,,
OECD (Shift),2001,,,,,,,,,,,,,,,,,,,,,,,,,,,
OECD (Shift),2002,,,,,,,,,,,,,,,,,,,,,,,,,,,
OECD (Shift),2003,,,,,,,,,,,,,,,,,,,,,,,,,,,
OECD (Shift),2004,,,,,,,,,,,,,,,,,,,,,,,,,,,
OECD (Shift),2005,,,,,,,,,,,,,,,,,,,,,,,,,,,
OECD (Shift),2006,,,,,,,,,,,,,,,,,,,,,,,,,,,
OECD (Shift),2007,,,,,,,,,,,,,,,,,,,,,,,,,,,
OECD (Shift),2008,,,,,,,,,,,,,,,,,,,,,,,,,,,
OECD (Shift),2009,,,,,,,,,,,,,,,,,,,,,,,,,,,
OECD (Shift),2010,,,,,,,,,,,,,,,,,,,,,,,,,,,
OECD (Shift),2011,,,,,,,,,,,,,,,,,,,,,,,,,,,
OECD (Shift),2012,,,,,,,,,,,,,,,,,,,,,,,,,,,
OECD (Shift),2013,,,,,,,,,,,,,,,,,,,,,,,,,,,
OECD (Shift),2014,,,,,,,,,,,,,,,,,,,,,,,,,,,
OECD (Shift),2015,,,,,,,,,,,,,,,,,,,,,,,,,,,
OECD (Shift),2016,,,,,,,,,,,,,,,,,,,,,,,,,,,
OPEC (EI),1965,,,,,,,,,,,,,,,,,,,,,,,,,,,
OPEC (EI),1966,,,,,,,,,,,,,,,,,,,,,,,,,,,
OPEC (EI),1967,,,,,,,,,,,,,,,,,,,,,,,,,,,
OPEC (EI),1968,,,,,,,,,,,,,,,,,,,,,,,,,,,
OPEC (EI),1969,,,,,,,,,,,,,,,,,,,,,,,,,,,
OPEC (EI),1970,,,,,,,,,,,,,,,,,,,,,,,,,,,
OPEC (EI),1971,,,,,,,,,,,,,,,,,,,,,,,,,,,
OPEC (EI),1972,,,,,,,,,,,,,,,,,,,,,,,,,,,
OPEC (EI),1973,,,,,,,,,,,,,,,,,,,,,,,,,,,
OPEC (EI),1974,,,,,,,,,,,,,,,,,,,,,,,,,,,
OPEC (EI),1975,,,,,,,,,,,,,,,,,,,,,,,,,,,
OPEC (EI),1976,,,,,,,,,,,,,,,,,,,,,,,,,,,
OPEC (EI),1977,,,,,,,,,,,,,,,,,,,,,,,,,,,
OPEC (EI),1978,,,,,,,,,,,,,,,,,,,,,,,,,,,
OPEC (EI),1979,,,,,,,,,,,,,,,,,,,,,,,,,,,
OPEC (EI),1980,,,,,,,,,,,,,,,,,,,,,,,,,,,
OPEC (EI),1981,,,,,,,,,,,,,,,,,,,,,,,,,,,
OPEC (EI),1982,,,,,,,,,,,,,,,,,,,,,,,,,,,
OPEC (EI),1983,,,,,,,,,,,,,,,,,,,,,,,,,,,
OPEC (EI),1984,,,,,,,,,,,,,,,,,,,,,,,,,,,
OPEC (EI),1985,,,,,,,,,,,,,,,,,,,,,,,,,,,
OPEC (EI),1986,,,,,,,,,,,,,,,,,,,,,,,,,,,
OPEC (EI),1987,,,,,,,,,,,,,,,,,,,,,,,,,,,
OPEC (EI),1988,,,,,,,,,,,,,,,,,,,,,,,,,,,
OPEC (EI),1989,,,,,,,,,,,,,,,,,,,,,,,,,,,
OPEC (EI),1990,,,,,,,,,,,,,,,,,,,,,,,,,,,
OPEC (EI),1991,,,,,,,,,,,,,,,,,,,,,,,,,,,
OPEC (EI),1992,,,,,,,,,,,,,,,,,,,,,,,,,,,
OPEC (EI),1993,,,,,,,,,,,,,,,,,,,,,,,,,,,
OPEC (EI),1994,,,,,,,,,,,,,,,,,,,,,,,,,,,
OPEC (EI),1995,,,,,,,,,,,,,,,,,,,,,,,,,,,
OPEC (EI),1996,,,,,,,,,,,,,,,,,,,,,,,,,,,
OPEC (EI),1997,,,,,,,,,,,,,,,,,,,,,,,,,,,
OPEC (EI),1998,,,,,,,,,,,,,,,,,,,,,,,,,,,
OPEC (EI),1999,,,,,,,,,,,,,,,,,,,,,,,,,,,
OPEC (EI),2000,,,,,,,,,,,,,,,,,,,,,,,,,,,
OPEC (EI),2001,,,,,,,,,,,,,,,,,,,,,,,,,,,
OPEC (EI),2002,,,,,,,,,,,,,,,,,,,,,,,,,,,
OPEC (EI),2003,,,,,,,,,,,,,,,,,,,,,,,,,,,
OPEC (EI),2004,,,,,,,,,,,,,,,,,,,,,,,,,,,
OPEC (EI),2005,,,,,,,,,,,,,,,,,,,,,,,,,,,
OPEC (EI),2006,,,,,,,,,,,,,,,,,,,,,,,,,,,
OPEC (EI),2007,,,,,,,,,,,,,,,,,,,,,,,,,,,
OPEC (EI),2008,,,,,,,,,,,,,,,,,,,,,,,,,,,
OPEC (EI),2009,,,,,,,,,,,,,,,,,,,,,,,,,,,
OPEC (EI),2010,,,,,,,,,,,,,,,,,,,,,,,,,,,
OPEC (EI),2011,,,,,,,,,,,,,,,,,,,,,,,,,,,
OPEC (EI),2012,,,,,,,,,,,,,,,,,,,,,,,,,,,
OPEC (EI),2013,,,,,,,,,,,,,,,,,,,,,,,,,,,
OPEC (EI),2014,,,,,,,,,,,,,,,,,,,,,,,,,,,
OPEC (EI),2015,,,,,,,,,,,,,,,,,,,,,,,,,,,
OPEC (EI),2016,,,,,,,,,,,,,,,,,,,,,,,,,,,
OPEC (EI),2017,,,,,,,,,,,,,,,,,,,,,,,,,,,
OPEC (EI),2018,,,,,,,,,,,,,,,,,,,,,,,,,,,
OPEC (EI),2019,,,,,,,,,,,,,,,,,,,,,,,,,,,
OPEC (EI),2020,,,,,,,,,,,,,,,,,,,,,,,,,,,
OPEC (EI),2021,,,,,,,,,,,,,,,,,,,,,,,,,,,
OPEC (EI),2022,,,,,,,,,,,,,,,,,,,,,,,,,,,
OPEC (EI),2023,,,,,,,,,,,,,,,,,,,,,,,,,,,
OPEC (EI),2024,,,,,,,,,,,,,,,,,,,,,,,,,,,
OPEC (EIA),1980,,,,2227.348,,,,,,,,,,,,,,,,,,,,,,,
OPEC (EIA),1981,,,,2319.737,,,,,,,,,,,,,,,,,,,,,,,
OPEC (EIA),1982,,,,2457.095,,,,,,,,,,,,,,,,,,,,,,,
OPEC (EIA),1983,,,,2697.712,,,,,,,,,,,,,,,,,,,,,,,
OPEC (EIA),1984,,,,2883.885,,,,,,,,,,,,,,,,,,,,,,,
OPEC (EIA),1985,,,,3096.998,,,,,,,,,,,,,,,,,,,,,,,
OPEC (EIA),1986,,,,3275.557,,,,,,,,,,,,,,,,,,,,,,,
OPEC (EIA),1987,,,,3437.276,,,,,,,,,,,,,,,,,,,,,,,
OPEC (EIA),1988,,,,3648.331,,,,,,,,,,,,,,,,,,,,,,,
OPEC (EIA),1989,,,,3820.577,,,,,,,,,,,,,,,,,,,,,,,
OPEC (EIA),1990,,,,3848.153,,,,,,,,,,,,,,,,,,,,,,,
OPEC (EIA),1991,,,,3965.836,,,,,,,,,,,,,,,,,,,,,,,
OPEC (EIA),1992,,,,4179.244,,,,,,,,,,,,,,,,,,,,,,,
OPEC (EIA),1993,,,,4284.256,,,,,,,,,,,,,,,,,,,,,,,
OPEC (EIA),1994,,,,4471.547,,,,,,,,,,,,,,,,,,,,,,,
OPEC (EIA),1995,,,,4602.558,,,,,,,,,,,,,,,,,,,,,,,
OPEC (EIA),1996,,,,4775.629,,,,,,,,,,,,,,,,,,,,,,,
OPEC (EIA),1997,,,,5069.195,,,,,,,,,,,,,,,,,,,,,,,
OPEC (EIA),1998,,,,5243.75,,,,,,,,,,,,,,,,,,,,,,,
OPEC (EIA),1999,,,,5313.781,,,,,,,,,,,,,,,,,,,,,,,
OPEC (EIA),2000,,,,5639.811,,,,,,,,,,,,,,,,,,,,,,,
OPEC (EIA),2001,,,,5992.746,,,,,,,,,,,,,,,,,,,,,,,
OPEC (EIA),2002,,,,6209.984,,,,,,,,,,,,,,,,,,,,,,,
OPEC (EIA),2003,,,,6278.023,,,,,,,,,,,,,,,,,,,,,,,
OPEC (EIA),2004,,,,6689.122,,,,,,,,,,,,,,,,,,,,,,,
OPEC (EIA),2005,,,,7257.25,,,,,,,,,,,,,,,,,,,,,,,
OPEC (EIA),2006,,,,7505.44,,,,,,,,,,,,,,,,,,,,,,,
OPEC (EIA),2007,,,,7792.043,,,,,,,,,,,,,,,,,,,,,,,
OPEC (EIA),2008,,,,8371.812,,,,,,,,,,,,,,,,,,,,,,,
OPEC (EIA),2009,,,,8611.18,,,,,,,,,,,,,,,,,,,,,,,
OPEC (EIA),2010,,,,9245.631,,,,,,,,,,,,,,,,,,,,,,,
OPEC (EIA),2011,,,,9738.474,,,,,,,,,,,,,,,,,,,,,,,
OPEC (EIA),2012,,,,10053.366,,,,,,,,,,,,,,,,,,,,,,,
OPEC (EIA),2013,,,,10334.454,,,,,,,,,,,,,,,,,,,,,,,
OPEC (EIA),2014,,,,10720.329,,,,,,,,,,,,,,,,,,,,,,,
OPEC (EIA),2015,,,,10449.42,,,,,,,,,,,,,,,,,,,,,,,
OPEC (EIA),2016,,,,11306.339,,,,,,,,,,,,,,,,,,,,,,,
OPEC (EIA),2017,,,,10907.273,,,,,,,,,,,,,,,,,,,,,,,
OPEC (EIA),2018,,,,10874.817,,,,,,,,,,,,,,,,,,,,,,,
OPEC (EIA),2019,,,,11394.194,,,,,,,,,,,,,,,,,,,,,,,
OPEC (EIA),2020,,,,10964.373,,,,,,,,,,,,,,,,,,,,,,,
OPEC (EIA),2021,,,,11455.0,,,,,,,,,,,,,,,,,,,,,,,
OPEC (EIA),2022,,,,12054.562,,,,,,,,,,,,,,,,,,,,,,,
OPEC (EIA),2023,,,,12598.839,,,,,,,,,,,,,,,,,,,,,,,
OPEC (Shift),1900,,,,,,,,,,,,,,,,,,,,,,,,,,,
OPEC (Shift),1901,,,,,,,,,,,,,,,,,,,,,,,,,,,
OPEC (Shift),1902,,,,,,,,,,,,,,,,,,,,,,,,,,,
OPEC (Shift),1903,,,,,,,,,,,,,,,,,,,,,,,,,,,
OPEC (Shift),1904,,,,,,,,,,,,,,,,,,,,,,,,,,,
OPEC (Shift),1905,,,,,,,,,,,,,,,,,,,,,,,,,,,
OPEC (Shift),1906,,,,,,,,,,,,,,,,,,,,,,,,,,,
OPEC (Shift),1907,,,,,,,,,,,,,,,,,,,,,,,,,,,
OPEC (Shift),1908,,,,,,,,,,,,,,,,,,,,,,,,,,,
OPEC (Shift),1909,,,,,,,,,,,,,,,,,,,,,,,,,,,
OPEC (Shift),1910,,,,,,,,,,,,,,,,,,,,,,,,,,,
OPEC (Shift),1911,,,,,,,,,,,,,,,,,,,,,,,,,,,
OPEC (Shift),1912,,,,,,,,,,,,,,,,,,,,,,,,,,,
OPEC (Shift),1913,,,,,,,,,,,,,,,,,,,,,,,,,,,
OPEC (Shift),1914,,,,,,,,,,,,,,,,,,,,,,,,,,,
OPEC (Shift),1915,,,,,,,,,,,,,,,,,,,,,,,,,,,
OPEC (Shift),1916,,,,,,,,,,,,,,,,,,,,,,,,,,,
OPEC (Shift),1917,,,,,,,,,,,,,,,,,,,,,,,,,,,
OPEC (Shift),1918,,,,,,,,,,,,,,,,,,,,,,,,,,,
OPEC (Shift),1919,,,,,,,,,,,,,,,,,,,,,,,,,,,
OPEC (Shift),1920,,,,,,,,,,,,,,,,,,,,,,,,,,,
OPEC (Shift),1921,,,,,,,,,,,,,,,,,,,,,,,,,,,
OPEC (Shift),1922,,,,,,,,,,,,,,,,,,,,,,,,,,,
OPEC (Shift),1923,,,,,,,,,,,,,,,,,,,,,,,,,,,
OPEC (Shift),1924,,,,,,,,,,,,,,,,,,,,,,,,,,,
OPEC (Shift),1925,,,,,,,,,,,,,,,,,,,,,,,,,,,
OPEC (Shift),1926,,,,,,,,,,,,,,,,,,,,,,,,,,,
OPEC (Shift),1927,,,,,,,,,,,,,,,,,,,,,,,,,,,
OPEC (Shift),1928,,,,,,,,,,,,,,,,,,,,,,,,,,,
OPEC (Shift),1929,,,,,,,,,,,,,,,,,,,,,,,,,,,
OPEC (Shift),1930,,,,,,,,,,,,,,,,,,,,,,,,,,,
OPEC (Shift),1931,,,,,,,,,,,,,,,,,,,,,,,,,,,
OPEC (Shift),1932,,,,,,,,,,,,,,,,,,,,,,,,,,,
OPEC (Shift),1933,,,,,,,,,,,,,,,,,,,,,,,,,,,
OPEC (Shift),1934,,,,,,,,,,,,,,,,,,,,,,,,,,,
OPEC (Shift),1935,,,,,,,,,,,,,,,,,,,,,,,,,,,
OPEC (Shift),1936,,,,,,,,,,,,,,,,,,,,,,,,,,,
OPEC (Shift),1937,,,,,,,,,,,,,,,,,,,,,,,,,,,
OPEC (Shift),1938,,,,,,,,,,,,,,,,,,,,,,,,,,,
OPEC (Shift),1939,,,,,,,,,,,,,,,,,,,,,,,,,,,
OPEC (Shift),1940,,,,,,,,,,,,,,,,,,,,,,,,,,,
OPEC (Shift),1941,,,,,,,,,,,,,,,,,,,,,,,,,,,
OPEC (Shift),1942,,,,,,,,,,,,,,,,,,,,,,,,,,,
OPEC (Shift),1943,,,,,,,,,,,,,,,,,,,,,,,,,,,
OPEC (Shift),1944,,,,,,,,,,,,,,,,,,,,,,,,,,,
OPEC (Shift),1945,,,,,,,,,,,,,,,,,,,,,,,,,,,
OPEC (Shift),1946,,,,,,,,,,,,,,,,,,,,,,,,,,,
OPEC (Shift),1947,,,,,,,,,,,,,,,,,,,,,,,,,,,
OPEC (Shift),1948,,,,,,,,,,,,,,,,,,,,,,,,,,,
OPEC (Shift),1949,,,,,,,,,,,,,,,,,,,,,,,,,,,
OPEC (Shift),1950,,,,,,,,,,,,,,,,,,,,,,,,,,,
OPEC (Shift),1951,,,,,,,,,,,,,,,,,,,,,,,,,,,
OPEC (Shift),1952,,,,,,,,,,,,,,,,,,,,,,,,,,,
OPEC (Shift),1953,,,,,,,,,,,,,,,,,,,,,,,,,,,
OPEC (Shift),1954,,,,,,,,,,,,,,,,,,,,,,,,,,,
OPEC (Shift),1955,,,,,,,,,,,,,,,,,,,,,,,,,,,
OPEC (Shift),1956,,,,,,,,,,,,,,,,,,,,,,,,,,,
OPEC (Shift),1957,,,,,,,,,,,,,,,,,,,,,,,,,,,
OPEC (Shift),1958,,,,,,,,,,,,,,,,,,,,,,,,,,,
OPEC (Shift),1959,,,,,,,,,,,,,,,,,,,,,,,,,,,
OPEC (Shift),1960,,,,,,,,,,,,,,,,,,,,,,,,,,,
OPEC (Shift),1961,,,,,,,,,,,,,,,,,,,,,,,,,,,
OPEC (Shift),1962,,,,,,,,,,,,,,,,,,,,,,,,,,,
OPEC (Shift),1963,,,,,,,,,,,,,,,,,,,,,,,,,,,
OPEC (Shift),1964,,,,,,,,,,,,,,,,,,,,,,,,,,,
OPEC (Shift),1965,,,,,,,,,,,,,,,,,,,,,,,,,,,
OPEC (Shift),1966,,,,,,,,,,,,,,,,,,,,,,,,,,,
OPEC (Shift),1967,,,,,,,,,,,,,,,,,,,,,,,,,,,
OPEC (Shift),1968,,,,,,,,,,,,,,,,,,,,,,,,,,,
OPEC (Shift),1969,,,,,,,,,,,,,,,,,,,,,,,,,,,
OPEC (Shift),1970,,,,,,,,,,,,,,,,,,,,,,,,,,,
OPEC (Shift),1971,,,,,,,,,,,,,,,,,,,,,,,,,,,
OPEC (Shift),1972,,,,,,,,,,,,,,,,,,,,,,,,,,,
OPEC (Shift),1973,,,,,,,,,,,,,,,,,,,,,,,,,,,
OPEC (Shift),1974,,,,,,,,,,,,,,,,,,,,,,,,,,,
OPEC (Shift),1975,,,,,,,,,,,,,,,,,,,,,,,,,,,
OPEC (Shift),1976,,,,,,,,,,,,,,,,,,,,,,,,,,,
OPEC (Shift),1977,,,,,,,,,,,,,,,,,,,,,,,,,,,
OPEC (Shift),1978,,,,,,,,,,,,,,,,,,,,,,,,,,,
OPEC (Shift),1979,,,,,,,,,,,,,,,,,,,,,,,,,,,
OPEC (Shift),1980,,,,,,,,,,,,,,,,,,,,,,,,,,,
OPEC (Shift),1981,,,,,,,,,,,,,,,,,,,,,,,,,,,
OPEC (Shift),1982,,,,,,,,,,,,,,,,,,,,,,,,,,,
OPEC (Shift),1983,,,,,,,,,,,,,,,,,,,,,,,,,,,
OPEC (Shift),1984,,,,,,,,,,,,,,,,,,,,,,,,,,,
OPEC (Shift),1985,,,,,,,,,,,,,,,,,,,,,,,,,,,
OPEC (Shift),1986,,,,,,,,,,,,,,,,,,,,,,,,,,,
OPEC (Shift),1987,,,,,,,,,,,,,,,,,,,,,,,,,,,
OPEC (Shift),1988,,,,,,,,,,,,,,,,,,,,,,,,,,,
OPEC (Shift),1989,,,,,,,,,,,,,,,,,,,,,,,,,,,
OPEC (Shift),1990,,,,,,,,,,,,,,,,,,,,,,,,,,,
OPEC (Shift),1991,,,,,,,,,,,,,,,,,,,,,,,,,,,
OPEC (Shift),1992,,,,,,,,,,,,,,,,,,,,,,,,,,,
OPEC (Shift),1993,,,,,,,,,,,,,,,,,,,,,,,,,,,
OPEC (Shift),1994,,,,,,,,,,,,,,,,,,,,,,,,,,,
OPEC (Shift),1995,,,,,,,,,,,,,,,,,,,,,,,,,,,
OPEC (Shift),1996,,,,,,,,,,,,,,,,,,,,,,,,,,,
OPEC (Shift),1997,,,,,,,,,,,,,,,,,,,,,,,,,,,
OPEC (Shift),1998,,,,,,,,,,,,,,,,,,,,,,,,,,,
OPEC (Shift),1999,,,,,,,,,,,,,,,,,,,,,,,,,,,
OPEC (Shift),2000,,,,,,,,,,,,,,,,,,,,,,,,,,,
OPEC (Shift),2001,,,,,,,,,,,,,,,,,,,,,,,,,,,
OPEC (Shift),2002,,,,,,,,,,,,,,,,,,,,,,,,,,,
OPEC (Shift),2003,,,,,,,,,,,,,,,,,,,,,,,,,,,
OPEC (Shift),2004,,,,,,,,,,,,,,,,,,,,,,,,,,,
OPEC (Shift),2005,,,,,,,,,,,,,,,,,,,,,,,,,,,
OPEC (Shift),2006,,,,,,,,,,,,,,,,,,,,,,,,,,,
OPEC (Shift),2007,,,,,,,,,,,,,,,,,,,,,,,,,,,
OPEC (Shift),2008,,,,,,,,,,,,,,,,,,,,,,,,,,,
OPEC (Shift),2009,,,,,,,,,,,,,,,,,,,,,,,,,,,
OPEC (Shift),2010,,,,,,,,,,,,,,,,,,,,,,,,,,,
OPEC (Shift),2011,,,,,,,,,,,,,,,,,,,,,,,,,,,
OPEC (Shift),2012,,,,,,,,,,,,,,,,,,,,,,,,,,,
OPEC (Shift),2013,,,,,,,,,,,,,,,,,,,,,,,,,,,
OPEC (Shift),2014,,,,,,,,,,,,,,,,,,,,,,,,,,,
OPEC (Shift),2015,,,,,,,,,,,,,,,,,,,,,,,,,,,
OPEC (Shift),2016,,,,,,,,,,,,,,,,,,,,,,,,,,,
Oceania,1900,,5953511.0,,,,,,,,,,,,,,,,,,,,,,,,,
Oceania,1901,,6041407.0,,,,,,,,,,,,,,,,,,,,,,,,,
Oceania,1902,,6130264.0,,,,,,,,,,,,,,,,,,,,,,,,,
Oceania,1903,,6220673.0,,,,,,,,,,,,,,,,,,,,,,,,,
Oceania,1904,,6312680.0,,,,,,,,,,,,,,,,,,,,,,,,,
Oceania,1905,,6406320.0,,,,,,,,,,,,,,,,,,,,,,,,,
Oceania,1906,,6501615.0,,,,,,,,,,,,,,,,,,,,,,,,,
Oceania,1907,,6598575.0,,,,,,,,,,,,,,,,,,,,,,,,,
Oceania,1908,,6697260.0,,,,,,,,,,,,,,,,,,,,,,,,,
Oceania,1909,,6790941.0,,,,,,,,,,,,,,,,,,,,,,,,,
Oceania,1910,,6880041.0,,,,,,,,,,,,,,,,,,,,,,,,,
Oceania,1911,,6964984.0,,,,,,,,,,,,,,,,,,,,,,,,,
Oceania,1912,,7046151.0,,,,,,,,,,,,,,,,,,,,,,,,,
Oceania,1913,,7123955.0,,,,,,,,,,,,,,,,,,,,,,,,,
Oceania,1914,,7205616.0,,,,,,,,,,,,,,,,,,,,,,,,,
Oceania,1915,,7291095.0,,,,,,,,,,,,,,,,,,,,,,,,,
Oceania,1916,,7380375.0,,,,,,,,,,,,,,,,,,,,,,,,,
Oceania,1917,,7473552.0,,,,,,,,,,,,,,,,,,,,,,,,,
Oceania,1918,,7570522.0,,,,,,,,,,,,,,,,,,,,,,,,,
Oceania,1919,,7675551.0,,,,,,,,,,,,,,,,,,,,,,,,,
Oceania,1920,,7788438.0,,,,,,,,,,,,,,,,,,,,,,,,,
Oceania,1921,,7909326.0,,,,,,,,,,,,,,,,,,,,,,,,,
Oceania,1922,,8037669.0,,,,,,,,,,,,,,,,,,,,,,,,,
Oceania,1923,,8173333.0,,,,,,,,,,,,,,,,,,,,,,,,,
Oceania,1924,,8311980.0,,,,,,,,,,,,,,,,,,,,,,,,,
Oceania,1925,,8453646.0,,,,,,,,,,,,,,,,,,,,,,,,,
Oceania,1926,,8598375.0,,,,,,,,,,,,,,,,,,,,,,,,,
Oceania,1927,,8746877.0,,,,,,,,,,,,,,,,,,,,,,,,,
Oceania,1928,,8898531.0,,,,,,,,,,,,,,,,,,,,,,,,,
Oceania,1929,,9040916.0,,,,,,,,,,,,,,,,,,,,,,,,,
Oceania,1930,,9174006.0,,,,,,,,,,,,,,,,,,,,,,,,,
Oceania,1931,,9297611.0,,,,,,,,,,,,,,,,,,,,,,,,,
Oceania,1932,,9411863.0,,,,,,,,,,,,,,,,,,,,,,,,,
Oceania,1933,,9516731.0,,,,,,,,,,,,,,,,,,,,,,,,,
Oceania,1934,,9624651.0,,,,,,,,,,,,,,,,,,,,,,,,,
Oceania,1935,,9735670.0,,,,,,,,,,,,,,,,,,,,,,,,,
Oceania,1936,,9849842.0,,,,,,,,,,,,,,,,,,,,,,,,,
Oceania,1937,,9967558.0,,,,,,,,,,,,,,,,,,,,,,,,,
Oceania,1938,,10088561.0,,,,,,,,,,,,,,,,,,,,,,,,,
Oceania,1939,,10225158.0,,,,,,,,,,,,,,,,,,,,,,,,,
Oceania,1940,,10377714.0,,,,,,,,,,,,,,,,,,,,,,,,,
Oceania,1941,,10550497.0,,,,,,,,,,,,,,,,,,,,,,,,,
Oceania,1942,,10740030.0,,,,,,,,,,,,,,,,,,,,,,,,,
Oceania,1943,,10946716.0,,,,,,,,,,,,,,,,,,,,,,,,,
Oceania,1944,,11158769.0,,,,,,,,,,,,,,,,,,,,,,,,,
Oceania,1945,,11376348.0,,,,,,,,,,,,,,,,,,,,,,,,,
Oceania,1946,,11599543.0,,,,,,,,,,,,,,,,,,,,,,,,,
Oceania,1947,,11829855.0,,,,,,,,,,,,,,,,,,,,,,,,,
Oceania,1948,,12066236.0,,,,,,,,,,,,,,,,,,,,,,,,,
Oceania,1949,,12315375.0,,,,,,,,,,,,,,,,,,,,,,,,,
Oceania,1950,,12582453.0,,,,,,,,,,,,,,,,,,,,,,,,,
Oceania,1951,,12915446.0,,,,,,,,,,,,,,,,,,,,,,,,,
Oceania,1952,,13229396.0,,,,,,,,,,,,,,,,,,,,,,,,,
Oceania,1953,,13527446.0,,,,,,,,,,,,,,,,,,,,,,,,,
Oceania,1954,,13824685.0,,,,,,,,,,,,,,,,,,,,,,,,,
Oceania,1955,,14145499.0,,,,,,,,,,,,,,,,,,,,,,,,,
Oceania,1956,,14484837.0,,,,,,,,,,,,,,,,,,,,,,,,,
Oceania,1957,,14825605.0,,,,,,,,,,,,,,,,,,,,,,,,,
Oceania,1958,,15166229.0,,,,,,,,,,,,,,,,,,,,,,,,,
Oceania,1959,,15510259.0,,,,,,,,,,,,,,,,,,,,,,,,,
Oceania,1960,,15862697.0,,,,,,,,,,,,,,,,,,,,,,,,,
Oceania,1961,,16216895.0,,,,,,,,,,,,,,,,,,,,,,,,,
Oceania,1962,,16560976.0,,,,,,,,,,,,,,,,,,,,,,,,,
Oceania,1963,,16904641.0,,,,,,,,,,,,,,,,,,,,,,,,,
Oceania,1964,,17254690.0,,,,,,,,,,,,,,,,,,,,,,,,,
Oceania,1965,,17617233.0,,510.978,29004.438,89.309,453.844,,10.691,,54.328,19.353,17.709,,9.68,0.0,,0.0,0.0,,0.0,1.644,,1.011,19.353,,10.691
Oceania,1966,,17986091.0,,536.651,29836.986,89.592,478.217,,10.408,,55.552,19.793,18.15,,9.446,0.0,,0.0,0.0,,0.0,1.643,,0.962,19.793,,10.408
Oceania,1967,,18332240.0,,564.434,30789.143,89.891,504.62,,10.109,,56.746,20.251,18.827,,9.316,0.0,,0.0,0.0,,0.0,1.424,,0.793,20.251,,10.109
Oceania,1968,,18670233.0,,595.169,31877.963,89.913,532.271,,10.087,,59.716,21.301,19.724,,9.255,0.0,,0.0,0.0,,0.0,1.577,,0.832,21.301,,10.087
Oceania,1969,,19033793.0,,617.505,32442.584,89.992,552.756,,10.008,,61.471,21.928,20.32,,9.19,0.0,,0.0,0.0,,0.0,1.608,,0.818,21.928,,10.008
Oceania,1970,,19494215.0,,675.91,34672.348,89.848,603.924,,10.152,,68.241,24.375,22.841,,9.439,0.0,,0.0,0.0,,0.0,1.534,,0.713,24.375,,10.152
Oceania,1971,,20036088.0,,709.609,35416.543,89.126,628.615,,10.874,,76.695,27.42,25.901,,10.201,0.0,,0.0,0.0,,0.0,1.519,,0.673,27.42,,10.874
Oceania,1972,,20494156.0,,744.334,36319.309,89.282,660.573,,10.718,,79.297,28.355,26.818,,10.069,0.0,,0.0,0.0,,0.0,1.537,,0.649,28.355,,10.718
Oceania,1973,,20866225.0,,792.332,37971.992,89.717,706.756,,10.283,,81.003,28.964,27.383,,9.656,0.0,,0.0,0.0,,0.0,1.581,,0.627,28.964,,10.283
Oceania,1974,,21228268.0,,836.544,39407.07,89.351,743.106,,10.649,,88.568,31.571,29.063,,9.707,0.0,,0.0,0.0,,0.0,2.508,,0.942,31.571,,10.649
Oceania,1975,,21555937.0,,850.514,39456.141,88.671,749.437,,11.329,,95.753,34.147,31.551,,10.37,0.0,,0.0,0.0,,0.0,2.595,,0.96,34.147,,11.329
Oceania,1976,,21842502.0,,879.946,40285.945,89.679,784.64,,10.321,,90.303,32.192,29.653,,9.414,0.0,,0.0,0.0,,0.0,2.539,,0.907,32.192,,10.321
Oceania,1977,,22114617.0,,919.533,41580.332,90.595,828.727,,9.405,,86.033,30.671,28.264,,8.583,0.0,,0.0,0.0,,0.0,2.407,,0.822,30.671,,9.405
Oceania,1978,,22383486.0,,943.458,42149.727,90.218,846.539,,9.782,,91.783,32.741,30.335,,8.98,0.0,,0.0,0.0,,0.0,2.406,,0.801,32.741,,9.782
Oceania,1979,,22653748.0,,975.322,43053.457,89.896,871.749,,10.104,,97.978,34.985,32.689,,9.364,0.0,,0.0,0.0,,0.0,2.296,,0.74,34.985,,10.104
Oceania,1980,,22954484.0,,978.535,42629.371,89.87,874.381,,10.13,,98.562,35.188,32.831,,9.373,0.0,,0.0,0.0,,0.0,2.356,,0.757,35.188,,10.13
Oceania,1981,,23307534.0,,992.48,42581.941,89.814,886.232,,10.186,,100.504,35.889,33.546,,9.444,0.0,,0.0,0.0,,0.0,2.343,,0.742,35.889,,10.186
Oceania,1982,,23690693.0,,989.074,41749.469,90.437,889.689,,9.563,,94.081,33.559,31.074,,8.774,0.0,,0.0,0.0,,0.0,2.484,,0.789,33.559,,9.563
Oceania,1983,,24064499.0,,986.206,40981.785,90.202,884.673,,9.798,,96.096,34.293,31.875,,9.028,0.0,,0.0,0.0,,0.0,2.417,,0.77,34.293,,9.798
Oceania,1984,,24421103.0,,1024.616,41956.16,90.075,917.798,,9.925,,101.124,36.082,33.503,,9.133,0.0,,0.0,0.0,,0.0,2.579,,0.791,36.082,,9.925
Oceania,1985,,24777609.0,,1050.708,42405.566,90.318,943.773,152.138,9.682,23.738,101.175,36.115,33.648,22.117,8.945,0.0,0.0,0.0,0.0,0.0,0.0,2.466,1.621,0.738,36.115,23.738,9.682
Oceania,1986,,25149869.0,,1078.818,42895.566,89.904,964.344,158.872,10.096,24.338,108.29,38.667,36.123,22.737,9.355,0.0,0.0,0.0,0.0,0.0,0.0,2.543,1.601,0.741,38.667,24.338,10.096
Oceania,1987,,25544592.0,,1105.777,43288.125,90.298,993.004,165.568,9.702,23.006,106.691,38.09,35.542,21.467,8.978,0.0,0.0,0.0,0.0,0.0,0.0,2.548,1.539,0.724,38.09,23.006,9.702
Oceania,1988,,25956460.0,,1156.551,44557.336,90.226,1037.729,174.46,9.774,22.994,112.41,40.115,37.297,21.379,9.008,0.0,0.0,0.0,0.0,0.0,0.0,2.818,1.615,0.766,40.115,22.994,9.774
Oceania,1989,,26377044.0,,1208.957,45833.68,90.618,1089.924,182.791,9.382,21.993,112.845,40.201,36.813,20.139,8.502,0.0,0.0,0.0,0.0,0.0,0.0,3.388,1.854,0.88,40.201,21.993,9.382
Oceania,1990,,26839397.0,,1237.514,46108.129,90.497,1114.212,188.268,9.503,22.127,117.004,41.657,37.945,20.155,8.561,0.0,0.0,0.0,0.0,0.0,0.0,3.712,1.972,0.942,41.657,22.127,9.503
Oceania,1991,,27315331.0,,1234.127,45180.746,90.3,1108.668,191.603,9.7,22.126,119.097,42.395,38.548,20.119,8.721,0.005,0.003,0.001,0.0,0.0,0.0,3.841,2.005,0.978,42.395,22.126,9.7
Oceania,1992,,27746651.0,,1250.922,45083.703,90.794,1130.233,194.611,9.206,20.958,114.594,40.786,37.034,19.03,8.264,0.012,0.006,0.003,0.001,0.0,0.0,3.739,1.921,0.939,40.786,20.958,9.206
Oceania,1993,,28154388.0,,1280.689,45488.078,90.348,1151.14,199.998,9.652,21.893,122.977,43.786,39.88,19.94,8.694,0.015,0.007,0.003,0.003,0.001,0.001,3.888,1.944,0.954,43.786,21.893,9.652
Oceania,1994,,28573089.0,,1332.689,46641.402,90.308,1197.209,205.338,9.692,22.296,128.482,45.782,41.987,20.448,8.798,0.017,0.008,0.004,0.007,0.003,0.001,3.771,1.837,0.889,45.782,22.296,9.692
Oceania,1995,,29025267.0,,1369.205,47172.852,90.307,1229.949,211.634,9.693,22.229,132.017,47.045,43.166,20.396,8.804,0.021,0.01,0.004,0.008,0.004,0.002,3.85,1.819,0.883,47.045,22.229,9.693
Oceania,1996,,29498702.0,,1406.125,47667.34,90.752,1269.68,216.931,9.248,21.246,129.382,46.09,42.151,19.431,8.369,0.026,0.012,0.005,0.015,0.007,0.003,3.898,1.797,0.871,46.09,21.246,9.248
Oceania,1997,,29964609.0,,1435.31,47900.164,91.482,1307.099,226.423,8.518,19.126,121.698,43.306,39.211,17.317,7.623,0.031,0.014,0.006,0.021,0.009,0.004,4.043,1.786,0.884,43.306,19.126,8.518
Oceania,1998,,30420070.0,,1464.353,48137.727,91.209,1329.426,237.247,8.791,19.213,128.14,45.582,41.117,17.331,7.836,0.036,0.015,0.007,0.04,0.017,0.008,4.389,1.85,0.941,45.582,19.213,8.791
Oceania,1999,,30880117.0,,1517.28,49134.531,91.8,1387.014,244.859,8.2,17.975,123.888,44.013,39.201,16.01,7.207,0.041,0.017,0.007,0.082,0.033,0.015,4.69,1.915,0.97,44.013,17.975,8.2
Oceania,2000,,31352968.0,,1534.817,48952.836,91.564,1399.229,263.12,8.436,18.064,128.921,47.53,42.59,16.187,7.435,0.05,0.019,0.008,0.26,0.099,0.046,4.63,1.76,0.947,47.53,18.064,8.436
Oceania,2001,,31847232.0,,1542.868,48445.91,92.239,1417.634,271.6,7.761,16.307,119.282,44.29,39.47,14.532,6.795,0.05,0.018,0.01,0.44,0.162,0.077,4.33,1.594,0.88,44.29,16.307,7.761
Oceania,2002,,32366021.0,,1577.037,48725.098,91.8,1441.579,271.85,8.2,17.646,128.769,47.97,42.59,15.667,7.148,0.06,0.022,0.01,0.69,0.254,0.12,4.63,1.703,0.922,47.97,17.646,8.2
Oceania,2003,,32894563.0,,1588.933,48303.824,92.003,1456.019,274.93,7.997,17.204,126.554,47.3,41.38,15.051,6.858,0.06,0.022,0.011,0.85,0.309,0.146,5.01,1.822,0.981,47.3,17.204,7.997
Oceania,2004,,33419063.0,,1639.124,49047.582,91.48,1493.241,280.52,8.52,18.53,139.071,51.98,44.47,15.853,7.127,0.07,0.025,0.012,1.17,0.417,0.192,6.27,2.235,1.189,51.98,18.53,8.52
Oceania,2005,,33956165.0,,1639.109,48271.324,91.801,1498.957,282.57,8.199,17.808,133.882,50.32,40.35,14.28,6.387,0.08,0.028,0.014,1.93,0.683,0.315,7.96,2.817,1.47,50.32,17.808,8.199
Oceania,2006,,34540362.0,,1701.102,49249.695,91.949,1558.537,290.18,8.051,17.644,136.467,51.2,40.01,13.788,6.076,0.1,0.034,0.015,2.81,0.968,0.439,8.28,2.853,1.476,51.2,17.644,8.051
Oceania,2007,,35190049.0,,1735.617,49321.234,92.162,1594.319,295.74,7.838,17.333,135.594,51.26,38.47,13.008,5.641,0.11,0.037,0.018,3.82,1.292,0.581,8.86,2.996,1.542,51.26,17.333,7.838
Oceania,2008,,35890355.0,,1761.85,49089.805,92.566,1626.099,297.89,7.434,16.634,130.584,49.55,36.0,12.085,5.131,0.14,0.047,0.021,4.56,1.531,0.678,8.85,2.971,1.528,49.55,16.634,7.434
Oceania,2009,,36593549.0,,1739.068,47523.887,91.867,1592.746,302.01,8.133,17.685,140.997,53.41,38.59,12.778,5.58,0.29,0.096,0.044,5.95,1.97,0.895,8.58,2.841,1.509,53.41,17.685,8.133
Oceania,2010,,37254088.0,,1743.971,46812.887,91.321,1587.662,304.99,8.679,18.656,150.898,56.9,40.07,13.138,5.763,0.98,0.321,0.147,6.67,2.187,0.992,9.18,3.01,1.627,56.9,18.656,8.679
Oceania,2011,,37890098.0,,1794.691,47365.691,90.177,1612.519,310.01,9.823,21.448,175.649,66.49,46.48,14.993,6.474,2.05,0.661,0.297,8.42,2.716,1.215,9.54,3.077,1.662,66.49,21.448,9.823
Oceania,2012,,38550537.0,,1773.964,46016.578,90.408,1598.67,304.32,9.592,21.129,169.61,64.3,41.84,13.749,5.82,2.42,0.795,0.352,9.85,3.237,1.429,10.19,3.348,1.818,64.3,21.129,9.592
Oceania,2013,,39233938.0,,1795.159,45755.254,89.743,1605.263,302.63,10.257,23.098,183.468,69.9,44.04,14.552,6.022,3.88,1.282,0.551,11.32,3.741,1.613,10.66,3.522,1.906,69.9,23.098,10.257
Oceania,2014,,39918746.0,,1817.133,45520.797,89.946,1629.508,301.73,10.054,22.924,182.136,69.17,40.45,13.406,5.45,5.0,1.657,0.698,12.04,3.99,1.684,11.68,3.871,2.054,69.17,22.924,10.054
Oceania,2015,,40615015.0,,1853.843,45644.281,89.652,1657.161,308.89,10.348,23.714,191.267,73.25,40.31,13.05,5.289,6.32,2.046,0.854,14.25,4.613,1.944,12.37,4.005,2.137,73.25,23.714,10.348
Oceania,2016,,41347231.0,,1862.573,45047.117,88.805,1648.113,313.3,11.195,25.758,207.765,80.7,45.22,14.433,5.898,7.64,2.439,1.015,15.42,4.922,2.082,12.42,3.964,2.117,80.7,25.758,11.195
Oceania,2017,,42093989.0,,1861.863,44231.082,89.324,1657.928,314.34,10.676,24.547,198.164,77.16,40.28,12.814,5.209,9.18,2.92,1.212,15.33,4.877,2.061,12.37,3.935,2.111,77.16,24.547,10.676
Oceania,2018,,42815501.0,,1884.354,44011.016,87.984,1651.521,318.41,12.016,27.766,225.553,88.41,45.28,14.221,5.774,12.66,3.976,1.648,18.36,5.766,2.429,12.11,3.803,2.079,88.41,27.766,12.016
Oceania,2019,,43504534.0,,1943.857,44681.719,87.708,1697.711,321.55,12.292,29.227,237.925,93.98,41.41,12.878,5.066,18.74,5.828,2.356,21.77,6.77,2.778,12.06,3.751,2.01,93.98,29.227,12.292
Oceania,2020,,44079305.0,,1824.715,41396.184,85.876,1559.212,320.02,14.124,31.898,256.441,102.08,40.55,12.671,5.261,24.34,7.606,3.265,24.95,7.796,3.388,12.24,3.825,2.139,102.08,31.898,14.124
Oceania,2021,,44558542.0,,1825.173,40961.238,84.059,1525.275,322.61,15.941,35.864,289.251,115.7,42.12,13.056,5.454,31.79,9.854,4.263,29.46,9.132,3.996,12.33,3.822,2.156,115.7,35.864,15.941
Oceania,2022,,45049680.0,,1893.499,42031.363,83.024,1562.038,328.16,16.976,39.005,319.4,128.0,44.75,13.637,5.607,38.35,11.686,4.94,32.98,10.05,4.299,11.92,3.632,2.057,128.0,39.005,16.976
Oceania,2023,,45563135.0,,1897.11,41636.957,82.114,1545.906,328.18,17.886,41.648,336.735,136.68,43.62,13.291,5.396,45.88,13.98,5.878,35.42,10.793,4.548,11.76,3.583,1.994,136.68,41.648,17.886
Oceania,2024,,46089066.0,,1905.239,41338.191,81.817,1548.184,337.88,18.183,41.396,344.068,139.87,38.66,11.442,4.724,51.18,15.147,6.55,37.09,10.977,4.73,12.94,3.83,2.111,139.87,41.396,18.183
Oceania (Ember),2000,,,,,,,,263.12,,18.064,,47.53,42.59,16.187,,0.05,0.019,,0.26,0.099,,4.63,1.76,,47.53,18.064,
Oceania (Ember),2001,,,,,,,,271.6,,16.307,,44.29,39.47,14.532,,0.05,0.018,,0.44,0.162,,4.33,1.594,,44.29,16.307,
Oceania (Ember),2002,,,,,,,,271.85,,17.646,,47.97,42.59,15.667,,0.06,0.022,,0.69,0.254,,4.63,1.703,,47.97,17.646,
Oceania (Ember),2003,,,,,,,,274.93,,17.204,,47.3,41.38,15.051,,0.06,0.022,,0.85,0.309,,5.01,1.822,,47.3,17.204,
Oceania (Ember),2004,,,,,,,,280.52,,18.53,,51.98,44.47,15.853,,0.07,0.025,,1.17,0.417,,6.27,2.235,,51.98,18.53,
Oceania (Ember),2005,,,,,,,,282.57,,17.808,,50.32,40.35,14.28,,0.08,0.028,,1.93,0.683,,7.96,2.817,,50.32,17.808,
Oceania (Ember),2006,,,,,,,,290.18,,17.644,,51.2,40.01,13.788,,0.1,0.034,,2.81,0.968,,8.28,2.853,,51.2,17.644,
Oceania (Ember),2007,,,,,,,,295.74,,17.333,,51.26,38.47,13.008,,0.11,0.037,,3.82,1.292,,8.86,2.996,,51.26,17.333,
Oceania (Ember),2008,,,,,,,,297.89,,16.634,,49.55,36.0,12.085,,0.14,0.047,,4.56,1.531,,8.85,2.971,,49.55,16.634,
Oceania (Ember),2009,,,,,,,,302.01,,17.685,,53.41,38.59,12.778,,0.29,0.096,,5.95,1.97,,8.58,2.841,,53.41,17.685,
Oceania (Ember),2010,,,,,,,,304.99,,18.656,,56.9,40.07,13.138,,0.98,0.321,,6.67,2.187,,9.18,3.01,,56.9,18.656,
Oceania (Ember),2011,,,,,,,,310.01,,21.448,,66.49,46.48,14.993,,2.05,0.661,,8.42,2.716,,9.54,3.077,,66.49,21.448,
Oceania (Ember),2012,,,,,,,,304.32,,21.129,,64.3,41.84,13.749,,2.42,0.795,,9.85,3.237,,10.19,3.348,,64.3,21.129,
Oceania (Ember),2013,,,,,,,,302.63,,23.098,,69.9,44.04,14.552,,3.88,1.282,,11.32,3.741,,10.66,3.522,,69.9,23.098,
Oceania (Ember),2014,,,,,,,,301.73,,22.924,,69.17,40.45,13.406,,5.0,1.657,,12.04,3.99,,11.68,3.871,,69.17,22.924,
Oceania (Ember),2015,,,,,,,,308.89,,23.714,,73.25,40.31,13.05,,6.32,2.046,,14.25,4.613,,12.37,4.005,,73.25,23.714,
Oceania (Ember),2016,,,,,,,,313.3,,25.758,,80.7,45.22,14.433,,7.64,2.439,,15.42,4.922,,12.42,3.964,,80.7,25.758,
Oceania (Ember),2017,,,,,,,,314.34,,24.547,,77.16,40.28,12.814,,9.18,2.92,,15.33,4.877,,12.37,3.935,,77.16,24.547,
Oceania (Ember),2018,,,,,,,,318.41,,27.766,,88.41,45.28,14.221,,12.66,3.976,,18.36,5.766,,12.11,3.803,,88.41,27.766,
Oceania (Ember),2019,,,,,,,,321.55,,29.227,,93.98,41.41,12.878,,18.74,5.828,,21.77,6.77,,12.06,3.751,,93.98,29.227,
Oceania (Ember),2020,,,,,,,,320.02,,31.898,,102.08,40.55,12.671,,24.34,7.606,,24.95,7.796,,12.24,3.825,,102.08,31.898,
Oceania (Ember),2021,,,,,,,,322.61,,35.864,,115.7,42.12,13.056,,31.79,9.854,,29.46,9.132,,12.33,3.822,,115.7,35.864,
Oceania (Ember),2022,,,,,,,,328.16,,39.005,,128.0,44.75,13.637,,38.35,11.686,,32.98,10.05,,11.92,3.632,,128.0,39.005,
Oceania (Ember),2023,,,,,,,,328.18,,41.648,,136.68,43.62,13.291,,45.88,13.98,,35.42,10.793,,11.76,3.583,,136.68,41.648,
Oceania (Ember),2024,,,,,,,,337.96,,41.395,,139.9,38.67,11.442,,51.19,15.147,,37.1,10.978,,12.94,3.829,,139.9,41.395,
Oceania (Ember),2025,,,,,,,,342.16,,44.523,,152.34,38.36,11.211,,57.16,16.706,,43.54,12.725,,13.28,3.881,,152.34,44.523,
Other Africa (EI),1965,,,,,,,,,,,,,,,,,,,,,,,,,,,
Other Africa (EI),1966,,,,,,,,,,,,,,,,,,,,,,,,,,,
Other Africa (EI),1967,,,,,,,,,,,,,,,,,,,,,,,,,,,
Other Africa (EI),1968,,,,,,,,,,,,,,,,,,,,,,,,,,,
Other Africa (EI),1969,,,,,,,,,,,,,,,,,,,,,,,,,,,
Other Africa (EI),1970,,,,,,,,,,,,,,,,,,,,,,,,,,,
Other Africa (EI),1971,,,,,,,,,,,,,,,,,,,,,,,,,,,
Other Africa (EI),1972,,,,,,,,,,,,,,,,,,,,,,,,,,,
Other Africa (EI),1973,,,,,,,,,,,,,,,,,,,,,,,,,,,
Other Africa (EI),1974,,,,,,,,,,,,,,,,,,,,,,,,,,,
Other Africa (EI),1975,,,,,,,,,,,,,,,,,,,,,,,,,,,
Other Africa (EI),1976,,,,,,,,,,,,,,,,,,,,,,,,,,,
Other Africa (EI),1977,,,,,,,,,,,,,,,,,,,,,,,,,,,
Other Africa (EI),1978,,,,,,,,,,,,,,,,,,,,,,,,,,,
Other Africa (EI),1979,,,,,,,,,,,,,,,,,,,,,,,,,,,
Other Africa (EI),1980,,,,,,,,,,,,,,,,,,,,,,,,,,,
Other Africa (EI),1981,,,,,,,,,,,,,,,,,,,,,,,,,,,
Other Africa (EI),1982,,,,,,,,,,,,,,,,,,,,,,,,,,,
Other Africa (EI),1983,,,,,,,,,,,,,,,,,,,,,,,,,,,
Other Africa (EI),1984,,,,,,,,,,,,,,,,,,,,,,,,,,,
Other Africa (EI),1985,,,,,,,,,,,,,,,,,,,,,,,,,,,
Other Africa (EI),1986,,,,,,,,,,,,,,,,,,,,,,,,,,,
Other Africa (EI),1987,,,,,,,,,,,,,,,,,,,,,,,,,,,
Other Africa (EI),1988,,,,,,,,,,,,,,,,,,,,,,,,,,,
Other Africa (EI),1989,,,,,,,,,,,,,,,,,,,,,,,,,,,
Other Africa (EI),1990,,,,,,,,,,,,,,,,,,,,,,,,,,,
Other Africa (EI),1991,,,,,,,,,,,,,,,,,,,,,,,,,,,
Other Africa (EI),1992,,,,,,,,,,,,,,,,,,,,,,,,,,,
Other Africa (EI),1993,,,,,,,,,,,,,,,,,,,,,,,,,,,
Other Africa (EI),1994,,,,,,,,,,,,,,,,,,,,,,,,,,,
Other Africa (EI),1995,,,,,,,,,,,,,,,,,,,,,,,,,,,
Other Africa (EI),1996,,,,,,,,,,,,,,,,,,,,,,,,,,,
Other Africa (EI),1997,,,,,,,,,,,,,,,,,,,,,,,,,,,
Other Africa (EI),1998,,,,,,,,,,,,,,,,,,,,,,,,,,,
Other Africa (EI),1999,,,,,,,,,,,,,,,,,,,,,,,,,,,
Other Africa (EI),2000,,,,,,,,,,,,,,,,,,,,,,,,,,,
Other Africa (EI),2001,,,,,,,,,,,,,,,,,,,,,,,,,,,
Other Africa (EI),2002,,,,,,,,,,,,,,,,,,,,,,,,,,,
Other Africa (EI),2003,,,,,,,,,,,,,,,,,,,,,,,,,,,
Other Africa (EI),2004,,,,,,,,,,,,,,,,,,,,,,,,,,,
Other Africa (EI),2005,,,,,,,,,,,,,,,,,,,,,,,,,,,
Other Africa (EI),2006,,,,,,,,,,,,,,,,,,,,,,,,,,,
Other Africa (EI),2007,,,,,,,,,,,,,,,,,,,,,,,,,,,
Other Africa (EI),2008,,,,,,,,,,,,,,,,,,,,,,,,,,,
Other Africa (EI),2009,,,,,,,,,,,,,,,,,,,,,,,,,,,
Other Africa (EI),2010,,,,,,,,,,,,,,,,,,,,,,,,,,,
Other Africa (EI),2011,,,,,,,,,,,,,,,,,,,,,,,,,,,
Other Africa (EI),2012,,,,,,,,,,,,,,,,,,,,,,,,,,,
Other Africa (EI),2013,,,,,,,,,,,,,,,,,,,,,,,,,,,
Other Africa (EI),2014,,,,,,,,,,,,,,,,,,,,,,,,,,,
Other Africa (EI),2015,,,,,,,,,,,,,,,,,,,,,,,,,,,
Other Africa (EI),2016,,,,,,,,,,,,,,,,,,,,,,,,,,,
Other Africa (EI),2017,,,,,,,,,,,,,,,,,,,,,,,,,,,
Other Africa (EI),2018,,,,,,,,,,,,,,,,,,,,,,,,,,,
Other Africa (EI),2019,,,,,,,,,,,,,,,,,,,,,,,,,,,
Other Africa (EI),2020,,,,,,,,,,,,,,,,,,,,,,,,,,,
Other Africa (EI),2021,,,,,,,,,,,,,,,,,,,,,,,,,,,
Other Africa (EI),2022,,,,,,,,,,,,,,,,,,,,,,,,,,,
Other Africa (EI),2023,,,,,,,,,,,,,,,,,,,,,,,,,,,
Other Africa (EI),2024,,,,,,,,,,,,,,,,,,,,,,,,,,,
Other Americas (EIA),1980,,,,1958.284,,,,,,,,,,,,,,,,,,,,,,,
Other Americas (EIA),1981,,,,1978.577,,,,,,,,,,,,,,,,,,,,,,,
Other Americas (EIA),1982,,,,1994.692,,,,,,,,,,,,,,,,,,,,,,,
Other Americas (EIA),1983,,,,1956.987,,,,,,,,,,,,,,,,,,,,,,,
Other Americas (EIA),1984,,,,2027.268,,,,,,,,,,,,,,,,,,,,,,,
Other Americas (EIA),1985,,,,2009.947,,,,,,,,,,,,,,,,,,,,,,,
Other Americas (EIA),1986,,,,2088.342,,,,,,,,,,,,,,,,,,,,,,,
Other Americas (EIA),1987,,,,2091.937,,,,,,,,,,,,,,,,,,,,,,,
Other Americas (EIA),1988,,,,2149.989,,,,,,,,,,,,,,,,,,,,,,,
Other Americas (EIA),1989,,,,2225.022,,,,,,,,,,,,,,,,,,,,,,,
Other Americas (EIA),1990,,,,2221.963,,,,,,,,,,,,,,,,,,,,,,,
Other Americas (EIA),1991,,,,2255.24,,,,,,,,,,,,,,,,,,,,,,,
Other Americas (EIA),1992,,,,2313.78,,,,,,,,,,,,,,,,,,,,,,,
Other Americas (EIA),1993,,,,2430.319,,,,,,,,,,,,,,,,,,,,,,,
Other Americas (EIA),1994,,,,2516.735,,,,,,,,,,,,,,,,,,,,,,,
Other Americas (EIA),1995,,,,2618.502,,,,,,,,,,,,,,,,,,,,,,,
Other Americas (EIA),1996,,,,2738.186,,,,,,,,,,,,,,,,,,,,,,,
Other Americas (EIA),1997,,,,2862.494,,,,,,,,,,,,,,,,,,,,,,,
Other Americas (EIA),1998,,,,2985.478,,,,,,,,,,,,,,,,,,,,,,,
Other Americas (EIA),1999,,,,2902.036,,,,,,,,,,,,,,,,,,,,,,,
Other Americas (EIA),2000,,,,3144.486,,,,,,,,,,,,,,,,,,,,,,,
Other Americas (EIA),2001,,,,3243.378,,,,,,,,,,,,,,,,,,,,,,,
Other Americas (EIA),2002,,,,3201.962,,,,,,,,,,,,,,,,,,,,,,,
Other Americas (EIA),2003,,,,3282.268,,,,,,,,,,,,,,,,,,,,,,,
Other Americas (EIA),2004,,,,3491.767,,,,,,,,,,,,,,,,,,,,,,,
Other Americas (EIA),2005,,,,3585.624,,,,,,,,,,,,,,,,,,,,,,,
Other Americas (EIA),2006,,,,3767.256,,,,,,,,,,,,,,,,,,,,,,,
Other Americas (EIA),2007,,,,3802.099,,,,,,,,,,,,,,,,,,,,,,,
Other Americas (EIA),2008,,,,3933.285,,,,,,,,,,,,,,,,,,,,,,,
Other Americas (EIA),2009,,,,3850.474,,,,,,,,,,,,,,,,,,,,,,,
Other Americas (EIA),2010,,,,4002.095,,,,,,,,,,,,,,,,,,,,,,,
Other Americas (EIA),2011,,,,4085.651,,,,,,,,,,,,,,,,,,,,,,,
Other Americas (EIA),2012,,,,4261.17,,,,,,,,,,,,,,,,,,,,,,,
Other Americas (EIA),2013,,,,4260.789,,,,,,,,,,,,,,,,,,,,,,,
Other Americas (EIA),2014,,,,4291.297,,,,,,,,,,,,,,,,,,,,,,,
Other Americas (EIA),2015,,,,4351.359,,,,,,,,,,,,,,,,,,,,,,,
Other Americas (EIA),2016,,,,4338.748,,,,,,,,,,,,,,,,,,,,,,,
Other Americas (EIA),2017,,,,4233.787,,,,,,,,,,,,,,,,,,,,,,,
Other Americas (EIA),2018,,,,4144.295,,,,,,,,,,,,,,,,,,,,,,,
Other Americas (EIA),2019,,,,4117.293,,,,,,,,,,,,,,,,,,,,,,,
Other Americas (EIA),2020,,,,3539.097,,,,,,,,,,,,,,,,,,,,,,,
Other Americas (EIA),2021,,,,3909.563,,,,,,,,,,,,,,,,,,,,,,,
Other Americas (EIA),2022,,,,4068.842,,,,,,,,,,,,,,,,,,,,,,,
Other Americas (EIA),2023,,,,4054.715,,,,,,,,,,,,,,,,,,,,,,,
Other Asia Pacific (EI),1965,,,,201.026,,85.993,171.32,,14.007,,27.906,,,,14.007,,,0.0,,,0.0,,,0.0,,,14.007
Other Asia Pacific (EI),1966,,,,212.426,,86.774,182.77,,13.226,,27.858,,,,13.226,,,0.0,,,0.0,,,0.0,,,13.226
Other Asia Pacific (EI),1967,,,,229.614,,87.511,199.331,,12.489,,28.447,,,,12.489,,,0.0,,,0.0,,,0.0,,,12.489
Other Asia Pacific (EI),1968,,,,246.173,,88.338,215.84,,11.662,,28.494,,,,11.662,,,0.0,,,0.0,,,0.0,,,11.662
Other Asia Pacific (EI),1969,,,,260.668,,88.896,230.075,,11.104,,28.739,,,,11.104,,,0.0,,,0.0,,,0.0,,,11.104
Other Asia Pacific (EI),1970,,,,277.628,,89.547,246.943,,10.453,,28.825,,,,10.453,,,0.0,,,0.0,,,0.0,,,10.453
Other Asia Pacific (EI),1971,,,,303.994,,90.206,272.5,,9.794,,29.586,,,,9.794,,,0.0,,,0.0,,,0.0,,,9.794
Other Asia Pacific (EI),1972,,,,320.86,,90.365,288.153,,9.635,,30.725,,,,9.635,,,0.0,,,0.0,,,0.0,,,9.635
Other Asia Pacific (EI),1973,,,,330.533,,90.499,297.308,,9.501,,31.211,,,,9.501,,,0.0,,,0.0,,,0.0,,,9.501
Other Asia Pacific (EI),1974,,,,353.547,,90.897,319.488,,9.103,,31.994,,,,9.103,,,0.0,,,0.0,,,0.0,,,9.103
Other Asia Pacific (EI),1975,,,,355.938,,90.68,320.836,,9.32,,32.975,,,,9.32,,,0.0,,,0.0,,,0.0,,,9.32
Other Asia Pacific (EI),1976,,,,378.109,,90.889,341.649,,9.111,,34.25,,,,9.111,,,0.0,,,0.0,,,0.0,,,9.111
Other Asia Pacific (EI),1977,,,,396.212,,91.185,359.244,,8.815,,34.728,,,,8.815,,,0.0,,,0.0,,,0.0,,,8.815
Other Asia Pacific (EI),1978,,,,417.161,,91.367,379.036,,8.633,,35.814,,,,8.633,,,0.0,,,0.0,,,0.0,,,8.633
Other Asia Pacific (EI),1979,,,,448.708,,91.417,407.937,,8.583,,38.3,,,,8.583,,,0.0,,,0.0,,,0.0,,,8.583
Other Asia Pacific (EI),1980,,,,477.361,,91.867,436.246,,8.133,,38.623,,,,8.133,,,0.0,,,0.0,,,0.0,,,8.133
Other Asia Pacific (EI),1981,,,,492.388,,92.007,450.706,,7.993,,39.156,,,,7.993,,,0.0,,,0.0,,,0.0,,,7.993
Other Asia Pacific (EI),1982,,,,513.125,,92.06,469.975,,7.94,,40.535,,,,7.94,,,0.0,,,0.0,,,0.0,,,7.94
Other Asia Pacific (EI),1983,,,,531.338,,92.222,487.566,,7.778,,41.12,,,,7.778,,,0.0,,,0.0,,,0.0,,,7.778
Other Asia Pacific (EI),1984,,,,550.541,,92.288,505.57,,7.712,,42.245,,,,7.711,,,0.0,,,0.0,,,0.001,,,7.712
Other Asia Pacific (EI),1985,,,,574.231,,91.866,524.767,,8.134,,46.466,,,,8.131,,,0.0,,,0.0,,,0.004,,,8.134
Other Asia Pacific (EI),1986,,,,586.47,,91.525,533.851,,8.475,,49.43,,,,8.472,,,0.0,,,0.0,,,0.002,,,8.475
Other Asia Pacific (EI),1987,,,,569.469,,90.771,513.856,,9.229,,52.243,,,,9.225,,,0.0,,,0.0,,,0.003,,,9.229
Other Asia Pacific (EI),1988,,,,578.184,,89.949,516.72,,10.051,,57.74,,,,10.047,,,0.0,,,0.0,,,0.004,,,10.051
Other Asia Pacific (EI),1989,,,,562.655,,89.404,499.623,,10.596,,59.212,,,,10.592,,,0.0,,,0.0,,,0.004,,,10.596
Other Asia Pacific (EI),1990,,,,553.403,,88.726,487.47,,11.274,,61.94,,,,11.262,,,0.0,,,0.0,,,0.012,,,11.274
Other Asia Pacific (EI),1991,,,,534.47,,88.697,470.632,,11.303,,59.972,,,,11.288,,,0.0,,,0.0,,,0.015,,,11.303
Other Asia Pacific (EI),1992,,,,485.759,,88.078,424.583,,11.922,,57.472,,,,11.905,,,0.0,,,0.0,,,0.017,,,11.922
Other Asia Pacific (EI),1993,,,,465.299,,87.807,405.381,,12.193,,56.29,,,,12.177,,,0.0,,,0.0,,,0.016,,,12.193
Other Asia Pacific (EI),1994,,,,446.13,,86.643,383.242,,13.357,,59.08,,,,13.337,,,0.0,,,0.0,,,0.02,,,13.357
Other Asia Pacific (EI),1995,,,,441.559,,86.215,377.338,,13.785,,60.333,,,,13.762,,,0.0,,,0.0,,,0.023,,,13.785
Other Asia Pacific (EI),1996,,,,412.21,,85.919,350.984,,14.081,,57.52,,,,14.059,,,0.0,,,0.001,,,0.021,,,14.081
Other Asia Pacific (EI),1997,,,,408.282,,87.235,353.26,,12.765,,51.69,,,,12.746,,,0.0,,,0.003,,,0.015,,,12.765
Other Asia Pacific (EI),1998,,,,391.348,,86.841,336.993,,13.159,,51.063,,,,13.141,,,0.0,,,0.004,,,0.013,,,13.159
Other Asia Pacific (EI),1999,,,,413.578,,86.724,355.627,,13.276,,54.44,,,,13.263,,,0.0,,,0.004,,,0.009,,,13.276
Other Asia Pacific (EI),2000,,,,447.608,,86.44,383.572,,13.56,,60.173,,,,13.458,,,0.001,,,0.005,,,0.097,,,13.56
Other Asia Pacific (EI),2001,,,,463.451,,86.312,396.587,,13.688,,62.895,,,,13.558,,,0.002,,,0.004,,,0.124,,,13.688
Other Asia Pacific (EI),2002,,,,450.701,,85.838,383.342,,14.162,,63.248,,,,14.034,,,0.002,,,0.005,,,0.121,,,14.162
Other Asia Pacific (EI),2003,,,,475.245,,85.889,404.553,,14.111,,66.468,,,,13.946,,,0.003,,,0.003,,,0.159,,,14.111
Other Asia Pacific (EI),2004,,,,487.675,,85.638,413.914,,14.362,,69.418,,,,14.19,,,0.004,,,0.006,,,0.162,,,14.362
Other Asia Pacific (EI),2005,,,,512.025,,85.404,433.246,,14.596,,74.045,,,,14.388,,,0.004,,,0.009,,,0.195,,,14.596
Other Asia Pacific (EI),2006,,,,533.818,,85.001,449.506,,14.999,,79.318,,,,14.778,,,0.005,,,0.014,,,0.201,,,14.999
Other Asia Pacific (EI),2007,,,,520.299,,82.91,426.945,,17.09,,88.004,,,,16.732,,,0.005,,,0.021,,,0.332,,,17.09
Other Asia Pacific (EI),2008,,,,539.697,,82.582,440.932,,17.418,,93.001,,,,16.967,,,0.009,,,0.022,,,0.42,,,17.418
Other Asia Pacific (EI),2009,,,,542.482,,82.871,444.93,,17.129,,91.967,,,,16.661,,,0.011,,,0.028,,,0.428,,,17.129
Other Asia Pacific (EI),2010,,,,595.702,,81.477,479.752,,18.523,,109.064,,,,18.103,,,0.014,,,0.03,,,0.376,,,18.523
Other Asia Pacific (EI),2011,,,,582.469,,78.392,450.514,,21.608,,124.183,,,,21.175,,,0.023,,,0.027,,,0.384,,,21.608
Other Asia Pacific (EI),2012,,,,600.965,,78.796,467.41,,21.204,,125.783,,,,20.779,,,0.04,,,0.032,,,0.353,,,21.204
Other Asia Pacific (EI),2013,,,,596.415,,75.097,440.875,,24.903,,146.197,,,,24.443,,,0.049,,,0.053,,,0.358,,,24.903
Other Asia Pacific (EI),2014,,,,635.419,,77.314,484.345,,22.686,,142.123,,,,22.193,,,0.062,,,0.081,,,0.351,,,22.686
Other Asia Pacific (EI),2015,,,,661.022,,79.699,520.275,,20.301,,132.523,,,,19.796,,,0.092,,,0.091,,,0.322,,,20.301
Other Asia Pacific (EI),2016,,,,700.367,,77.57,535.572,,22.43,,154.861,,,,21.937,,,0.125,,,0.08,,,0.289,,,22.43
Other Asia Pacific (EI),2017,,,,854.421,,80.619,680.47,,19.381,,163.59,,,,18.913,,,0.144,,,0.064,,,0.26,,,19.381
Other Asia Pacific (EI),2018,,,,908.324,,80.085,718.475,,19.915,,178.663,,,,19.376,,,0.182,,,0.111,,,0.246,,,19.915
Other Asia Pacific (EI),2019,,,,957.638,,82.425,780.56,,17.575,,166.438,,,,16.953,,,0.226,,,0.14,,,0.256,,,17.575
Other Asia Pacific (EI),2020,,,,985.237,,80.468,783.179,,19.532,,190.107,,,,18.874,,,0.292,,,0.126,,,0.24,,,19.532
Other Asia Pacific (EI),2021,,,,966.814,,77.518,739.191,,22.482,,214.382,,,,21.669,,,0.425,,,0.154,,,0.234,,,22.482
Other Asia Pacific (EI),2022,,,,1025.461,,75.888,766.982,,24.112,,243.696,,,,23.282,,,0.485,,,0.131,,,0.214,,,24.112
Other Asia Pacific (EI),2023,,,,1056.272,,76.781,799.042,,23.219,,241.632,,,,22.34,,,0.533,,,0.134,,,0.212,,,23.219
Other Asia Pacific (EI),2024,,,,1082.877,,75.451,805.037,,24.549,,261.926,,,,23.574,,,0.623,,,0.137,,,0.214,,,24.549
Other Asia-Pacific (EIA),1980,,,,1947.687,,,,,,,,,,,,,,,,,,,,,,,
Other Asia-Pacific (EIA),1981,,,,2021.62,,,,,,,,,,,,,,,,,,,,,,,
Other Asia-Pacific (EIA),1982,,,,2093.61,,,,,,,,,,,,,,,,,,,,,,,
Other Asia-Pacific (EIA),1983,,,,2197.408,,,,,,,,,,,,,,,,,,,,,,,
Other Asia-Pacific (EIA),1984,,,,2346.506,,,,,,,,,,,,,,,,,,,,,,,
Other Asia-Pacific (EIA),1985,,,,2378.354,,,,,,,,,,,,,,,,,,,,,,,
Other Asia-Pacific (EIA),1986,,,,2492.222,,,,,,,,,,,,,,,,,,,,,,,
Other Asia-Pacific (EIA),1987,,,,2652.002,,,,,,,,,,,,,,,,,,,,,,,
Other Asia-Pacific (EIA),1988,,,,2893.647,,,,,,,,,,,,,,,,,,,,,,,
Other Asia-Pacific (EIA),1989,,,,3064.323,,,,,,,,,,,,,,,,,,,,,,,
Other Asia-Pacific (EIA),1990,,,,3268.209,,,,,,,,,,,,,,,,,,,,,,,
Other Asia-Pacific (EIA),1991,,,,3449.784,,,,,,,,,,,,,,,,,,,,,,,
Other Asia-Pacific (EIA),1992,,,,3644.662,,,,,,,,,,,,,,,,,,,,,,,
Other Asia-Pacific (EIA),1993,,,,3976.843,,,,,,,,,,,,,,,,,,,,,,,
Other Asia-Pacific (EIA),1994,,,,4294.446,,,,,,,,,,,,,,,,,,,,,,,
Other Asia-Pacific (EIA),1995,,,,4603.654,,,,,,,,,,,,,,,,,,,,,,,
Other Asia-Pacific (EIA),1996,,,,4974.707,,,,,,,,,,,,,,,,,,,,,,,
Other Asia-Pacific (EIA),1997,,,,5205.622,,,,,,,,,,,,,,,,,,,,,,,
Other Asia-Pacific (EIA),1998,,,,5211.789,,,,,,,,,,,,,,,,,,,,,,,
Other Asia-Pacific (EIA),1999,,,,5597.546,,,,,,,,,,,,,,,,,,,,,,,
Other Asia-Pacific (EIA),2000,,,,5893.971,,,,,,,,,,,,,,,,,,,,,,,
Other Asia-Pacific (EIA),2001,,,,5976.463,,,,,,,,,,,,,,,,,,,,,,,
Other Asia-Pacific (EIA),2002,,,,6260.847,,,,,,,,,,,,,,,,,,,,,,,
Other Asia-Pacific (EIA),2003,,,,6543.334,,,,,,,,,,,,,,,,,,,,,,,
Other Asia-Pacific (EIA),2004,,,,6979.552,,,,,,,,,,,,,,,,,,,,,,,
Other Asia-Pacific (EIA),2005,,,,7251.505,,,,,,,,,,,,,,,,,,,,,,,
Other Asia-Pacific (EIA),2006,,,,7594.053,,,,,,,,,,,,,,,,,,,,,,,
Other Asia-Pacific (EIA),2007,,,,8005.108,,,,,,,,,,,,,,,,,,,,,,,
Other Asia-Pacific (EIA),2008,,,,8134.822,,,,,,,,,,,,,,,,,,,,,,,
Other Asia-Pacific (EIA),2009,,,,8297.73,,,,,,,,,,,,,,,,,,,,,,,
Other Asia-Pacific (EIA),2010,,,,8921.639,,,,,,,,,,,,,,,,,,,,,,,
Other Asia-Pacific (EIA),2011,,,,9012.936,,,,,,,,,,,,,,,,,,,,,,,
Other Asia-Pacific (EIA),2012,,,,9267.212,,,,,,,,,,,,,,,,,,,,,,,
Other Asia-Pacific (EIA),2013,,,,9472.458,,,,,,,,,,,,,,,,,,,,,,,
Other Asia-Pacific (EIA),2014,,,,9787.848,,,,,,,,,,,,,,,,,,,,,,,
Other Asia-Pacific (EIA),2015,,,,10069.963,,,,,,,,,,,,,,,,,,,,,,,
Other Asia-Pacific (EIA),2016,,,,10477.019,,,,,,,,,,,,,,,,,,,,,,,
Other Asia-Pacific (EIA),2017,,,,10913.265,,,,,,,,,,,,,,,,,,,,,,,
Other Asia-Pacific (EIA),2018,,,,11497.018,,,,,,,,,,,,,,,,,,,,,,,
Other Asia-Pacific (EIA),2019,,,,11774.534,,,,,,,,,,,,,,,,,,,,,,,
Other Asia-Pacific (EIA),2020,,,,11024.58,,,,,,,,,,,,,,,,,,,,,,,
Other Asia-Pacific (EIA),2021,,,,11386.148,,,,,,,,,,,,,,,,,,,,,,,
Other Asia-Pacific (EIA),2022,,,,12216.85,,,,,,,,,,,,,,,,,,,,,,,
Other Asia-Pacific (EIA),2023,,,,12988.668,,,,,,,,,,,,,,,,,,,,,,,
Other CIS (EI),1965,,,,0.0,,,0.0,,,,0.0,,,,,,,,,,,,,,,,
Other CIS (EI),1966,,,,0.0,,,0.0,,,,0.0,,,,,,,,,,,,,,,,
Other CIS (EI),1967,,,,0.0,,,0.0,,,,0.0,,,,,,,,,,,,,,,,
Other CIS (EI),1968,,,,0.0,,,0.0,,,,0.0,,,,,,,,,,,,,,,,
Other CIS (EI),1969,,,,0.0,,,0.0,,,,0.0,,,,,,,,,,,,,,,,
Other CIS (EI),1970,,,,0.0,,,0.0,,,,0.0,,,,,,,,,,,,,,,,
Other CIS (EI),1971,,,,0.0,,,0.0,,,,0.0,,,,,,,,,,,,,,,,
Other CIS (EI),1972,,,,0.0,,,0.0,,,,0.0,,,,,,,,,,,,,,,,
Other CIS (EI),1973,,,,0.0,,,0.0,,,,0.0,,,,,,,,,,,,,,,,
Other CIS (EI),1974,,,,0.0,,,0.0,,,,0.0,,,,,,,,,,,,,,,,
Other CIS (EI),1975,,,,0.0,,,0.0,,,,0.0,,,,,,,,,,,,,,,,
Other CIS (EI),1976,,,,0.0,,,0.0,,,,0.0,,,,,,,,,,,,,,,,
Other CIS (EI),1977,,,,0.0,,,0.0,,,,0.0,,,,,,,,,,,,,,,,
Other CIS (EI),1978,,,,0.0,,,0.0,,,,0.0,,,,,,,,,,,,,,,,
Other CIS (EI),1979,,,,0.0,,,0.0,,,,0.0,,,,,,,,,,,,,,,,
Other CIS (EI),1980,,,,0.0,,,0.0,,,,0.0,,,,,,,,,,,,,,,,
Other CIS (EI),1981,,,,0.0,,,0.0,,,,0.0,,,,,,,,,,,,,,,,
Other CIS (EI),1982,,,,0.0,,,0.0,,,,0.0,,,,,,,,,,,,,,,,
Other CIS (EI),1983,,,,0.0,,,0.0,,,,0.0,,,,,,,,,,,,,,,,
Other CIS (EI),1984,,,,0.0,,,0.0,,,,0.0,,,,,,,,,,,,,,,,
Other CIS (EI),1985,,,,380.818,,79.595,299.668,,16.519,,62.191,,,,16.519,,,0.0,,,0.0,,,0.0,,,16.519
Other CIS (EI),1986,,,,362.812,,81.894,293.959,,15.975,,57.342,,,,15.975,,,0.0,,,0.0,,,0.0,,,15.975
Other CIS (EI),1987,,,,376.838,,81.036,302.096,,15.737,,58.668,,,,15.737,,,0.0,,,0.0,,,0.0,,,15.737
Other CIS (EI),1988,,,,421.023,,77.316,321.26,,19.467,,80.887,,,,19.467,,,0.0,,,0.0,,,0.0,,,19.467
Other CIS (EI),1989,,,,403.56,,81.061,323.305,,18.049,,71.987,,,,18.049,,,0.0,,,0.0,,,0.0,,,18.049
Other CIS (EI),1990,,,,412.141,,80.414,327.282,,19.586,,79.717,,,,19.586,,,0.0,,,0.0,,,0.0,,,19.586
Other CIS (EI),1991,,,,344.692,,76.809,260.853,,23.191,,78.758,,,,23.191,,,0.0,,,0.0,,,0.0,,,23.191
Other CIS (EI),1992,,,,292.237,,72.437,207.989,,27.563,,79.142,,,,27.563,,,0.0,,,0.0,,,0.0,,,27.563
Other CIS (EI),1993,,,,233.869,,62.467,142.638,,37.533,,85.703,,,,37.533,,,0.0,,,0.0,,,0.0,,,37.533
Other CIS (EI),1994,,,,195.811,,52.91,100.549,,47.09,,89.489,,,,47.09,,,0.0,,,0.0,,,0.0,,,47.09
Other CIS (EI),1995,,,,171.143,,52.735,87.6,,46.757,,77.669,,,,46.757,,,0.0,,,0.0,,,0.0,,,46.757
Other CIS (EI),1996,,,,184.695,,51.339,92.072,,45.061,,80.814,,,,45.061,,,0.0,,,0.0,,,0.0,,,45.061
Other CIS (EI),1997,,,,174.489,,54.136,91.847,,43.233,,73.35,,,,43.233,,,0.0,,,0.0,,,0.0,,,43.233
Other CIS (EI),1998,,,,173.758,,54.727,92.494,,42.662,,72.103,,,,42.662,,,0.0,,,0.0,,,0.0,,,42.662
Other CIS (EI),1999,,,,167.713,,46.277,75.124,,50.167,,81.439,,,,50.167,,,0.0,,,0.0,,,0.0,,,50.167
Other CIS (EI),2000,,,,162.041,,44.349,69.475,,52.096,,81.611,,,,52.096,,,0.0,,,0.0,,,0.0,,,52.096
Other CIS (EI),2001,,,,158.523,,46.081,70.737,,50.343,,77.279,,,,50.343,,,0.0,,,0.0,,,0.0,,,50.343
Other CIS (EI),2002,,,,158.11,,45.718,69.927,,50.194,,76.773,,,,50.194,,,0.0,,,0.0,,,0.0,,,50.194
Other CIS (EI),2003,,,,166.878,,42.931,69.201,,53.692,,86.548,,,,53.692,,,0.0,,,0.0,,,0.0,,,53.692
Other CIS (EI),2004,,,,179.618,,45.494,79.102,,51.075,,88.806,,,,51.075,,,0.0,,,0.0,,,0.0,,,51.075
Other CIS (EI),2005,,,,186.72,,46.689,84.392,,49.272,,89.06,,,,49.272,,,0.0,,,0.0,,,0.0,,,49.272
Other CIS (EI),2006,,,,187.913,,48.344,88.072,,47.78,,87.045,,,,47.777,,,0.0,,,0.004,,,0.0,,,47.78
Other CIS (EI),2007,,,,201.67,,51.283,100.479,,45.251,,88.661,,,,45.247,,,0.0,,,0.004,,,0.0,,,45.251
Other CIS (EI),2008,,,,192.913,,56.13,105.433,,40.412,,75.907,,,,40.409,,,0.0,,,0.003,,,0.0,,,40.412
Other CIS (EI),2009,,,,187.075,,55.48,101.065,,40.927,,74.554,,,,40.921,,,0.0,,,0.006,,,0.0,,,40.927
Other CIS (EI),2010,,,,190.345,,53.336,98.642,,43.158,,79.817,,,,43.152,,,0.0,,,0.006,,,0.0,,,43.158
Other CIS (EI),2011,,,,203.066,,52.841,104.264,,43.814,,86.451,,,,43.809,,,0.0,,,0.004,,,0.0,,,43.814
Other CIS (EI),2012,,,,210.459,,54.68,111.978,,42.412,,86.854,,,,42.405,,,0.001,,,0.005,,,0.0,,,42.412
Other CIS (EI),2013,,,,200.539,,54.042,105.337,,42.862,,83.547,,,,42.847,,,0.006,,,0.004,,,0.006,,,42.862
Other CIS (EI),2014,,,,207.107,,56.643,114.262,,40.248,,81.189,,,,40.211,,,0.01,,,0.006,,,0.02,,,40.248
Other CIS (EI),2015,,,,206.764,,58.314,117.627,,38.187,,77.027,,,,38.143,,,0.013,,,0.007,,,0.023,,,38.187
Other CIS (EI),2016,,,,208.057,,59.025,119.746,,38.027,,77.147,,,,37.986,,,0.013,,,0.006,,,0.022,,,38.027
Other CIS (EI),2017,,,,216.834,,56.73,119.826,,40.17,,84.847,,,,40.113,,,0.012,,,0.011,,,0.034,,,40.17
Other CIS (EI),2018,,,,235.675,,59.479,136.788,,38.275,,88.023,,,,38.19,,,0.017,,,0.027,,,0.041,,,38.275
Other CIS (EI),2019,,,,227.367,,57.472,127.294,,40.072,,88.755,,,,39.897,,,0.08,,,0.052,,,0.044,,,40.072
Other CIS (EI),2020,,,,226.393,,58.583,129.391,,38.335,,84.67,,,,38.159,,,0.076,,,0.059,,,0.041,,,38.335
Other CIS (EI),2021,,,,232.402,,60.203,136.652,,37.628,,85.41,,,,37.301,,,0.197,,,0.085,,,0.045,,,37.628
Other CIS (EI),2022,,,,235.254,,59.745,137.355,,37.213,,85.555,,,,36.398,,,0.625,,,0.152,,,0.039,,,37.213
Other CIS (EI),2023,,,,233.158,,58.791,133.661,,38.303,,87.081,,,,37.146,,,0.929,,,0.211,,,0.016,,,38.303
Other CIS (EI),2024,,,,240.094,,58.101,136.178,,38.954,,91.302,,,,37.538,,,1.164,,,0.231,,,0.021,,,38.954
Other Caribbean (EI),1965,,,,219.328,,95.419,209.218,,4.581,,10.044,,,,0.462,,,0.0,,,0.0,,,0.0,,,4.581
Other Caribbean (EI),1966,,,,227.174,,95.425,216.709,,4.561,,10.357,,,,0.505,,,0.0,,,0.0,,,0.0,,,4.561
Other Caribbean (EI),1967,,,,236.407,,95.607,225.963,,4.349,,10.278,,,,0.378,,,0.0,,,0.0,,,0.0,,,4.349
Other Caribbean (EI),1968,,,,241.513,,95.642,230.929,,4.338,,10.473,,,,0.381,,,0.0,,,0.0,,,0.0,,,4.338
Other Caribbean (EI),1969,,,,247.616,,95.677,236.851,,4.323,,10.702,,,,0.395,,,0.0,,,0.0,,,0.0,,,4.323
Other Caribbean (EI),1970,,,,283.611,,96.099,272.475,,3.901,,11.06,,,,0.41,,,0.0,,,0.0,,,0.0,,,3.901
Other Caribbean (EI),1971,,,,293.813,,94.664,277.918,,5.336,,15.665,,,,0.872,,,0.0,,,0.0,,,1.033,,,5.336
Other Caribbean (EI),1972,,,,313.543,,94.99,297.624,,5.01,,15.696,,,,0.824,,,0.0,,,0.0,,,0.829,,,5.01
Other Caribbean (EI),1973,,,,347.156,,95.36,330.838,,4.64,,16.099,,,,0.685,,,0.0,,,0.0,,,0.881,,,4.64
Other Caribbean (EI),1974,,,,345.219,,95.256,328.639,,4.744,,16.366,,,,0.667,,,0.0,,,0.0,,,0.891,,,4.744
Other Caribbean (EI),1975,,,,335.882,,95.299,319.897,,4.701,,15.779,,,,0.638,,,0.0,,,0.0,,,0.942,,,4.701
Other Caribbean (EI),1976,,,,342.696,,94.893,324.925,,5.107,,17.488,,,,0.946,,,0.0,,,0.0,,,1.007,,,5.107
Other Caribbean (EI),1977,,,,359.581,,95.024,341.474,,4.976,,17.881,,,,0.63,,,0.0,,,0.0,,,1.037,,,4.976
Other Caribbean (EI),1978,,,,369.654,,94.861,350.379,,5.139,,18.98,,,,0.86,,,0.0,,,0.0,,,1.133,,,5.139
Other Caribbean (EI),1979,,,,381.621,,94.757,361.296,,5.243,,19.991,,,,1.006,,,0.0,,,0.0,,,1.056,,,5.243
Other Caribbean (EI),1980,,,,386.689,,94.749,366.123,,5.251,,20.291,,,,0.758,,,0.0,,,0.0,,,1.045,,,5.251
Other Caribbean (EI),1981,,,,395.719,,94.668,374.224,,5.332,,21.077,,,,1.292,,,0.0,,,0.0,,,1.034,,,5.332
Other Caribbean (EI),1982,,,,350.18,,94.163,329.445,,5.837,,20.422,,,,0.966,,,0.0,,,0.0,,,1.256,,,5.837
Other Caribbean (EI),1983,,,,342.991,,93.627,320.805,,6.373,,21.837,,,,1.116,,,0.0,,,0.0,,,1.382,,,6.373
Other Caribbean (EI),1984,,,,361.012,,93.874,338.539,,6.126,,22.094,,,,1.259,,,0.0,,,0.0,,,1.117,,,6.126
Other Caribbean (EI),1985,,,,337.235,,93.322,314.368,,6.678,,22.495,,,,1.338,,,0.0,,,0.0,,,1.122,,,6.678
Other Caribbean (EI),1986,,,,346.403,,92.969,321.627,,7.031,,24.323,,,,1.65,,,0.0,,,0.0,,,1.144,,,7.031
Other Caribbean (EI),1987,,,,359.943,,93.017,334.356,,6.983,,25.1,,,,1.726,,,0.0,,,0.0,,,1.134,,,6.983
Other Caribbean (EI),1988,,,,363.761,,92.678,336.632,,7.322,,26.597,,,,1.885,,,0.0,,,0.0,,,1.223,,,7.322
Other Caribbean (EI),1989,,,,377.534,,93.791,353.792,,6.209,,23.42,,,,0.961,,,0.0,,,0.0,,,1.151,,,6.209
Other Caribbean (EI),1990,,,,372.644,,93.458,347.959,,6.542,,24.358,,,,0.937,,,0.0,,,0.0,,,1.346,,,6.542
Other Caribbean (EI),1991,,,,364.282,,93.448,340.118,,6.552,,23.847,,,,0.986,,,0.0,,,0.0,,,1.174,,,6.552
Other Caribbean (EI),1992,,,,344.818,,93.917,323.535,,6.083,,20.954,,,,1.06,,,0.0,,,0.0,,,1.333,,,6.083
Other Caribbean (EI),1993,,,,346.708,,94.735,328.101,,5.265,,18.235,,,,1.367,,,0.0,,,0.001,,,0.96,,,5.265
Other Caribbean (EI),1994,,,,361.757,,95.494,345.227,,4.506,,16.291,,,,0.72,,,0.0,,,0.006,,,0.978,,,4.506
Other Caribbean (EI),1995,,,,362.398,,95.348,345.292,,4.652,,16.848,,,,0.848,,,0.0,,,0.006,,,0.824,,,4.652
Other Caribbean (EI),1996,,,,375.57,,95.155,357.044,,4.845,,18.181,,,,1.087,,,0.0,,,0.005,,,1.023,,,4.845
Other Caribbean (EI),1997,,,,397.859,,95.539,379.828,,4.461,,17.736,,,,0.831,,,0.0,,,0.006,,,0.931,,,4.461
Other Caribbean (EI),1998,,,,412.017,,95.387,392.646,,4.613,,18.99,,,,1.196,,,0.0,,,0.006,,,0.794,,,4.613
Other Caribbean (EI),1999,,,,400.442,,94.743,378.902,,5.257,,21.026,,,,1.695,,,0.0,,,0.008,,,0.956,,,5.257
Other Caribbean (EI),2000,,,,475.842,,95.998,456.448,,4.002,,19.026,,,,0.906,,,0.0,,,0.023,,,0.882,,,4.002
Other Caribbean (EI),2001,,,,506.867,,96.469,488.654,,3.531,,17.885,,,,0.749,,,0.0,,,0.026,,,0.787,,,3.531
Other Caribbean (EI),2002,,,,512.848,,96.471,494.371,,3.529,,18.084,,,,0.924,,,0.0,,,0.033,,,0.726,,,3.529
Other Caribbean (EI),2003,,,,522.763,,96.397,503.493,,3.603,,18.818,,,,1.147,,,0.0,,,0.034,,,0.582,,,3.603
Other Caribbean (EI),2004,,,,523.812,,96.342,504.2,,3.658,,19.145,,,,1.186,,,0.0,,,0.049,,,0.633,,,3.658
Other Caribbean (EI),2005,,,,529.218,,96.498,510.217,,3.502,,18.519,,,,1.324,,,0.003,,,0.054,,,0.453,,,3.502
Other Caribbean (EI),2006,,,,539.963,,97.114,523.928,,2.886,,15.568,,,,1.247,,,0.002,,,0.061,,,0.444,,,2.886
Other Caribbean (EI),2007,,,,518.377,,97.597,505.508,,2.403,,12.446,,,,1.205,,,0.004,,,0.066,,,0.486,,,2.403
Other Caribbean (EI),2008,,,,483.944,,97.549,471.697,,2.451,,11.851,,,,1.138,,,0.006,,,0.076,,,0.575,,,2.451
Other Caribbean (EI),2009,,,,456.257,,97.319,443.597,,2.681,,12.221,,,,1.267,,,0.012,,,0.111,,,0.62,,,2.681
Other Caribbean (EI),2010,,,,459.87,,97.387,447.41,,2.613,,12.005,,,,1.172,,,0.026,,,0.16,,,0.526,,,2.613
Other Caribbean (EI),2011,,,,458.934,,97.202,445.651,,2.798,,12.826,,,,1.212,,,0.049,,,0.199,,,0.558,,,2.798
Other Caribbean (EI),2012,,,,446.757,,96.775,431.82,,3.225,,14.389,,,,1.375,,,0.117,,,0.308,,,0.678,,,3.225
Other Caribbean (EI),2013,,,,429.51,,96.269,412.873,,3.731,,16.003,,,,1.463,,,0.147,,,0.552,,,0.811,,,3.731
Other Caribbean (EI),2014,,,,433.604,,96.766,419.075,,3.234,,14.004,,,,1.043,,,0.189,,,0.586,,,0.677,,,3.234
Other Caribbean (EI),2015,,,,449.714,,96.964,435.596,,3.036,,13.637,,,,0.768,,,0.241,,,0.615,,,0.706,,,3.036
Other Caribbean (EI),2016,,,,464.099,,96.708,448.252,,3.292,,15.257,,,,1.038,,,0.288,,,0.589,,,0.674,,,3.292
Other Caribbean (EI),2017,,,,454.336,,96.0,435.451,,4.0,,18.142,,,,1.489,,,0.379,,,0.688,,,0.731,,,4.0
Other Caribbean (EI),2018,,,,464.808,,96.125,446.094,,3.875,,17.981,,,,1.305,,,0.434,,,0.766,,,0.672,,,3.875
Other Caribbean (EI),2019,,,,458.615,,95.924,439.194,,4.076,,18.66,,,,0.876,,,0.673,,,0.985,,,0.857,,,4.076
Other Caribbean (EI),2020,,,,417.405,,95.095,396.113,,4.905,,20.433,,,,1.048,,,0.92,,,1.272,,,0.917,,,4.905
Other Caribbean (EI),2021,,,,426.967,,94.777,403.747,,5.223,,22.248,,,,1.144,,,1.082,,,1.316,,,0.992,,,5.223
Other Caribbean (EI),2022,,,,430.27,,94.706,406.549,,5.294,,22.724,,,,1.134,,,1.347,,,1.277,,,0.876,,,5.294
Other Caribbean (EI),2023,,,,438.472,,94.74,414.404,,5.26,,23.008,,,,0.907,,,1.672,,,1.155,,,0.84,,,5.26
Other Caribbean (EI),2024,,,,459.586,,94.601,433.701,,5.399,,24.75,,,,1.035,,,1.963,,,1.064,,,0.669,,,5.399
Other Eastern Africa (EI),1981,,,,,,,,,,,,,,,,,,,,,,,,,,,
Other Eastern Africa (EI),1982,,,,,,,,,,,,,,,,,,,,,,,,,,,
Other Eastern Africa (EI),1983,,,,,,,,,,,,,,,,,,,,,,,,,,,
Other Eastern Africa (EI),1984,,,,,,,,,,,,,,,,,,,,,,,,,,,
Other Eastern Africa (EI),1985,,,,,,,,,,,,,,,,,,,,,,,,,,,
Other Eastern Africa (EI),1986,,,,,,,,,,,,,,,,,,,,,,,,,,,
Other Eastern Africa (EI),1987,,,,,,,,,,,,,,,,,,,,,,,,,,,
Other Eastern Africa (EI),1988,,,,,,,,,,,,,,,,,,,,,,,,,,,
Other Eastern Africa (EI),1989,,,,,,,,,,,,,,,,,,,,,,,,,,,
Other Eastern Africa (EI),1990,,,,,,,,,,,,,,,,,,,,,,,,,,,
Other Eastern Africa (EI),1991,,,,,,,,,,,,,,,,,,,,,,,,,,,
Other Eastern Africa (EI),1992,,,,,,,,,,,,,,,,,,,,,,,,,,,
Other Eastern Africa (EI),1993,,,,,,,,,,,,,,,,,,,,,,,,,,,
Other Eastern Africa (EI),1994,,,,,,,,,,,,,,,,,,,,,,,,,,,
Other Eastern Africa (EI),1995,,,,,,,,,,,,,,,,,,,,,,,,,,,
Other Eastern Africa (EI),1996,,,,,,,,,,,,,,,,,,,,,,,,,,,
Other Eastern Africa (EI),1997,,,,,,,,,,,,,,,,,,,,,,,,,,,
Other Eastern Africa (EI),1998,,,,,,,,,,,,,,,,,,,,,,,,,,,
Other Eastern Africa (EI),1999,,,,,,,,,,,,,,,,,,,,,,,,,,,
Other Eastern Africa (EI),2000,,,,,,,,,,,,,,,,,,,,,,,,,,,
Other Eastern Africa (EI),2001,,,,,,,,,,,,,,,,,,,,,,,,,,,
Other Eastern Africa (EI),2002,,,,,,,,,,,,,,,,,,,,,,,,,,,
Other Eastern Africa (EI),2003,,,,,,,,,,,,,,,,,,,,,,,,,,,
Other Eastern Africa (EI),2004,,,,,,,,,,,,,,,,,,,,,,,,,,,
Other Eastern Africa (EI),2005,,,,,,,,,,,,,,,,,,,,,,,,,,,
Other Eastern Africa (EI),2006,,,,,,,,,,,,,,,,,,,,,,,,,,,
Other Eastern Africa (EI),2007,,,,,,,,,,,,,,,,,,,,,,,,,,,
Other Eastern Africa (EI),2008,,,,,,,,,,,,,,,,,,,,,,,,,,,
Other Eastern Africa (EI),2009,,,,,,,,,,,,,,,,,,,,,,,,,,,
Other Eastern Africa (EI),2010,,,,,,,,,,,,,,,,,,,,,,,,,,,
Other Eastern Africa (EI),2011,,,,,,,,,,,,,,,,,,,,,,,,,,,
Other Eastern Africa (EI),2012,,,,,,,,,,,,,,,,,,,,,,,,,,,
Other Eastern Africa (EI),2013,,,,,,,,,,,,,,,,,,,,,,,,,,,
Other Eastern Africa (EI),2014,,,,,,,,,,,,,,,,,,,,,,,,,,,
Other Eastern Africa (EI),2015,,,,,,,,,,,,,,,,,,,,,,,,,,,
Other Eastern Africa (EI),2016,,,,,,,,,,,,,,,,,,,,,,,,,,,
Other Eastern Africa (EI),2017,,,,,,,,,,,,,,,,,,,,,,,,,,,
Other Eastern Africa (EI),2018,,,,,,,,,,,,,,,,,,,,,,,,,,,
Other Eastern Africa (EI),2019,,,,,,,,,,,,,,,,,,,,,,,,,,,
Other Eastern Africa (EI),2020,,,,,,,,,,,,,,,,,,,,,,,,,,,
Other Eastern Africa (EI),2021,,,,,,,,,,,,,,,,,,,,,,,,,,,
Other Eastern Africa (EI),2022,,,,,,,,,,,,,,,,,,,,,,,,,,,
Other Eastern Africa (EI),2023,,,,,,,,,,,,,,,,,,,,,,,,,,,
Other Eastern Africa (EI),2024,,,,,,,,,,,,,,,,,,,,,,,,,,,
Other Europe (EI),1965,,,,185.073,,85.749,157.253,,14.251,,26.134,,,,14.251,,,0.0,,,0.0,,,0.0,,,14.251
Other Europe (EI),1966,,,,194.836,,85.094,164.215,,14.906,,28.765,,,,14.906,,,0.0,,,0.0,,,0.0,,,14.906
Other Europe (EI),1967,,,,197.726,,84.122,164.644,,15.878,,31.077,,,,15.878,,,0.0,,,0.0,,,0.0,,,15.878
Other Europe (EI),1968,,,,217.674,,84.076,181.15,,15.924,,34.31,,,,15.924,,,0.0,,,0.0,,,0.0,,,15.924
Other Europe (EI),1969,,,,232.612,,81.461,187.249,,18.539,,42.614,,,,18.539,,,0.0,,,0.0,,,0.0,,,18.539
Other Europe (EI),1970,,,,256.451,,83.146,210.934,,16.854,,42.758,,,,16.854,,,0.0,,,0.0,,,0.0,,,16.854
Other Europe (EI),1971,,,,299.609,,84.527,250.748,,15.473,,45.9,,,,15.473,,,0.0,,,0.0,,,0.0,,,15.473
Other Europe (EI),1972,,,,312.578,,82.87,256.201,,17.13,,52.96,,,,17.13,,,0.0,,,0.0,,,0.0,,,17.13
Other Europe (EI),1973,,,,327.485,,84.836,275.133,,15.164,,49.179,,,,15.164,,,0.0,,,0.0,,,0.0,,,15.164
Other Europe (EI),1974,,,,363.328,,82.885,297.855,,17.115,,61.504,,,,17.115,,,0.0,,,0.0,,,0.0,,,17.115
Other Europe (EI),1975,,,,366.172,,83.832,303.803,,16.168,,58.59,,,,16.168,,,0.0,,,0.0,,,0.0,,,16.168
Other Europe (EI),1976,,,,390.19,,83.721,323.275,,16.279,,62.859,,,,16.279,,,0.0,,,0.0,,,0.0,,,16.279
Other Europe (EI),1977,,,,418.847,,82.069,339.812,,17.931,,74.245,,,,17.931,,,0.0,,,0.0,,,0.0,,,17.931
Other Europe (EI),1978,,,,455.561,,82.879,373.44,,17.121,,77.144,,,,17.121,,,0.0,,,0.0,,,0.0,,,17.121
Other Europe (EI),1979,,,,493.788,,83.264,406.755,,16.736,,81.758,,,,16.736,,,0.0,,,0.0,,,0.0,,,16.736
Other Europe (EI),1980,,,,480.909,,81.505,387.342,,18.495,,87.896,,,,18.495,,,0.0,,,0.0,,,0.0,,,18.495
Other Europe (EI),1981,,,,477.855,,83.062,392.656,,16.767,,79.26,,,,16.767,,,0.0,,,0.0,,,0.0,,,16.767
Other Europe (EI),1982,,,,497.205,,83.424,410.647,,15.147,,74.56,,,,15.147,,,0.0,,,0.0,,,0.0,,,15.147
Other Europe (EI),1983,,,,535.542,,84.749,449.835,,13.202,,70.074,,,,13.202,,,0.0,,,0.0,,,0.0,,,13.202
Other Europe (EI),1984,,,,558.428,,83.298,460.634,,14.482,,80.086,,,,14.482,,,0.0,,,0.0,,,0.0,,,14.482
Other Europe (EI),1985,,,,713.078,,85.435,603.959,,12.972,,91.702,,,,12.972,,,0.0,,,0.0,,,0.0,,,12.972
Other Europe (EI),1986,,,,748.619,,84.432,626.193,,14.062,,104.293,,,,14.062,,,0.0,,,0.0,,,0.0,,,14.062
Other Europe (EI),1987,,,,758.068,,84.03,630.951,,14.308,,107.431,,,,14.308,,,0.0,,,0.0,,,0.0,,,14.308
Other Europe (EI),1988,,,,781.121,,84.63,654.989,,13.886,,107.466,,,,13.886,,,0.0,,,0.0,,,0.0,,,13.886
Other Europe (EI),1989,,,,758.169,,85.093,639.473,,13.175,,99.007,,,,13.175,,,0.0,,,0.0,,,0.0,,,13.175
Other Europe (EI),1990,,,,535.958,,87.835,467.095,,12.165,,64.69,,,,12.165,,,0.0,,,0.0,,,0.0,,,12.165
Other Europe (EI),1991,,,,474.033,,83.112,389.733,,16.888,,79.19,,,,16.888,,,0.0,,,0.0,,,0.0,,,16.888
Other Europe (EI),1992,,,,415.506,,83.307,342.458,,16.693,,68.621,,,,16.692,,,0.0,,,0.0,,,0.001,,,16.693
Other Europe (EI),1993,,,,358.877,,82.295,292.001,,17.705,,62.823,,,,17.704,,,0.0,,,0.0,,,0.001,,,17.705
Other Europe (EI),1994,,,,308.086,,76.67,232.708,,23.33,,70.809,,,,23.328,,,0.0,,,0.001,,,0.001,,,23.33
Other Europe (EI),1995,,,,315.781,,77.145,240.07,,22.855,,71.123,,,,22.854,,,0.0,,,0.001,,,0.001,,,22.855
Other Europe (EI),1996,,,,345.723,,73.901,251.263,,26.099,,88.737,,,,26.084,,,0.0,,,0.0,,,0.014,,,26.099
Other Europe (EI),1997,,,,371.152,,78.009,285.482,,21.991,,80.48,,,,21.979,,,0.0,,,0.0,,,0.012,,,21.991
Other Europe (EI),1998,,,,377.049,,78.155,290.59,,21.845,,81.221,,,,21.831,,,0.0,,,0.0,,,0.013,,,21.845
Other Europe (EI),1999,,,,347.85,,74.488,254.911,,25.512,,87.308,,,,25.5,,,0.0,,,0.0,,,0.012,,,25.512
Other Europe (EI),2000,,,,367.815,,78.507,284.813,,21.493,,77.973,,,,21.481,,,0.0,,,0.0,,,0.011,,,21.493
Other Europe (EI),2001,,,,383.785,,80.148,303.771,,19.852,,75.24,,,,19.841,,,0.0,,,0.0,,,0.01,,,19.852
Other Europe (EI),2002,,,,401.957,,81.233,322.564,,18.767,,74.522,,,,18.757,,,0.0,,,0.0,,,0.009,,,18.767
Other Europe (EI),2003,,,,424.213,,82.419,345.721,,17.581,,73.748,,,,17.57,,,0.0,,,0.002,,,0.009,,,17.581
Other Europe (EI),2004,,,,460.756,,81.333,370.371,,18.667,,85.005,,,,18.643,,,0.0,,,0.005,,,0.019,,,18.667
Other Europe (EI),2005,,,,454.797,,80.804,362.954,,19.196,,86.226,,,,19.169,,,0.0,,,0.007,,,0.02,,,19.196
Other Europe (EI),2006,,,,465.598,,82.594,380.311,,17.406,,80.147,,,,17.375,,,0.0,,,0.009,,,0.021,,,17.406
Other Europe (EI),2007,,,,449.672,,85.054,378.888,,14.946,,66.582,,,,14.905,,,0.001,,,0.01,,,0.03,,,14.946
Other Europe (EI),2008,,,,462.088,,84.088,384.585,,15.912,,72.776,,,,15.879,,,0.001,,,0.008,,,0.025,,,15.912
Other Europe (EI),2009,,,,469.091,,81.893,379.753,,18.107,,83.967,,,,18.071,,,0.001,,,0.009,,,0.026,,,18.107
Other Europe (EI),2010,,,,495.546,,78.35,382.81,,21.65,,105.778,,,,21.614,,,0.003,,,0.008,,,0.024,,,21.65
Other Europe (EI),2011,,,,484.744,,85.434,410.265,,14.566,,69.95,,,,14.519,,,0.008,,,0.008,,,0.028,,,14.566
Other Europe (EI),2012,,,,454.686,,84.132,378.708,,15.868,,71.425,,,,15.799,,,0.018,,,0.007,,,0.039,,,15.868
Other Europe (EI),2013,,,,486.65,,80.73,387.977,,19.27,,92.607,,,,19.175,,,0.028,,,0.013,,,0.045,,,19.27
Other Europe (EI),2014,,,,444.228,,80.97,355.331,,19.03,,83.509,,,,18.885,,,0.061,,,0.022,,,0.048,,,19.03
Other Europe (EI),2015,,,,473.566,,82.367,385.74,,17.633,,82.578,,,,17.464,,,0.077,,,0.032,,,0.047,,,17.633
Other Europe (EI),2016,,,,501.796,,81.711,405.185,,18.289,,90.69,,,,18.081,,,0.096,,,0.045,,,0.052,,,18.289
Other Europe (EI),2017,,,,498.585,,85.177,420.677,,14.823,,73.208,,,,14.46,,,0.114,,,0.148,,,0.085,,,14.823
Other Europe (EI),2018,,,,523.062,,80.841,417.783,,19.159,,99.012,,,,18.636,,,0.124,,,0.276,,,0.102,,,19.159
Other Europe (EI),2019,,,,512.681,,83.152,421.719,,16.848,,85.449,,,,15.734,,,0.147,,,0.817,,,0.127,,,16.848
Other Europe (EI),2020,,,,496.742,,83.832,412.224,,16.168,,79.501,,,,14.886,,,0.187,,,0.897,,,0.168,,,16.168
Other Europe (EI),2021,,,,532.312,,79.743,419.228,,20.257,,106.495,,,,18.818,,,0.246,,,0.961,,,0.209,,,20.257
Other Europe (EI),2022,,,,531.43,,82.752,435.226,,17.248,,90.713,,,,15.686,,,0.294,,,1.03,,,0.205,,,17.248
Other Europe (EI),2023,,,,543.241,,79.218,424.651,,20.782,,111.4,,,,19.11,,,0.38,,,1.065,,,0.201,,,20.782
Other Europe (EI),2024,,,,528.481,,80.654,421.305,,19.346,,101.054,,,,17.104,,,0.744,,,1.22,,,0.253,,,19.346
Other Middle Africa (EI),1976,,,,,,,,,,,,,,,,,,,,,,,,,,,
Other Middle Africa (EI),1977,,,,,,,,,,,,,,,,,,,,,,,,,,,
Other Middle Africa (EI),1978,,,,,,,,,,,,,,,,,,,,,,,,,,,
Other Middle Africa (EI),1979,,,,,,,,,,,,,,,,,,,,,,,,,,,
Other Middle Africa (EI),1980,,,,,,,,,,,,,,,,,,,,,,,,,,,
Other Middle Africa (EI),1981,,,,,,,,,,,,,,,,,,,,,,,,,,,
Other Middle Africa (EI),1982,,,,,,,,,,,,,,,,,,,,,,,,,,,
Other Middle Africa (EI),1983,,,,,,,,,,,,,,,,,,,,,,,,,,,
Other Middle Africa (EI),1984,,,,,,,,,,,,,,,,,,,,,,,,,,,
Other Middle Africa (EI),1985,,,,,,,,,,,,,,,,,,,,,,,,,,,
Other Middle Africa (EI),1986,,,,,,,,,,,,,,,,,,,,,,,,,,,
Other Middle Africa (EI),1987,,,,,,,,,,,,,,,,,,,,,,,,,,,
Other Middle Africa (EI),1988,,,,,,,,,,,,,,,,,,,,,,,,,,,
Other Middle Africa (EI),1989,,,,,,,,,,,,,,,,,,,,,,,,,,,
Other Middle Africa (EI),1990,,,,,,,,,,,,,,,,,,,,,,,,,,,
Other Middle Africa (EI),1991,,,,,,,,,,,,,,,,,,,,,,,,,,,
Other Middle Africa (EI),1992,,,,,,,,,,,,,,,,,,,,,,,,,,,
Other Middle Africa (EI),1993,,,,,,,,,,,,,,,,,,,,,,,,,,,
Other Middle Africa (EI),1994,,,,,,,,,,,,,,,,,,,,,,,,,,,
Other Middle Africa (EI),1995,,,,,,,,,,,,,,,,,,,,,,,,,,,
Other Middle Africa (EI),1996,,,,,,,,,,,,,,,,,,,,,,,,,,,
Other Middle Africa (EI),1997,,,,,,,,,,,,,,,,,,,,,,,,,,,
Other Middle Africa (EI),1998,,,,,,,,,,,,,,,,,,,,,,,,,,,
Other Middle Africa (EI),1999,,,,,,,,,,,,,,,,,,,,,,,,,,,
Other Middle Africa (EI),2000,,,,,,,,,,,,,,,,,,,,,,,,,,,
Other Middle Africa (EI),2001,,,,,,,,,,,,,,,,,,,,,,,,,,,
Other Middle Africa (EI),2002,,,,,,,,,,,,,,,,,,,,,,,,,,,
Other Middle Africa (EI),2003,,,,,,,,,,,,,,,,,,,,,,,,,,,
Other Middle Africa (EI),2004,,,,,,,,,,,,,,,,,,,,,,,,,,,
Other Middle Africa (EI),2005,,,,,,,,,,,,,,,,,,,,,,,,,,,
Other Middle Africa (EI),2006,,,,,,,,,,,,,,,,,,,,,,,,,,,
Other Middle Africa (EI),2007,,,,,,,,,,,,,,,,,,,,,,,,,,,
Other Middle Africa (EI),2008,,,,,,,,,,,,,,,,,,,,,,,,,,,
Other Middle Africa (EI),2009,,,,,,,,,,,,,,,,,,,,,,,,,,,
Other Middle Africa (EI),2010,,,,,,,,,,,,,,,,,,,,,,,,,,,
Other Middle Africa (EI),2011,,,,,,,,,,,,,,,,,,,,,,,,,,,
Other Middle Africa (EI),2012,,,,,,,,,,,,,,,,,,,,,,,,,,,
Other Middle Africa (EI),2013,,,,,,,,,,,,,,,,,,,,,,,,,,,
Other Middle Africa (EI),2014,,,,,,,,,,,,,,,,,,,,,,,,,,,
Other Middle Africa (EI),2015,,,,,,,,,,,,,,,,,,,,,,,,,,,
Other Middle Africa (EI),2016,,,,,,,,,,,,,,,,,,,,,,,,,,,
Other Middle Africa (EI),2017,,,,,,,,,,,,,,,,,,,,,,,,,,,
Other Middle Africa (EI),2018,,,,,,,,,,,,,,,,,,,,,,,,,,,
Other Middle Africa (EI),2019,,,,,,,,,,,,,,,,,,,,,,,,,,,
Other Middle Africa (EI),2020,,,,,,,,,,,,,,,,,,,,,,,,,,,
Other Middle Africa (EI),2021,,,,,,,,,,,,,,,,,,,,,,,,,,,
Other Middle Africa (EI),2022,,,,,,,,,,,,,,,,,,,,,,,,,,,
Other Middle Africa (EI),2023,,,,,,,,,,,,,,,,,,,,,,,,,,,
Other Middle Africa (EI),2024,,,,,,,,,,,,,,,,,,,,,,,,,,,
Other Middle East (EI),1965,,,,60.752,,97.454,59.108,,2.546,,1.544,,,,2.546,,,0.0,,,0.0,,,0.0,,,2.546
Other Middle East (EI),1966,,,,62.55,,97.304,60.758,,2.696,,1.683,,,,2.696,,,0.0,,,0.0,,,0.0,,,2.696
Other Middle East (EI),1967,,,,64.111,,96.813,61.941,,3.187,,2.039,,,,3.187,,,0.0,,,0.0,,,0.0,,,3.187
Other Middle East (EI),1968,,,,68.85,,96.709,66.443,,3.291,,2.261,,,,3.291,,,0.0,,,0.0,,,0.0,,,3.291
Other Middle East (EI),1969,,,,71.852,,96.311,69.037,,3.689,,2.644,,,,3.689,,,0.0,,,0.0,,,0.0,,,3.689
Other Middle East (EI),1970,,,,79.541,,96.752,76.797,,3.248,,2.578,,,,3.248,,,0.0,,,0.0,,,0.0,,,3.248
Other Middle East (EI),1971,,,,85.301,,97.096,82.669,,2.904,,2.472,,,,2.904,,,0.0,,,0.0,,,0.0,,,2.904
Other Middle East (EI),1972,,,,84.644,,97.143,82.074,,2.857,,2.414,,,,2.857,,,0.0,,,0.0,,,0.0,,,2.857
Other Middle East (EI),1973,,,,98.274,,98.6,96.811,,1.4,,1.375,,,,1.4,,,0.0,,,0.0,,,0.0,,,1.4
Other Middle East (EI),1974,,,,110.482,,97.103,107.081,,2.897,,3.194,,,,2.897,,,0.0,,,0.0,,,0.0,,,2.897
Other Middle East (EI),1975,,,,118.218,,96.349,113.634,,3.651,,4.306,,,,3.651,,,0.0,,,0.0,,,0.0,,,3.651
Other Middle East (EI),1976,,,,130.67,,95.673,124.667,,4.327,,5.639,,,,4.327,,,0.0,,,0.0,,,0.0,,,4.327
Other Middle East (EI),1977,,,,144.439,,95.046,136.845,,4.954,,7.133,,,,4.954,,,0.0,,,0.0,,,0.0,,,4.954
Other Middle East (EI),1978,,,,158.152,,94.899,149.592,,5.101,,8.042,,,,5.101,,,0.0,,,0.0,,,0.0,,,5.101
Other Middle East (EI),1979,,,,179.585,,95.033,170.12,,4.967,,8.892,,,,4.967,,,0.0,,,0.0,,,0.0,,,4.967
Other Middle East (EI),1980,,,,181.643,,94.766,171.557,,5.234,,9.475,,,,5.234,,,0.0,,,0.0,,,0.0,,,5.234
Other Middle East (EI),1981,,,,191.325,,94.89,180.952,,5.11,,9.744,,,,5.11,,,0.0,,,0.0,,,0.0,,,5.11
Other Middle East (EI),1982,,,,223.288,,95.497,212.616,,4.503,,10.025,,,,4.503,,,0.0,,,0.0,,,0.0,,,4.503
Other Middle East (EI),1983,,,,238.998,,96.083,229.057,,3.917,,9.339,,,,3.917,,,0.0,,,0.0,,,0.0,,,3.917
Other Middle East (EI),1984,,,,257.937,,95.778,246.375,,4.222,,10.861,,,,4.222,,,0.0,,,0.0,,,0.0,,,4.222
Other Middle East (EI),1985,,,,271.638,,95.974,260.026,,4.026,,10.908,,,,4.026,,,0.0,,,0.0,,,0.0,,,4.026
Other Middle East (EI),1986,,,,275.794,,96.545,265.673,,3.455,,9.508,,,,3.455,,,0.0,,,0.0,,,0.0,,,3.455
Other Middle East (EI),1987,,,,287.333,,96.62,277.016,,3.38,,9.692,,,,3.38,,,0.0,,,0.0,,,0.0,,,3.38
Other Middle East (EI),1988,,,,297.31,,96.777,287.13,,3.223,,9.564,,,,3.223,,,0.0,,,0.0,,,0.0,,,3.223
Other Middle East (EI),1989,,,,302.876,,96.978,293.15,,3.022,,9.136,,,,3.022,,,0.0,,,0.0,,,0.0,,,3.022
Other Middle East (EI),1990,,,,322.167,,97.201,312.587,,2.799,,9.0,,,,2.798,,,0.0,,,0.001,,,0.0,,,2.799
Other Middle East (EI),1991,,,,342.773,,97.36,333.157,,2.64,,9.033,,,,2.639,,,0.0,,,0.001,,,0.0,,,2.64
Other Middle East (EI),1992,,,,357.052,,97.369,347.069,,2.631,,9.378,,,,2.63,,,0.0,,,0.001,,,0.0,,,2.631
Other Middle East (EI),1993,,,,368.694,,97.489,358.856,,2.511,,9.242,,,,2.51,,,0.0,,,0.001,,,0.0,,,2.511
Other Middle East (EI),1994,,,,386.32,,97.563,376.313,,2.437,,9.4,,,,2.436,,,0.0,,,0.001,,,0.0,,,2.437
Other Middle East (EI),1995,,,,404.595,,97.81,395.175,,2.19,,8.85,,,,2.19,,,0.0,,,0.001,,,0.0,,,2.19
Other Middle East (EI),1996,,,,416.446,,97.748,406.475,,2.252,,9.367,,,,2.252,,,0.0,,,0.001,,,0.0,,,2.252
Other Middle East (EI),1997,,,,443.834,,97.897,433.91,,2.103,,9.322,,,,2.101,,,0.0,,,0.002,,,0.0,,,2.103
Other Middle East (EI),1998,,,,482.828,,97.982,472.47,,2.018,,9.731,,,,2.016,,,0.0,,,0.002,,,0.0,,,2.018
Other Middle East (EI),1999,,,,490.176,,98.259,481.101,,1.741,,8.525,,,,1.739,,,0.0,,,0.002,,,0.0,,,1.741
Other Middle East (EI),2000,,,,495.046,,97.91,484.046,,2.09,,10.333,,,,2.087,,,0.0,,,0.002,,,0.002,,,2.09
Other Middle East (EI),2001,,,,507.805,,97.934,496.661,,2.066,,10.479,,,,2.062,,,0.0,,,0.002,,,0.003,,,2.066
Other Middle East (EI),2002,,,,526.345,,97.79,513.971,,2.21,,11.615,,,,2.205,,,0.0,,,0.002,,,0.003,,,2.21
Other Middle East (EI),2003,,,,548.162,,97.95,536.215,,2.05,,11.225,,,,2.046,,,0.0,,,0.001,,,0.003,,,2.05
Other Middle East (EI),2004,,,,566.33,,97.42,550.82,,2.58,,14.587,,,,2.575,,,0.0,,,0.002,,,0.003,,,2.58
Other Middle East (EI),2005,,,,623.41,,98.032,610.359,,1.968,,12.253,,,,1.964,,,0.0,,,0.002,,,0.003,,,1.968
Other Middle East (EI),2006,,,,641.286,,98.017,627.77,,1.983,,12.702,,,,1.979,,,0.0,,,0.002,,,0.003,,,1.983
Other Middle East (EI),2007,,,,655.531,,98.301,643.707,,1.699,,11.123,,,,1.692,,,0.0,,,0.002,,,0.005,,,1.699
Other Middle East (EI),2008,,,,688.166,,98.725,678.83,,1.275,,8.768,,,,1.268,,,0.001,,,0.002,,,0.004,,,1.275
Other Middle East (EI),2009,,,,693.014,,99.031,685.878,,0.969,,6.708,,,,0.962,,,0.001,,,0.002,,,0.003,,,0.969
Other Middle East (EI),2010,,,,696.185,,98.685,686.436,,1.315,,9.148,,,,1.307,,,0.002,,,0.002,,,0.004,,,1.315
Other Middle East (EI),2011,,,,663.727,,98.373,652.239,,1.627,,10.79,,,,1.619,,,0.003,,,0.002,,,0.004,,,1.627
Other Middle East (EI),2012,,,,616.26,,98.116,603.924,,1.884,,11.596,,,,1.874,,,0.004,,,0.003,,,0.003,,,1.884
Other Middle East (EI),2013,,,,597.783,,98.165,586.111,,1.835,,10.954,,,,1.82,,,0.007,,,0.004,,,0.003,,,1.835
Other Middle East (EI),2014,,,,611.132,,98.896,603.952,,1.104,,6.744,,,,1.08,,,0.018,,,0.004,,,0.002,,,1.104
Other Middle East (EI),2015,,,,564.883,,99.428,561.449,,0.572,,3.229,,,,0.424,,,0.087,,,0.059,,,0.002,,,0.572
Other Middle East (EI),2016,,,,548.824,,98.862,542.175,,1.138,,6.241,,,,0.619,,,0.333,,,0.183,,,0.002,,,1.138
Other Middle East (EI),2017,,,,568.315,,98.743,560.719,,1.257,,7.137,,,,0.531,,,0.522,,,0.201,,,0.002,,,1.257
Other Middle East (EI),2018,,,,576.205,,98.301,565.804,,1.699,,9.78,,,,0.486,,,0.9,,,0.307,,,0.006,,,1.699
Other Middle East (EI),2019,,,,582.076,,97.564,567.008,,2.436,,14.155,,,,0.74,,,1.3,,,0.374,,,0.022,,,2.436
Other Middle East (EI),2020,,,,556.528,,96.949,538.507,,3.051,,16.946,,,,0.719,,,1.704,,,0.614,,,0.014,,,3.051
Other Middle East (EI),2021,,,,553.629,,96.498,533.082,,3.502,,19.343,,,,0.617,,,2.158,,,0.712,,,0.013,,,3.502
Other Middle East (EI),2022,,,,546.148,,95.779,521.751,,4.221,,22.995,,,,0.662,,,2.758,,,0.79,,,0.012,,,4.221
Other Middle East (EI),2023,,,,554.318,,95.473,527.673,,4.527,,25.02,,,,0.579,,,3.208,,,0.728,,,0.012,,,4.527
Other Middle East (EI),2024,,,,554.537,,95.096,525.768,,4.904,,27.112,,,,0.666,,,3.496,,,0.73,,,0.012,,,4.904
Other North America (EI),1990,,,,,,,,,,,,,,,,,,,,,,,,,,,
Other North America (EI),1991,,,,,,,,,,,,,,,,,,,,,,,,,,,
Other North America (EI),1992,,,,,,,,,,,,,,,,,,,,,,,,,,,
Other North America (EI),1993,,,,,,,,,,,,,,,,,,,,,,,,,,,
Other North America (EI),1994,,,,,,,,,,,,,,,,,,,,,,,,,,,
Other North America (EI),1995,,,,,,,,,,,,,,,,,,,,,,,,,,,
Other North America (EI),1996,,,,,,,,,,,,,,,,,,,,,,,,,,,
Other North America (EI),1997,,,,,,,,,,,,,,,,,,,,,,,,,,,
Other North America (EI),1998,,,,,,,,,,,,,,,,,,,,,,,,,,,
Other North America (EI),1999,,,,,,,,,,,,,,,,,,,,,,,,,,,
Other North America (EI),2000,,,,,,,,,,,,,,,,,,,,,,,,,,,
Other North America (EI),2001,,,,,,,,,,,,,,,,,,,,,,,,,,,
Other North America (EI),2002,,,,,,,,,,,,,,,,,,,,,,,,,,,
Other North America (EI),2003,,,,,,,,,,,,,,,,,,,,,,,,,,,
Other North America (EI),2004,,,,,,,,,,,,,,,,,,,,,,,,,,,
Other North America (EI),2005,,,,,,,,,,,,,,,,,,,,,,,,,,,
Other North America (EI),2006,,,,,,,,,,,,,,,,,,,,,,,,,,,
Other North America (EI),2007,,,,,,,,,,,,,,,,,,,,,,,,,,,
Other North America (EI),2008,,,,,,,,,,,,,,,,,,,,,,,,,,,
Other North America (EI),2009,,,,,,,,,,,,,,,,,,,,,,,,,,,
Other North America (EI),2010,,,,,,,,,,,,,,,,,,,,,,,,,,,
Other North America (EI),2011,,,,,,,,,,,,,,,,,,,,,,,,,,,
Other North America (EI),2012,,,,,,,,,,,,,,,,,,,,,,,,,,,
Other North America (EI),2013,,,,,,,,,,,,,,,,,,,,,,,,,,,
Other North America (EI),2014,,,,,,,,,,,,,,,,,,,,,,,,,,,
Other North America (EI),2015,,,,,,,,,,,,,,,,,,,,,,,,,,,
Other North America (EI),2016,,,,,,,,,,,,,,,,,,,,,,,,,,,
Other North America (EI),2017,,,,,,,,,,,,,,,,,,,,,,,,,,,
Other North America (EI),2018,,,,,,,,,,,,,,,,,,,,,,,,,,,
Other North America (EI),2019,,,,,,,,,,,,,,,,,,,,,,,,,,,
Other North America (EI),2020,,,,,,,,,,,,,,,,,,,,,,,,,,,
Other North America (EI),2021,,,,,,,,,,,,,,,,,,,,,,,,,,,
Other North America (EI),2022,,,,,,,,,,,,,,,,,,,,,,,,,,,
Other North America (EI),2023,,,,,,,,,,,,,,,,,,,,,,,,,,,
Other North America (EI),2024,,,,,,,,,,,,,,,,,,,,,,,,,,,
Other Northern Africa (EI),1965,,,,21.933,,99.468,21.809,,0.532,,0.117,,,,0.532,,,0.0,,,0.0,,,0.0,,,0.532
Other Northern Africa (EI),1966,,,,23.257,,99.677,23.177,,0.323,,0.075,,,,0.323,,,0.0,,,0.0,,,0.0,,,0.323
Other Northern Africa (EI),1967,,,,24.559,,99.581,24.449,,0.419,,0.103,,,,0.419,,,0.0,,,0.0,,,0.0,,,0.419
Other Northern Africa (EI),1968,,,,27.272,,99.664,27.175,,0.336,,0.092,,,,0.336,,,0.0,,,0.0,,,0.0,,,0.336
Other Northern Africa (EI),1969,,,,29.046,,99.627,28.931,,0.373,,0.108,,,,0.373,,,0.0,,,0.0,,,0.0,,,0.373
Other Northern Africa (EI),1970,,,,32.842,,99.653,32.721,,0.347,,0.114,,,,0.347,,,0.0,,,0.0,,,0.0,,,0.347
Other Northern Africa (EI),1971,,,,29.2,,99.524,29.052,,0.476,,0.139,,,,0.476,,,0.0,,,0.0,,,0.0,,,0.476
Other Northern Africa (EI),1972,,,,36.516,,99.597,36.359,,0.403,,0.147,,,,0.403,,,0.0,,,0.0,,,0.0,,,0.403
Other Northern Africa (EI),1973,,,,48.308,,99.592,48.098,,0.408,,0.197,,,,0.408,,,0.0,,,0.0,,,0.0,,,0.408
Other Northern Africa (EI),1974,,,,52.274,,99.883,52.209,,0.117,,0.061,,,,0.117,,,0.0,,,0.0,,,0.0,,,0.117
Other Northern Africa (EI),1975,,,,58.119,,99.852,58.027,,0.148,,0.086,,,,0.148,,,0.0,,,0.0,,,0.0,,,0.148
Other Northern Africa (EI),1976,,,,68.764,,99.786,68.607,,0.214,,0.147,,,,0.214,,,0.0,,,0.0,,,0.0,,,0.214
Other Northern Africa (EI),1977,,,,78.159,,99.893,78.07,,0.107,,0.083,,,,0.107,,,0.0,,,0.0,,,0.0,,,0.107
Other Northern Africa (EI),1978,,,,87.201,,99.911,87.118,,0.089,,0.078,,,,0.089,,,0.0,,,0.0,,,0.0,,,0.089
Other Northern Africa (EI),1979,,,,114.092,,99.903,113.973,,0.097,,0.111,,,,0.097,,,0.0,,,0.0,,,0.0,,,0.097
Other Northern Africa (EI),1980,,,,120.435,,99.947,120.367,,0.053,,0.064,,,,0.053,,,0.0,,,0.0,,,0.0,,,0.053
Other Northern Africa (EI),1981,,,,128.8,,99.937,128.715,,0.063,,0.081,,,,0.063,,,0.0,,,0.0,,,0.0,,,0.063
Other Northern Africa (EI),1982,,,,130.337,,99.917,130.222,,0.083,,0.108,,,,0.083,,,0.0,,,0.0,,,0.0,,,0.083
Other Northern Africa (EI),1983,,,,139.982,,99.94,139.894,,0.06,,0.083,,,,0.06,,,0.0,,,0.0,,,0.0,,,0.06
Other Northern Africa (EI),1984,,,,137.359,,99.864,137.161,,0.136,,0.186,,,,0.136,,,0.0,,,0.0,,,0.0,,,0.136
Other Northern Africa (EI),1985,,,,154.846,,99.804,154.524,,0.196,,0.303,,,,0.196,,,0.0,,,0.0,,,0.0,,,0.196
Other Northern Africa (EI),1986,,,,158.492,,99.909,158.338,,0.091,,0.144,,,,0.091,,,0.0,,,0.0,,,0.0,,,0.091
Other Northern Africa (EI),1987,,,,175.563,,99.821,175.229,,0.179,,0.314,,,,0.179,,,0.0,,,0.0,,,0.0,,,0.179
Other Northern Africa (EI),1988,,,,178.368,,99.927,178.229,,0.073,,0.131,,,,0.073,,,0.0,,,0.0,,,0.0,,,0.073
Other Northern Africa (EI),1989,,,,192.213,,99.951,192.112,,0.049,,0.094,,,,0.049,,,0.0,,,0.0,,,0.0,,,0.049
Other Northern Africa (EI),1990,,,,187.397,,99.935,187.267,,0.065,,0.122,,,,0.065,,,0.0,,,0.0,,,0.0,,,0.065
Other Northern Africa (EI),1991,,,,186.371,,99.844,186.061,,0.156,,0.291,,,,0.156,,,0.0,,,0.0,,,0.0,,,0.156
Other Northern Africa (EI),1992,,,,185.237,,99.902,185.044,,0.098,,0.181,,,,0.098,,,0.0,,,0.0,,,0.0,,,0.098
Other Northern Africa (EI),1993,,,,196.26,,99.909,196.071,,0.091,,0.178,,,,0.091,,,0.0,,,0.0,,,0.0,,,0.091
Other Northern Africa (EI),1994,,,,214.325,,99.948,214.207,,0.052,,0.111,,,,0.052,,,0.0,,,0.0,,,0.0,,,0.052
Other Northern Africa (EI),1995,,,,226.059,,99.952,225.944,,0.048,,0.108,,,,0.048,,,0.0,,,0.0,,,0.0,,,0.048
Other Northern Africa (EI),1996,,,,231.597,,99.92,231.399,,0.08,,0.186,,,,0.08,,,0.0,,,0.0,,,0.0,,,0.08
Other Northern Africa (EI),1997,,,,240.793,,99.949,240.662,,0.051,,0.122,,,,0.051,,,0.0,,,0.0,,,0.0,,,0.051
Other Northern Africa (EI),1998,,,,250.817,,99.919,250.601,,0.081,,0.203,,,,0.081,,,0.0,,,0.0,,,0.0,,,0.081
Other Northern Africa (EI),1999,,,,248.052,,99.899,247.785,,0.101,,0.25,,,,0.101,,,0.0,,,0.0,,,0.0,,,0.101
Other Northern Africa (EI),2000,,,,267.254,,99.91,266.997,,0.09,,0.242,,,,0.067,,,0.0,,,0.024,,,0.0,,,0.09
Other Northern Africa (EI),2001,,,,273.249,,99.921,273.02,,0.079,,0.215,,,,0.055,,,0.0,,,0.024,,,0.0,,,0.079
Other Northern Africa (EI),2002,,,,270.562,,99.905,270.288,,0.095,,0.258,,,,0.065,,,0.0,,,0.03,,,0.0,,,0.095
Other Northern Africa (EI),2003,,,,280.589,,99.806,280.011,,0.194,,0.543,,,,0.161,,,0.0,,,0.032,,,0.0,,,0.194
Other Northern Africa (EI),2004,,,,303.306,,99.823,302.735,,0.177,,0.537,,,,0.137,,,0.001,,,0.039,,,0.0,,,0.177
Other Northern Africa (EI),2005,,,,309.628,,99.836,309.087,,0.164,,0.508,,,,0.126,,,0.002,,,0.036,,,0.0,,,0.164
Other Northern Africa (EI),2006,,,,313.301,,99.887,312.923,,0.113,,0.355,,,,0.079,,,0.002,,,0.032,,,0.0,,,0.113
Other Northern Africa (EI),2007,,,,305.386,,99.917,305.116,,0.083,,0.254,,,,0.043,,,0.003,,,0.037,,,0.0,,,0.083
Other Northern Africa (EI),2008,,,,316.914,,99.932,316.686,,0.068,,0.214,,,,0.032,,,0.004,,,0.032,,,0.0,,,0.068
Other Northern Africa (EI),2009,,,,338.177,,99.859,337.671,,0.141,,0.475,,,,0.061,,,0.004,,,0.075,,,0.0,,,0.141
Other Northern Africa (EI),2010,,,,348.893,,99.854,348.349,,0.146,,0.51,,,,0.037,,,0.005,,,0.104,,,0.0,,,0.146
Other Northern Africa (EI),2011,,,,251.627,,99.823,251.154,,0.177,,0.445,,,,0.056,,,0.009,,,0.112,,,0.0,,,0.177
Other Northern Africa (EI),2012,,,,300.838,,99.727,299.964,,0.273,,0.822,,,,0.094,,,0.011,,,0.168,,,0.0,,,0.273
Other Northern Africa (EI),2013,,,,323.613,,99.652,322.414,,0.348,,1.125,,,,0.047,,,0.017,,,0.283,,,0.0,,,0.348
Other Northern Africa (EI),2014,,,,318.569,,99.517,316.931,,0.483,,1.539,,,,0.045,,,0.033,,,0.405,,,0.0,,,0.483
Other Northern Africa (EI),2015,,,,297.854,,99.499,296.265,,0.501,,1.493,,,,0.059,,,0.062,,,0.381,,,0.0,,,0.501
Other Northern Africa (EI),2016,,,,305.732,,99.477,304.03,,0.523,,1.597,,,,0.037,,,0.096,,,0.39,,,0.0,,,0.523
Other Northern Africa (EI),2017,,,,341.378,,99.555,339.763,,0.445,,1.518,,,,0.013,,,0.103,,,0.329,,,0.0,,,0.445
Other Northern Africa (EI),2018,,,,346.06,,99.532,344.337,,0.468,,1.62,,,,0.012,,,0.13,,,0.326,,,0.0,,,0.468
Other Northern Africa (EI),2019,,,,350.923,,99.422,348.766,,0.578,,2.026,,,,0.046,,,0.179,,,0.352,,,0.0,,,0.578
Other Northern Africa (EI),2020,,,,313.817,,99.328,311.574,,0.672,,2.109,,,,0.036,,,0.27,,,0.366,,,0.0,,,0.672
Other Northern Africa (EI),2021,,,,376.852,,99.556,375.074,,0.444,,1.674,,,,0.019,,,0.146,,,0.28,,,0.0,,,0.444
Other Northern Africa (EI),2022,,,,392.897,,99.582,391.156,,0.418,,1.641,,,,0.009,,,0.207,,,0.201,,,0.0,,,0.418
Other Northern Africa (EI),2023,,,,411.232,,99.496,409.024,,0.504,,2.074,,,,0.005,,,0.298,,,0.201,,,0.0,,,0.504
Other Northern Africa (EI),2024,,,,426.403,,99.423,423.793,,0.577,,2.459,,,,0.009,,,0.375,,,0.193,,,0.0,,,0.577
Other South America (EI),1965,,,,41.136,,92.533,37.882,,7.467,,3.057,,,,7.467,,,0.0,,,0.0,,,0.0,,,7.467
Other South America (EI),1966,,,,44.401,,85.246,37.494,,14.754,,6.489,,,,14.754,,,0.0,,,0.0,,,0.0,,,14.754
Other South America (EI),1967,,,,45.792,,85.114,38.605,,14.886,,6.752,,,,14.886,,,0.0,,,0.0,,,0.0,,,14.886
Other South America (EI),1968,,,,46.857,,84.607,39.255,,15.393,,7.142,,,,15.393,,,0.0,,,0.0,,,0.0,,,15.393
Other South America (EI),1969,,,,50.183,,85.004,42.249,,14.996,,7.453,,,,14.996,,,0.0,,,0.0,,,0.0,,,14.996
Other South America (EI),1970,,,,52.455,,83.313,43.236,,16.687,,8.66,,,,16.687,,,0.0,,,0.0,,,0.0,,,16.687
Other South America (EI),1971,,,,55.525,,80.806,44.325,,19.194,,10.528,,,,18.875,,,0.0,,,0.0,,,0.319,,,19.194
Other South America (EI),1972,,,,57.213,,83.186,47.089,,16.814,,9.518,,,,16.488,,,0.0,,,0.0,,,0.326,,,16.814
Other South America (EI),1973,,,,59.715,,81.494,48.097,,18.506,,10.922,,,,18.183,,,0.0,,,0.0,,,0.323,,,18.506
Other South America (EI),1974,,,,58.504,,81.164,46.921,,18.836,,10.889,,,,18.479,,,0.0,,,0.0,,,0.357,,,18.836
Other South America (EI),1975,,,,63.305,,82.992,51.975,,17.008,,10.651,,,,16.693,,,0.0,,,0.0,,,0.314,,,17.008
Other South America (EI),1976,,,,64.956,,84.066,54.058,,15.934,,10.247,,,,15.585,,,0.0,,,0.0,,,0.35,,,15.934
Other South America (EI),1977,,,,67.629,,83.181,55.659,,16.819,,11.254,,,,16.473,,,0.0,,,0.0,,,0.346,,,16.819
Other South America (EI),1978,,,,74.635,,84.615,62.538,,15.385,,11.371,,,,15.148,,,0.0,,,0.0,,,0.237,,,15.385
Other South America (EI),1979,,,,77.503,,85.377,65.56,,14.623,,11.229,,,,14.302,,,0.0,,,0.0,,,0.321,,,14.623
Other South America (EI),1980,,,,81.208,,78.881,63.206,,21.119,,16.922,,,,20.791,,,0.0,,,0.0,,,0.328,,,21.119
Other South America (EI),1981,,,,78.548,,81.304,63.113,,18.696,,14.513,,,,18.275,,,0.0,,,0.0,,,0.358,,,18.696
Other South America (EI),1982,,,,74.372,,78.987,57.973,,21.013,,15.422,,,,20.486,,,0.0,,,0.0,,,0.387,,,21.013
Other South America (EI),1983,,,,72.348,,73.075,51.978,,26.925,,19.151,,,,26.454,,,0.0,,,0.0,,,0.33,,,26.925
Other South America (EI),1984,,,,72.079,,71.034,50.275,,28.966,,20.501,,,,28.416,,,0.0,,,0.0,,,0.353,,,28.966
Other South America (EI),1985,,,,80.859,,64.142,50.704,,35.858,,28.346,,,,35.347,,,0.0,,,0.0,,,0.376,,,35.858
Other South America (EI),1986,,,,106.46,,49.006,50.518,,50.994,,52.568,,,,50.62,,,0.0,,,0.0,,,0.294,,,50.994
Other South America (EI),1987,,,,125.947,,43.01,52.259,,56.99,,69.246,,,,56.557,,,0.0,,,0.0,,,0.283,,,56.99
Other South America (EI),1988,,,,132.956,,44.269,56.827,,55.731,,71.54,,,,55.317,,,0.0,,,0.0,,,0.26,,,55.731
Other South America (EI),1989,,,,146.864,,41.603,58.891,,58.397,,82.664,,,,58.066,,,0.0,,,0.0,,,0.21,,,58.397
Other South America (EI),1990,,,,159.514,,36.952,56.649,,63.048,,96.656,,,,62.706,,,0.0,,,0.0,,,0.226,,,63.048
Other South America (EI),1991,,,,170.897,,37.347,61.355,,62.653,,102.93,,,,62.314,,,0.0,,,0.0,,,0.213,,,62.653
Other South America (EI),1992,,,,174.1,,38.938,65.232,,61.062,,102.298,,,,60.707,,,0.0,,,0.0,,,0.231,,,61.062
Other South America (EI),1993,,,,188.781,,37.592,68.23,,62.408,,113.274,,,,62.063,,,0.0,,,0.0,,,0.23,,,62.408
Other South America (EI),1994,,,,207.033,,36.083,71.754,,63.917,,127.103,,,,63.659,,,0.0,,,0.0,,,0.188,,,63.917
Other South America (EI),1995,,,,232.862,,36.716,82.152,,63.284,,141.596,,,,63.082,,,0.0,,,0.0,,,0.17,,,63.284
Other South America (EI),1996,,,,244.681,,36.475,85.74,,63.525,,149.325,,,,63.353,,,0.0,,,0.0,,,0.159,,,63.525
Other South America (EI),1997,,,,264.307,,33.515,84.945,,66.485,,168.508,,,,66.328,,,0.0,,,0.0,,,0.143,,,66.485
Other South America (EI),1998,,,,274.529,,33.202,87.388,,66.798,,175.817,,,,66.636,,,0.0,,,0.0,,,0.153,,,66.798
Other South America (EI),1999,,,,275.79,,36.145,95.746,,63.855,,169.152,,,,63.677,,,0.0,,,0.0,,,0.159,,,63.855
Other South America (EI),2000,,,,274.842,,32.507,85.62,,67.493,,177.771,,,,67.336,,,0.0,,,0.001,,,0.151,,,67.493
Other South America (EI),2001,,,,252.881,,33.518,81.333,,66.482,,161.324,,,,66.311,,,0.0,,,0.001,,,0.168,,,66.482
Other South America (EI),2002,,,,261.767,,32.534,81.571,,67.466,,169.157,,,,67.288,,,0.0,,,0.001,,,0.175,,,67.466
Other South America (EI),2003,,,,271.163,,32.927,85.597,,67.073,,174.365,,,,66.905,,,0.0,,,0.001,,,0.165,,,67.073
Other South America (EI),2004,,,,266.123,,35.853,91.693,,64.147,,164.058,,,,63.983,,,0.0,,,0.001,,,0.162,,,64.147
Other South America (EI),2005,,,,270.106,,36.521,94.735,,63.479,,164.666,,,,63.255,,,0.0,,,0.001,,,0.148,,,63.479
Other South America (EI),2006,,,,272.332,,37.453,98.071,,62.547,,163.779,,,,62.319,,,0.0,,,0.001,,,0.169,,,62.547
Other South America (EI),2007,,,,294.138,,37.923,107.352,,62.077,,175.725,,,,61.748,,,0.0,,,0.001,,,0.278,,,62.077
Other South America (EI),2008,,,,304.424,,41.121,120.63,,58.879,,172.723,,,,57.683,,,0.0,,,0.009,,,1.073,,,58.879
Other South America (EI),2009,,,,307.523,,41.945,124.443,,58.055,,172.242,,,,56.623,,,0.0,,,0.041,,,1.182,,,58.055
Other South America (EI),2010,,,,314.847,,41.351,125.449,,58.649,,177.929,,,,56.925,,,0.008,,,0.064,,,1.344,,,58.649
Other South America (EI),2011,,,,330.215,,42.956,136.895,,57.044,,181.789,,,,55.243,,,0.029,,,0.095,,,1.321,,,57.044
Other South America (EI),2012,,,,335.966,,42.897,139.165,,57.103,,185.25,,,,55.118,,,0.043,,,0.094,,,1.458,,,57.103
Other South America (EI),2013,,,,348.692,,42.628,143.387,,57.372,,192.98,,,,55.147,,,0.035,,,0.114,,,1.602,,,57.372
Other South America (EI),2014,,,,341.508,,44.085,145.479,,55.915,,184.516,,,,52.614,,,0.046,,,0.575,,,2.13,,,55.915
Other South America (EI),2015,,,,346.005,,44.012,147.256,,55.988,,187.328,,,,51.024,,,0.091,,,1.575,,,2.602,,,55.988
Other South America (EI),2016,,,,374.764,,42.765,154.715,,57.235,,207.06,,,,51.779,,,0.154,,,2.108,,,2.457,,,57.235
Other South America (EI),2017,,,,371.837,,44.495,159.969,,55.505,,199.556,,,,49.322,,,0.238,,,2.671,,,2.536,,,55.505
Other South America (EI),2018,,,,376.708,,45.418,165.596,,54.582,,199.007,,,,47.705,,,0.418,,,3.273,,,2.431,,,54.582
Other South America (EI),2019,,,,358.197,,48.219,167.38,,51.781,,179.744,,,,44.332,,,0.489,,,3.443,,,2.603,,,51.781
Other South America (EI),2020,,,,322.457,,47.616,148.867,,52.384,,163.772,,,,43.241,,,0.625,,,4.379,,,3.228,,,52.384
Other South America (EI),2021,,,,334.277,,52.652,171.287,,47.348,,154.03,,,,38.436,,,0.695,,,3.873,,,3.351,,,47.348
Other South America (EI),2022,,,,346.676,,52.191,176.09,,47.809,,161.305,,,,39.466,,,0.68,,,3.806,,,3.026,,,47.809
Other South America (EI),2023,,,,370.164,,50.771,182.446,,49.229,,176.903,,,,40.962,,,0.65,,,3.563,,,3.322,,,49.229
Other South America (EI),2024,,,,379.215,,55.278,204.481,,44.722,,165.433,,,,35.484,,,0.646,,,3.461,,,4.28,,,44.722
Other South and Central America (EI),1965,,,,,,,,,,,,,,,,,,,,,,,,,,,
Other South and Central America (EI),1966,,,,,,,,,,,,,,,,,,,,,,,,,,,
Other South and Central America (EI),1967,,,,,,,,,,,,,,,,,,,,,,,,,,,
Other South and Central America (EI),1968,,,,,,,,,,,,,,,,,,,,,,,,,,,
Other South and Central America (EI),1969,,,,,,,,,,,,,,,,,,,,,,,,,,,
Other South and Central America (EI),1970,,,,,,,,,,,,,,,,,,,,,,,,,,,
Other South and Central America (EI),1971,,,,,,,,,,,,,,,,,,,,,,,,,,,
Other South and Central America (EI),1972,,,,,,,,,,,,,,,,,,,,,,,,,,,
Other South and Central America (EI),1973,,,,,,,,,,,,,,,,,,,,,,,,,,,
Other South and Central America (EI),1974,,,,,,,,,,,,,,,,,,,,,,,,,,,
Other South and Central America (EI),1975,,,,,,,,,,,,,,,,,,,,,,,,,,,
Other South and Central America (EI),1976,,,,,,,,,,,,,,,,,,,,,,,,,,,
Other South and Central America (EI),1977,,,,,,,,,,,,,,,,,,,,,,,,,,,
Other South and Central America (EI),1978,,,,,,,,,,,,,,,,,,,,,,,,,,,
Other South and Central America (EI),1979,,,,,,,,,,,,,,,,,,,,,,,,,,,
Other South and Central America (EI),1980,,,,,,,,,,,,,,,,,,,,,,,,,,,
Other South and Central America (EI),1981,,,,,,,,,,,,,,,,,,,,,,,,,,,
Other South and Central America (EI),1982,,,,,,,,,,,,,,,,,,,,,,,,,,,
Other South and Central America (EI),1983,,,,,,,,,,,,,,,,,,,,,,,,,,,
Other South and Central America (EI),1984,,,,,,,,,,,,,,,,,,,,,,,,,,,
Other South and Central America (EI),1985,,,,,,,,,,,,,,,,,,,,,,,,,,,
Other South and Central America (EI),1986,,,,,,,,,,,,,,,,,,,,,,,,,,,
Other South and Central America (EI),1987,,,,,,,,,,,,,,,,,,,,,,,,,,,
Other South and Central America (EI),1988,,,,,,,,,,,,,,,,,,,,,,,,,,,
Other South and Central America (EI),1989,,,,,,,,,,,,,,,,,,,,,,,,,,,
Other South and Central America (EI),1990,,,,,,,,,,,,,,,,,,,,,,,,,,,
Other South and Central America (EI),1991,,,,,,,,,,,,,,,,,,,,,,,,,,,
Other South and Central America (EI),1992,,,,,,,,,,,,,,,,,,,,,,,,,,,
Other South and Central America (EI),1993,,,,,,,,,,,,,,,,,,,,,,,,,,,
Other South and Central America (EI),1994,,,,,,,,,,,,,,,,,,,,,,,,,,,
Other South and Central America (EI),1995,,,,,,,,,,,,,,,,,,,,,,,,,,,
Other South and Central America (EI),1996,,,,,,,,,,,,,,,,,,,,,,,,,,,
Other South and Central America (EI),1997,,,,,,,,,,,,,,,,,,,,,,,,,,,
Other South and Central America (EI),1998,,,,,,,,,,,,,,,,,,,,,,,,,,,
Other South and Central America (EI),1999,,,,,,,,,,,,,,,,,,,,,,,,,,,
Other South and Central America (EI),2000,,,,,,,,,,,,,,,,,,,,,,,,,,,
Other South and Central America (EI),2001,,,,,,,,,,,,,,,,,,,,,,,,,,,
Other South and Central America (EI),2002,,,,,,,,,,,,,,,,,,,,,,,,,,,
Other South and Central America (EI),2003,,,,,,,,,,,,,,,,,,,,,,,,,,,
Other South and Central America (EI),2004,,,,,,,,,,,,,,,,,,,,,,,,,,,
Other South and Central America (EI),2005,,,,,,,,,,,,,,,,,,,,,,,,,,,
Other South and Central America (EI),2006,,,,,,,,,,,,,,,,,,,,,,,,,,,
Other South and Central America (EI),2007,,,,,,,,,,,,,,,,,,,,,,,,,,,
Other South and Central America (EI),2008,,,,,,,,,,,,,,,,,,,,,,,,,,,
Other South and Central America (EI),2009,,,,,,,,,,,,,,,,,,,,,,,,,,,
Other South and Central America (EI),2010,,,,,,,,,,,,,,,,,,,,,,,,,,,
Other South and Central America (EI),2011,,,,,,,,,,,,,,,,,,,,,,,,,,,
Other South and Central America (EI),2012,,,,,,,,,,,,,,,,,,,,,,,,,,,
Other South and Central America (EI),2013,,,,,,,,,,,,,,,,,,,,,,,,,,,
Other South and Central America (EI),2014,,,,,,,,,,,,,,,,,,,,,,,,,,,
Other South and Central America (EI),2015,,,,,,,,,,,,,,,,,,,,,,,,,,,
Other South and Central America (EI),2016,,,,,,,,,,,,,,,,,,,,,,,,,,,
Other South and Central America (EI),2017,,,,,,,,,,,,,,,,,,,,,,,,,,,
Other South and Central America (EI),2018,,,,,,,,,,,,,,,,,,,,,,,,,,,
Other South and Central America (EI),2019,,,,,,,,,,,,,,,,,,,,,,,,,,,
Other South and Central America (EI),2020,,,,,,,,,,,,,,,,,,,,,,,,,,,
Other South and Central America (EI),2021,,,,,,,,,,,,,,,,,,,,,,,,,,,
Other South and Central America (EI),2022,,,,,,,,,,,,,,,,,,,,,,,,,,,
Other South and Central America (EI),2023,,,,,,,,,,,,,,,,,,,,,,,,,,,
Other South and Central America (EI),2024,,,,,,,,,,,,,,,,,,,,,,,,,,,
Other Southern Africa (EI),1965,,,,1.16,,94.954,1.098,,5.046,,0.058,,,,5.046,,,0.0,,,0.0,,,0.0,,,5.046
Other Southern Africa (EI),1966,,,,1.492,,96.081,1.43,,3.919,,0.058,,,,3.919,,,0.0,,,0.0,,,0.0,,,3.919
Other Southern Africa (EI),1967,,,,1.621,,95.188,1.539,,4.812,,0.078,,,,4.812,,,0.0,,,0.0,,,0.0,,,4.812
Other Southern Africa (EI),1968,,,,1.783,,94.53,1.68,,5.47,,0.097,,,,5.47,,,0.0,,,0.0,,,0.0,,,5.47
Other Southern Africa (EI),1969,,,,1.93,,91.607,1.758,,8.393,,0.161,,,,8.393,,,0.0,,,0.0,,,0.0,,,8.393
Other Southern Africa (EI),1970,,,,2.223,,87.784,1.936,,12.216,,0.269,,,,12.216,,,0.0,,,0.0,,,0.0,,,12.216
Other Southern Africa (EI),1971,,,,2.339,,88.393,2.052,,11.607,,0.269,,,,11.607,,,0.0,,,0.0,,,0.0,,,11.607
Other Southern Africa (EI),1972,,,,2.496,,87.094,2.156,,12.906,,0.319,,,,12.906,,,0.0,,,0.0,,,0.0,,,12.906
Other Southern Africa (EI),1973,,,,2.819,,87.886,2.459,,12.114,,0.339,,,,12.114,,,0.0,,,0.0,,,0.0,,,12.114
Other Southern Africa (EI),1974,,,,3.424,,89.545,3.045,,10.455,,0.356,,,,10.455,,,0.0,,,0.0,,,0.0,,,10.455
Other Southern Africa (EI),1975,,,,3.739,,91.56,3.405,,8.44,,0.314,,,,8.44,,,0.0,,,0.0,,,0.0,,,8.44
Other Southern Africa (EI),1976,,,,4.655,,91.299,4.226,,8.701,,0.403,,,,8.701,,,0.0,,,0.0,,,0.0,,,8.701
Other Southern Africa (EI),1977,,,,5.069,,93.175,4.702,,6.825,,0.344,,,,6.825,,,0.0,,,0.0,,,0.0,,,6.825
Other Southern Africa (EI),1978,,,,9.443,,59.834,5.508,,40.166,,3.697,,,,40.166,,,0.0,,,0.0,,,0.0,,,40.166
Other Southern Africa (EI),1979,,,,9.926,,62.335,6.041,,37.665,,3.65,,,,37.665,,,0.0,,,0.0,,,0.0,,,37.665
Other Southern Africa (EI),1980,,,,10.243,,63.157,6.319,,36.843,,3.686,,,,36.843,,,0.0,,,0.0,,,0.0,,,36.843
Other Southern Africa (EI),1981,,,,10.321,,63.36,6.389,,36.64,,3.694,,,,36.64,,,0.0,,,0.0,,,0.0,,,36.64
Other Southern Africa (EI),1982,,,,10.39,,64.587,6.561,,35.413,,3.597,,,,35.413,,,0.0,,,0.0,,,0.0,,,35.413
Other Southern Africa (EI),1983,,,,9.776,,63.174,6.033,,36.826,,3.517,,,,36.826,,,0.0,,,0.0,,,0.0,,,36.826
Other Southern Africa (EI),1984,,,,10.139,,62.685,6.206,,37.315,,3.694,,,,37.315,,,0.0,,,0.0,,,0.0,,,37.315
Other Southern Africa (EI),1985,,,,10.962,,64.039,6.861,,35.961,,3.853,,,,35.961,,,0.0,,,0.0,,,0.0,,,35.961
Other Southern Africa (EI),1986,,,,11.674,,67.123,7.673,,32.877,,3.758,,,,32.877,,,0.0,,,0.0,,,0.0,,,32.877
Other Southern Africa (EI),1987,,,,11.958,,67.146,7.863,,32.854,,3.847,,,,32.854,,,0.0,,,0.0,,,0.0,,,32.854
Other Southern Africa (EI),1988,,,,12.947,,69.525,8.828,,30.475,,3.869,,,,30.475,,,0.0,,,0.0,,,0.0,,,30.475
Other Southern Africa (EI),1989,,,,13.999,,71.713,9.859,,28.287,,3.889,,,,28.287,,,0.0,,,0.0,,,0.0,,,28.287
Other Southern Africa (EI),1990,,,,25.211,,85.071,21.242,,14.929,,3.728,,,,14.929,,,0.0,,,0.0,,,0.0,,,14.929
Other Southern Africa (EI),1991,,,,25.715,,83.339,21.203,,16.661,,4.239,,,,16.661,,,0.0,,,0.0,,,0.0,,,16.661
Other Southern Africa (EI),1992,,,,27.686,,85.937,23.582,,14.063,,3.859,,,,13.696,,,0.0,,,0.0,,,0.367,,,14.063
Other Southern Africa (EI),1993,,,,27.761,,86.775,23.9,,13.225,,3.642,,,,11.81,,,0.0,,,0.0,,,1.415,,,13.225
Other Southern Africa (EI),1994,,,,28.309,,89.921,25.307,,10.079,,2.836,,,,8.646,,,0.0,,,0.0,,,1.432,,,10.079
Other Southern Africa (EI),1995,,,,30.782,,86.055,26.272,,13.945,,4.257,,,,12.229,,,0.0,,,0.0,,,1.717,,,13.945
Other Southern Africa (EI),1996,,,,29.073,,87.901,25.377,,12.099,,3.493,,,,10.237,,,0.0,,,0.0,,,1.862,,,12.099
Other Southern Africa (EI),1997,,,,30.29,,90.505,27.271,,9.495,,2.861,,,,7.467,,,0.0,,,0.0,,,2.028,,,9.495
Other Southern Africa (EI),1998,,,,33.682,,88.262,29.528,,11.738,,3.927,,,,9.897,,,0.0,,,0.0,,,1.841,,,11.738
Other Southern Africa (EI),1999,,,,36.346,,84.623,30.48,,15.377,,5.539,,,,13.451,,,0.0,,,0.0,,,1.926,,,15.377
Other Southern Africa (EI),2000,,,,36.997,,84.033,30.787,,15.967,,5.85,,,,14.86,,,0.0,,,0.0,,,1.107,,,15.967
Other Southern Africa (EI),2001,,,,37.628,,85.361,31.84,,14.639,,5.46,,,,13.428,,,0.0,,,0.0,,,1.211,,,14.639
Other Southern Africa (EI),2002,,,,37.613,,83.95,31.266,,16.05,,5.978,,,,14.746,,,0.0,,,0.0,,,1.304,,,16.05
Other Southern Africa (EI),2003,,,,37.609,,84.35,31.423,,15.65,,5.83,,,,14.415,,,0.0,,,0.0,,,1.235,,,15.65
Other Southern Africa (EI),2004,,,,37.777,,85.132,31.877,,14.868,,5.567,,,,13.566,,,0.001,,,0.0,,,1.302,,,14.868
Other Southern Africa (EI),2005,,,,40.746,,83.619,33.73,,16.381,,6.607,,,,15.146,,,0.001,,,0.0,,,1.233,,,16.381
Other Southern Africa (EI),2006,,,,39.6,,84.142,33.001,,15.858,,6.22,,,,14.656,,,0.001,,,0.0,,,1.2,,,15.858
Other Southern Africa (EI),2007,,,,41.131,,84.305,34.352,,15.695,,6.395,,,,14.505,,,0.002,,,0.0,,,1.187,,,15.695
Other Southern Africa (EI),2008,,,,42.79,,86.113,36.535,,13.887,,5.892,,,,12.801,,,0.036,,,0.0,,,1.05,,,13.887
Other Southern Africa (EI),2009,,,,44.089,,86.097,37.638,,13.903,,6.078,,,,12.967,,,0.043,,,0.0,,,0.893,,,13.903
Other Southern Africa (EI),2010,,,,38.635,,84.639,32.394,,15.361,,5.879,,,,13.851,,,0.059,,,0.0,,,1.451,,,15.361
Other Southern Africa (EI),2011,,,,43.687,,84.717,36.676,,15.283,,6.616,,,,13.326,,,0.088,,,0.0,,,1.869,,,15.283
Other Southern Africa (EI),2012,,,,48.673,,85.417,41.223,,14.583,,7.038,,,,12.628,,,0.112,,,0.0,,,1.843,,,14.583
Other Southern Africa (EI),2013,,,,48.159,,87.203,41.679,,12.797,,6.116,,,,10.847,,,0.146,,,0.0,,,1.804,,,12.797
Other Southern Africa (EI),2014,,,,52.365,,87.192,45.309,,12.808,,6.656,,,,11.273,,,0.169,,,0.0,,,1.366,,,12.808
Other Southern Africa (EI),2015,,,,53.719,,87.744,46.796,,12.256,,6.536,,,,10.758,,,0.194,,,0.0,,,1.304,,,12.256
Other Southern Africa (EI),2016,,,,53.254,,89.187,47.184,,10.813,,5.72,,,,9.451,,,0.279,,,0.0,,,1.083,,,10.813
Other Southern Africa (EI),2017,,,,55.914,,88.176,48.961,,11.824,,6.565,,,,9.955,,,0.332,,,0.0,,,1.536,,,11.824
Other Southern Africa (EI),2018,,,,58.711,,89.965,52.518,,10.035,,5.858,,,,7.962,,,0.558,,,0.0,,,1.515,,,10.035
Other Southern Africa (EI),2019,,,,55.641,,89.803,49.676,,10.197,,5.64,,,,7.216,,,1.23,,,0.0,,,1.751,,,10.197
Other Southern Africa (EI),2020,,,,50.579,,85.717,42.998,,14.283,,7.165,,,,10.625,,,1.742,,,0.0,,,1.916,,,14.283
Other Southern Africa (EI),2021,,,,55.22,,88.437,48.524,,11.563,,6.345,,,,7.882,,,1.683,,,0.0,,,1.999,,,11.563
Other Southern Africa (EI),2022,,,,53.882,,89.179,47.771,,10.821,,5.796,,,,7.081,,,1.865,,,0.0,,,1.876,,,10.821
Other Southern Africa (EI),2023,,,,55.203,,86.615,47.441,,13.385,,7.331,,,,9.222,,,2.247,,,0.0,,,1.916,,,13.385
Other Southern Africa (EI),2024,,,,57.595,,84.766,48.403,,15.234,,8.699,,,,11.349,,,2.16,,,0.0,,,1.726,,,15.234
Other Western Africa (EI),1965,,,,,,,,,,,,,,,,,,,,,,,,,,,
Other Western Africa (EI),1966,,,,,,,,,,,,,,,,,,,,,,,,,,,
Other Western Africa (EI),1967,,,,,,,,,,,,,,,,,,,,,,,,,,,
Other Western Africa (EI),1968,,,,,,,,,,,,,,,,,,,,,,,,,,,
Other Western Africa (EI),1969,,,,,,,,,,,,,,,,,,,,,,,,,,,
Other Western Africa (EI),1970,,,,,,,,,,,,,,,,,,,,,,,,,,,
Other Western Africa (EI),1971,,,,,,,,,,,,,,,,,,,,,,,,,,,
Other Western Africa (EI),1972,,,,,,,,,,,,,,,,,,,,,,,,,,,
Other Western Africa (EI),1973,,,,,,,,,,,,,,,,,,,,,,,,,,,
Other Western Africa (EI),1974,,,,,,,,,,,,,,,,,,,,,,,,,,,
Other Western Africa (EI),1975,,,,,,,,,,,,,,,,,,,,,,,,,,,
Other Western Africa (EI),1976,,,,,,,,,,,,,,,,,,,,,,,,,,,
Other Western Africa (EI),1977,,,,,,,,,,,,,,,,,,,,,,,,,,,
Other Western Africa (EI),1978,,,,,,,,,,,,,,,,,,,,,,,,,,,
Other Western Africa (EI),1979,,,,,,,,,,,,,,,,,,,,,,,,,,,
Other Western Africa (EI),1980,,,,,,,,,,,,,,,,,,,,,,,,,,,
Other Western Africa (EI),1981,,,,,,,,,,,,,,,,,,,,,,,,,,,
Other Western Africa (EI),1982,,,,,,,,,,,,,,,,,,,,,,,,,,,
Other Western Africa (EI),1983,,,,,,,,,,,,,,,,,,,,,,,,,,,
Other Western Africa (EI),1984,,,,,,,,,,,,,,,,,,,,,,,,,,,
Other Western Africa (EI),1985,,,,,,,,,,,,,,,,,,,,,,,,,,,
Other Western Africa (EI),1986,,,,,,,,,,,,,,,,,,,,,,,,,,,
Other Western Africa (EI),1987,,,,,,,,,,,,,,,,,,,,,,,,,,,
Other Western Africa (EI),1988,,,,,,,,,,,,,,,,,,,,,,,,,,,
Other Western Africa (EI),1989,,,,,,,,,,,,,,,,,,,,,,,,,,,
Other Western Africa (EI),1990,,,,,,,,,,,,,,,,,,,,,,,,,,,
Other Western Africa (EI),1991,,,,,,,,,,,,,,,,,,,,,,,,,,,
Other Western Africa (EI),1992,,,,,,,,,,,,,,,,,,,,,,,,,,,
Other Western Africa (EI),1993,,,,,,,,,,,,,,,,,,,,,,,,,,,
Other Western Africa (EI),1994,,,,,,,,,,,,,,,,,,,,,,,,,,,
Other Western Africa (EI),1995,,,,,,,,,,,,,,,,,,,,,,,,,,,
Other Western Africa (EI),1996,,,,,,,,,,,,,,,,,,,,,,,,,,,
Other Western Africa (EI),1997,,,,,,,,,,,,,,,,,,,,,,,,,,,
Other Western Africa (EI),1998,,,,,,,,,,,,,,,,,,,,,,,,,,,
Other Western Africa (EI),1999,,,,,,,,,,,,,,,,,,,,,,,,,,,
Other Western Africa (EI),2000,,,,,,,,,,,,,,,,,,,,,,,,,,,
Other Western Africa (EI),2001,,,,,,,,,,,,,,,,,,,,,,,,,,,
Other Western Africa (EI),2002,,,,,,,,,,,,,,,,,,,,,,,,,,,
Other Western Africa (EI),2003,,,,,,,,,,,,,,,,,,,,,,,,,,,
Other Western Africa (EI),2004,,,,,,,,,,,,,,,,,,,,,,,,,,,
Other Western Africa (EI),2005,,,,,,,,,,,,,,,,,,,,,,,,,,,
Other Western Africa (EI),2006,,,,,,,,,,,,,,,,,,,,,,,,,,,
Other Western Africa (EI),2007,,,,,,,,,,,,,,,,,,,,,,,,,,,
Other Western Africa (EI),2008,,,,,,,,,,,,,,,,,,,,,,,,,,,
Other Western Africa (EI),2009,,,,,,,,,,,,,,,,,,,,,,,,,,,
Other Western Africa (EI),2010,,,,,,,,,,,,,,,,,,,,,,,,,,,
Other Western Africa (EI),2011,,,,,,,,,,,,,,,,,,,,,,,,,,,
Other Western Africa (EI),2012,,,,,,,,,,,,,,,,,,,,,,,,,,,
Other Western Africa (EI),2013,,,,,,,,,,,,,,,,,,,,,,,,,,,
Other Western Africa (EI),2014,,,,,,,,,,,,,,,,,,,,,,,,,,,
Other Western Africa (EI),2015,,,,,,,,,,,,,,,,,,,,,,,,,,,
Other Western Africa (EI),2016,,,,,,,,,,,,,,,,,,,,,,,,,,,
Other Western Africa (EI),2017,,,,,,,,,,,,,,,,,,,,,,,,,,,
Other Western Africa (EI),2018,,,,,,,,,,,,,,,,,,,,,,,,,,,
Other Western Africa (EI),2019,,,,,,,,,,,,,,,,,,,,,,,,,,,
Other Western Africa (EI),2020,,,,,,,,,,,,,,,,,,,,,,,,,,,
Other Western Africa (EI),2021,,,,,,,,,,,,,,,,,,,,,,,,,,,
Other Western Africa (EI),2022,,,,,,,,,,,,,,,,,,,,,,,,,,,
Other Western Africa (EI),2023,,,,,,,,,,,,,,,,,,,,,,,,,,,
Other Western Africa (EI),2024,,,,,,,,,,,,,,,,,,,,,,,,,,,
Persian Gulf (EIA),1980,,,,1424.716,,,,,,,,,,,,,,,,,,,,,,,
Persian Gulf (EIA),1981,,,,1493.621,,,,,,,,,,,,,,,,,,,,,,,
Persian Gulf (EIA),1982,,,,1555.158,,,,,,,,,,,,,,,,,,,,,,,
Persian Gulf (EIA),1983,,,,1769.739,,,,,,,,,,,,,,,,,,,,,,,
Persian Gulf (EIA),1984,,,,1938.229,,,,,,,,,,,,,,,,,,,,,,,
Persian Gulf (EIA),1985,,,,2151.545,,,,,,,,,,,,,,,,,,,,,,,
Persian Gulf (EIA),1986,,,,2297.907,,,,,,,,,,,,,,,,,,,,,,,
Persian Gulf (EIA),1987,,,,2438.386,,,,,,,,,,,,,,,,,,,,,,,
Persian Gulf (EIA),1988,,,,2605.999,,,,,,,,,,,,,,,,,,,,,,,
Persian Gulf (EIA),1989,,,,2735.966,,,,,,,,,,,,,,,,,,,,,,,
Persian Gulf (EIA),1990,,,,2754.76,,,,,,,,,,,,,,,,,,,,,,,
Persian Gulf (EIA),1991,,,,2810.095,,,,,,,,,,,,,,,,,,,,,,,
Persian Gulf (EIA),1992,,,,3085.897,,,,,,,,,,,,,,,,,,,,,,,
Persian Gulf (EIA),1993,,,,3215.208,,,,,,,,,,,,,,,,,,,,,,,
Persian Gulf (EIA),1994,,,,3368.636,,,,,,,,,,,,,,,,,,,,,,,
Persian Gulf (EIA),1995,,,,3442.841,,,,,,,,,,,,,,,,,,,,,,,
Persian Gulf (EIA),1996,,,,3588.486,,,,,,,,,,,,,,,,,,,,,,,
Persian Gulf (EIA),1997,,,,3891.97,,,,,,,,,,,,,,,,,,,,,,,
Persian Gulf (EIA),1998,,,,4035.843,,,,,,,,,,,,,,,,,,,,,,,
Persian Gulf (EIA),1999,,,,4179.327,,,,,,,,,,,,,,,,,,,,,,,
Persian Gulf (EIA),2000,,,,4449.702,,,,,,,,,,,,,,,,,,,,,,,
Persian Gulf (EIA),2001,,,,4649.344,,,,,,,,,,,,,,,,,,,,,,,
Persian Gulf (EIA),2002,,,,4891.761,,,,,,,,,,,,,,,,,,,,,,,
Persian Gulf (EIA),2003,,,,5021.53,,,,,,,,,,,,,,,,,,,,,,,
Persian Gulf (EIA),2004,,,,5398.937,,,,,,,,,,,,,,,,,,,,,,,
Persian Gulf (EIA),2005,,,,5921.733,,,,,,,,,,,,,,,,,,,,,,,
Persian Gulf (EIA),2006,,,,6184.142,,,,,,,,,,,,,,,,,,,,,,,
Persian Gulf (EIA),2007,,,,6574.932,,,,,,,,,,,,,,,,,,,,,,,
Persian Gulf (EIA),2008,,,,7036.424,,,,,,,,,,,,,,,,,,,,,,,
Persian Gulf (EIA),2009,,,,7352.93,,,,,,,,,,,,,,,,,,,,,,,
Persian Gulf (EIA),2010,,,,7926.667,,,,,,,,,,,,,,,,,,,,,,,
Persian Gulf (EIA),2011,,,,8388.782,,,,,,,,,,,,,,,,,,,,,,,
Persian Gulf (EIA),2012,,,,8693.403,,,,,,,,,,,,,,,,,,,,,,,
Persian Gulf (EIA),2013,,,,8990.688,,,,,,,,,,,,,,,,,,,,,,,
Persian Gulf (EIA),2014,,,,9291.29,,,,,,,,,,,,,,,,,,,,,,,
Persian Gulf (EIA),2015,,,,9075.33,,,,,,,,,,,,,,,,,,,,,,,
Persian Gulf (EIA),2016,,,,9932.626,,,,,,,,,,,,,,,,,,,,,,,
Persian Gulf (EIA),2017,,,,9500.095,,,,,,,,,,,,,,,,,,,,,,,
Persian Gulf (EIA),2018,,,,9538.154,,,,,,,,,,,,,,,,,,,,,,,
Persian Gulf (EIA),2019,,,,10201.401,,,,,,,,,,,,,,,,,,,,,,,
Persian Gulf (EIA),2020,,,,9987.699,,,,,,,,,,,,,,,,,,,,,,,
Persian Gulf (EIA),2021,,,,10357.408,,,,,,,,,,,,,,,,,,,,,,,
Persian Gulf (EIA),2022,,,,10874.708,,,,,,,,,,,,,,,,,,,,,,,
Persian Gulf (EIA),2023,,,,11471.48,,,,,,,,,,,,,,,,,,,,,,,
Persian Gulf (Shift),1900,,,,,,,,,,,,,,,,,,,,,,,,,,,
Persian Gulf (Shift),1901,,,,,,,,,,,,,,,,,,,,,,,,,,,
Persian Gulf (Shift),1902,,,,,,,,,,,,,,,,,,,,,,,,,,,
Persian Gulf (Shift),1903,,,,,,,,,,,,,,,,,,,,,,,,,,,
Persian Gulf (Shift),1904,,,,,,,,,,,,,,,,,,,,,,,,,,,
Persian Gulf (Shift),1905,,,,,,,,,,,,,,,,,,,,,,,,,,,
Persian Gulf (Shift),1906,,,,,,,,,,,,,,,,,,,,,,,,,,,
Persian Gulf (Shift),1907,,,,,,,,,,,,,,,,,,,,,,,,,,,
Persian Gulf (Shift),1908,,,,,,,,,,,,,,,,,,,,,,,,,,,
Persian Gulf (Shift),1909,,,,,,,,,,,,,,,,,,,,,,,,,,,
Persian Gulf (Shift),1910,,,,,,,,,,,,,,,,,,,,,,,,,,,
Persian Gulf (Shift),1911,,,,,,,,,,,,,,,,,,,,,,,,,,,
Persian Gulf (Shift),1912,,,,,,,,,,,,,,,,,,,,,,,,,,,
Persian Gulf (Shift),1913,,,,,,,,,,,,,,,,,,,,,,,,,,,
Persian Gulf (Shift),1914,,,,,,,,,,,,,,,,,,,,,,,,,,,
Persian Gulf (Shift),1915,,,,,,,,,,,,,,,,,,,,,,,,,,,
Persian Gulf (Shift),1916,,,,,,,,,,,,,,,,,,,,,,,,,,,
Persian Gulf (Shift),1917,,,,,,,,,,,,,,,,,,,,,,,,,,,
Persian Gulf (Shift),1918,,,,,,,,,,,,,,,,,,,,,,,,,,,
Persian Gulf (Shift),1919,,,,,,,,,,,,,,,,,,,,,,,,,,,
Persian Gulf (Shift),1920,,,,,,,,,,,,,,,,,,,,,,,,,,,
Persian Gulf (Shift),1921,,,,,,,,,,,,,,,,,,,,,,,,,,,
Persian Gulf (Shift),1922,,,,,,,,,,,,,,,,,,,,,,,,,,,
Persian Gulf (Shift),1923,,,,,,,,,,,,,,,,,,,,,,,,,,,
Persian Gulf (Shift),1924,,,,,,,,,,,,,,,,,,,,,,,,,,,
Persian Gulf (Shift),1925,,,,,,,,,,,,,,,,,,,,,,,,,,,
Persian Gulf (Shift),1926,,,,,,,,,,,,,,,,,,,,,,,,,,,
Persian Gulf (Shift),1927,,,,,,,,,,,,,,,,,,,,,,,,,,,
Persian Gulf (Shift),1928,,,,,,,,,,,,,,,,,,,,,,,,,,,
Persian Gulf (Shift),1929,,,,,,,,,,,,,,,,,,,,,,,,,,,
Persian Gulf (Shift),1930,,,,,,,,,,,,,,,,,,,,,,,,,,,
Persian Gulf (Shift),1931,,,,,,,,,,,,,,,,,,,,,,,,,,,
Persian Gulf (Shift),1932,,,,,,,,,,,,,,,,,,,,,,,,,,,
Persian Gulf (Shift),1933,,,,,,,,,,,,,,,,,,,,,,,,,,,
Persian Gulf (Shift),1934,,,,,,,,,,,,,,,,,,,,,,,,,,,
Persian Gulf (Shift),1935,,,,,,,,,,,,,,,,,,,,,,,,,,,
Persian Gulf (Shift),1936,,,,,,,,,,,,,,,,,,,,,,,,,,,
Persian Gulf (Shift),1937,,,,,,,,,,,,,,,,,,,,,,,,,,,
Persian Gulf (Shift),1938,,,,,,,,,,,,,,,,,,,,,,,,,,,
Persian Gulf (Shift),1939,,,,,,,,,,,,,,,,,,,,,,,,,,,
Persian Gulf (Shift),1940,,,,,,,,,,,,,,,,,,,,,,,,,,,
Persian Gulf (Shift),1941,,,,,,,,,,,,,,,,,,,,,,,,,,,
Persian Gulf (Shift),1942,,,,,,,,,,,,,,,,,,,,,,,,,,,
Persian Gulf (Shift),1943,,,,,,,,,,,,,,,,,,,,,,,,,,,
Persian Gulf (Shift),1944,,,,,,,,,,,,,,,,,,,,,,,,,,,
Persian Gulf (Shift),1945,,,,,,,,,,,,,,,,,,,,,,,,,,,
Persian Gulf (Shift),1946,,,,,,,,,,,,,,,,,,,,,,,,,,,
Persian Gulf (Shift),1947,,,,,,,,,,,,,,,,,,,,,,,,,,,
Persian Gulf (Shift),1948,,,,,,,,,,,,,,,,,,,,,,,,,,,
Persian Gulf (Shift),1949,,,,,,,,,,,,,,,,,,,,,,,,,,,
Persian Gulf (Shift),1950,,,,,,,,,,,,,,,,,,,,,,,,,,,
Persian Gulf (Shift),1951,,,,,,,,,,,,,,,,,,,,,,,,,,,
Persian Gulf (Shift),1952,,,,,,,,,,,,,,,,,,,,,,,,,,,
Persian Gulf (Shift),1953,,,,,,,,,,,,,,,,,,,,,,,,,,,
Persian Gulf (Shift),1954,,,,,,,,,,,,,,,,,,,,,,,,,,,
Persian Gulf (Shift),1955,,,,,,,,,,,,,,,,,,,,,,,,,,,
Persian Gulf (Shift),1956,,,,,,,,,,,,,,,,,,,,,,,,,,,
Persian Gulf (Shift),1957,,,,,,,,,,,,,,,,,,,,,,,,,,,
Persian Gulf (Shift),1958,,,,,,,,,,,,,,,,,,,,,,,,,,,
Persian Gulf (Shift),1959,,,,,,,,,,,,,,,,,,,,,,,,,,,
Persian Gulf (Shift),1960,,,,,,,,,,,,,,,,,,,,,,,,,,,
Persian Gulf (Shift),1961,,,,,,,,,,,,,,,,,,,,,,,,,,,
Persian Gulf (Shift),1962,,,,,,,,,,,,,,,,,,,,,,,,,,,
Persian Gulf (Shift),1963,,,,,,,,,,,,,,,,,,,,,,,,,,,
Persian Gulf (Shift),1964,,,,,,,,,,,,,,,,,,,,,,,,,,,
Persian Gulf (Shift),1965,,,,,,,,,,,,,,,,,,,,,,,,,,,
Persian Gulf (Shift),1966,,,,,,,,,,,,,,,,,,,,,,,,,,,
Persian Gulf (Shift),1967,,,,,,,,,,,,,,,,,,,,,,,,,,,
Persian Gulf (Shift),1968,,,,,,,,,,,,,,,,,,,,,,,,,,,
Persian Gulf (Shift),1969,,,,,,,,,,,,,,,,,,,,,,,,,,,
Persian Gulf (Shift),1970,,,,,,,,,,,,,,,,,,,,,,,,,,,
Persian Gulf (Shift),1971,,,,,,,,,,,,,,,,,,,,,,,,,,,
Persian Gulf (Shift),1972,,,,,,,,,,,,,,,,,,,,,,,,,,,
Persian Gulf (Shift),1973,,,,,,,,,,,,,,,,,,,,,,,,,,,
Persian Gulf (Shift),1974,,,,,,,,,,,,,,,,,,,,,,,,,,,
Persian Gulf (Shift),1975,,,,,,,,,,,,,,,,,,,,,,,,,,,
Persian Gulf (Shift),1976,,,,,,,,,,,,,,,,,,,,,,,,,,,
Persian Gulf (Shift),1977,,,,,,,,,,,,,,,,,,,,,,,,,,,
Persian Gulf (Shift),1978,,,,,,,,,,,,,,,,,,,,,,,,,,,
Persian Gulf (Shift),1979,,,,,,,,,,,,,,,,,,,,,,,,,,,
Persian Gulf (Shift),1980,,,,,,,,,,,,,,,,,,,,,,,,,,,
Persian Gulf (Shift),1981,,,,,,,,,,,,,,,,,,,,,,,,,,,
Persian Gulf (Shift),1982,,,,,,,,,,,,,,,,,,,,,,,,,,,
Persian Gulf (Shift),1983,,,,,,,,,,,,,,,,,,,,,,,,,,,
Persian Gulf (Shift),1984,,,,,,,,,,,,,,,,,,,,,,,,,,,
Persian Gulf (Shift),1985,,,,,,,,,,,,,,,,,,,,,,,,,,,
Persian Gulf (Shift),1986,,,,,,,,,,,,,,,,,,,,,,,,,,,
Persian Gulf (Shift),1987,,,,,,,,,,,,,,,,,,,,,,,,,,,
Persian Gulf (Shift),1988,,,,,,,,,,,,,,,,,,,,,,,,,,,
Persian Gulf (Shift),1989,,,,,,,,,,,,,,,,,,,,,,,,,,,
Persian Gulf (Shift),1990,,,,,,,,,,,,,,,,,,,,,,,,,,,
Persian Gulf (Shift),1991,,,,,,,,,,,,,,,,,,,,,,,,,,,
Persian Gulf (Shift),1992,,,,,,,,,,,,,,,,,,,,,,,,,,,
Persian Gulf (Shift),1993,,,,,,,,,,,,,,,,,,,,,,,,,,,
Persian Gulf (Shift),1994,,,,,,,,,,,,,,,,,,,,,,,,,,,
Persian Gulf (Shift),1995,,,,,,,,,,,,,,,,,,,,,,,,,,,
Persian Gulf (Shift),1996,,,,,,,,,,,,,,,,,,,,,,,,,,,
Persian Gulf (Shift),1997,,,,,,,,,,,,,,,,,,,,,,,,,,,
Persian Gulf (Shift),1998,,,,,,,,,,,,,,,,,,,,,,,,,,,
Persian Gulf (Shift),1999,,,,,,,,,,,,,,,,,,,,,,,,,,,
Persian Gulf (Shift),2000,,,,,,,,,,,,,,,,,,,,,,,,,,,
Persian Gulf (Shift),2001,,,,,,,,,,,,,,,,,,,,,,,,,,,
Persian Gulf (Shift),2002,,,,,,,,,,,,,,,,,,,,,,,,,,,
Persian Gulf (Shift),2003,,,,,,,,,,,,,,,,,,,,,,,,,,,
Persian Gulf (Shift),2004,,,,,,,,,,,,,,,,,,,,,,,,,,,
Persian Gulf (Shift),2005,,,,,,,,,,,,,,,,,,,,,,,,,,,
Persian Gulf (Shift),2006,,,,,,,,,,,,,,,,,,,,,,,,,,,
Persian Gulf (Shift),2007,,,,,,,,,,,,,,,,,,,,,,,,,,,
Persian Gulf (Shift),2008,,,,,,,,,,,,,,,,,,,,,,,,,,,
Persian Gulf (Shift),2009,,,,,,,,,,,,,,,,,,,,,,,,,,,
Persian Gulf (Shift),2010,,,,,,,,,,,,,,,,,,,,,,,,,,,
Persian Gulf (Shift),2011,,,,,,,,,,,,,,,,,,,,,,,,,,,
Persian Gulf (Shift),2012,,,,,,,,,,,,,,,,,,,,,,,,,,,
Persian Gulf (Shift),2013,,,,,,,,,,,,,,,,,,,,,,,,,,,
Persian Gulf (Shift),2014,,,,,,,,,,,,,,,,,,,,,,,,,,,
Persian Gulf (Shift),2015,,,,,,,,,,,,,,,,,,,,,,,,,,,
Persian Gulf (Shift),2016,,,,,,,,,,,,,,,,,,,,,,,,,,,
Rest of World (EI),1995,,,,,,,,,,,,,,,,,,,,,,,,,,,
Rest of World (EI),1996,,,,,,,,,,,,,,,,,,,,,,,,,,,
Rest of World (EI),1997,,,,,,,,,,,,,,,,,,,,,,,,,,,
Rest of World (EI),1998,,,,,,,,,,,,,,,,,,,,,,,,,,,
Rest of World (EI),1999,,,,,,,,,,,,,,,,,,,,,,,,,,,
Rest of World (EI),2000,,,,,,,,,,,,,,,,,,,,,,,,,,,
Rest of World (EI),2001,,,,,,,,,,,,,,,,,,,,,,,,,,,
Rest of World (EI),2002,,,,,,,,,,,,,,,,,,,,,,,,,,,
Rest of World (EI),2003,,,,,,,,,,,,,,,,,,,,,,,,,,,
Rest of World (EI),2004,,,,,,,,,,,,,,,,,,,,,,,,,,,
Rest of World (EI),2005,,,,,,,,,,,,,,,,,,,,,,,,,,,
Rest of World (EI),2006,,,,,,,,,,,,,,,,,,,,,,,,,,,
Rest of World (EI),2007,,,,,,,,,,,,,,,,,,,,,,,,,,,
Rest of World (EI),2008,,,,,,,,,,,,,,,,,,,,,,,,,,,
Rest of World (EI),2009,,,,,,,,,,,,,,,,,,,,,,,,,,,
Rest of World (EI),2010,,,,,,,,,,,,,,,,,,,,,,,,,,,
Rest of World (EI),2011,,,,,,,,,,,,,,,,,,,,,,,,,,,
Rest of World (EI),2012,,,,,,,,,,,,,,,,,,,,,,,,,,,
Rest of World (EI),2013,,,,,,,,,,,,,,,,,,,,,,,,,,,
Rest of World (EI),2014,,,,,,,,,,,,,,,,,,,,,,,,,,,
Rest of World (EI),2015,,,,,,,,,,,,,,,,,,,,,,,,,,,
Rest of World (EI),2016,,,,,,,,,,,,,,,,,,,,,,,,,,,
Rest of World (EI),2017,,,,,,,,,,,,,,,,,,,,,,,,,,,
Rest of World (EI),2018,,,,,,,,,,,,,,,,,,,,,,,,,,,
Rest of World (EI),2019,,,,,,,,,,,,,,,,,,,,,,,,,,,
Rest of World (EI),2020,,,,,,,,,,,,,,,,,,,,,,,,,,,
Rest of World (EI),2021,,,,,,,,,,,,,,,,,,,,,,,,,,,
Rest of World (EI),2022,,,,,,,,,,,,,,,,,,,,,,,,,,,
Rest of World (EI),2023,,,,,,,,,,,,,,,,,,,,,,,,,,,
Rest of World (EI),2024,,,,,,,,,,,,,,,,,,,,,,,,,,,
Serbia and Montenegro,1992,,10188744.0,,227.265,22305.471,,,,,,,,,,,,,,,,,,,,,,
Serbia and Montenegro,1993,,10282967.0,,190.168,18493.479,,,,,,,,,,,,,,,,,,,,,,
Serbia and Montenegro,1994,,10349290.0,,186.11,17982.881,,,,,,,,,,,,,,,,,,,,,,
Serbia and Montenegro,1995,,10371560.0,,206.791,19938.254,,,,,,,,,,,,,,,,,,,,,,
Serbia and Montenegro,1996,,10342919.0,,241.589,23357.953,,,,,,,,,,,,,,,,,,,,,,
Serbia and Montenegro,1997,,10270806.0,,261.614,25471.582,,,,,,,,,,,,,,,,,,,,,,
Serbia and Montenegro,1998,,10171025.0,,266.008,26153.467,,,,,,,,,,,,,,,,,,,,,,
Serbia and Montenegro,1999,,10066727.0,,207.784,20640.633,,,,,,,,,,,,,,,,,,,,,,
Serbia and Montenegro,2000,,9975028.0,,212.83,21336.246,,,,,,,,,,,,,,,,,,,,,,
Serbia and Montenegro,2001,,9900831.0,,220.655,22286.547,,,,,,,,,,,,,,,,,,,,,,
Serbia and Montenegro,2002,,9840118.0,,247.634,25165.766,,,,,,,,,,,,,,,,,,,,,,
Serbia and Montenegro,2003,,9790282.0,,254.103,25954.656,,,,,,,,,,,,,,,,,,,,,,
Serbia and Montenegro,2004,,9745756.0,,259.647,26642.047,,,,,,,,,,,,,,,,,,,,,,
Serbia and Montenegro,2005,,9702399.0,,241.983,24940.557,,,,,,,,,,,,,,,,,,,,,,
South America,1900,,41330741.0,,,,,,,,,,,,,,,,,,,,,,,,,
South America,1901,,42167855.0,,,,,,,,,,,,,,,,,,,,,,,,,
South America,1902,,43021342.0,,,,,,,,,,,,,,,,,,,,,,,,,
South America,1903,,43891359.0,,,,,,,,,,,,,,,,,,,,,,,,,
South America,1904,,44781677.0,,,,,,,,,,,,,,,,,,,,,,,,,
South America,1905,,45692841.0,,,,,,,,,,,,,,,,,,,,,,,,,
South America,1906,,46625401.0,,,,,,,,,,,,,,,,,,,,,,,,,
South America,1907,,47579926.0,,,,,,,,,,,,,,,,,,,,,,,,,
South America,1908,,48557015.0,,,,,,,,,,,,,,,,,,,,,,,,,
South America,1909,,49545768.0,,,,,,,,,,,,,,,,,,,,,,,,,
South America,1910,,50545993.0,,,,,,,,,,,,,,,,,,,,,,,,,
South America,1911,,51557488.0,,,,,,,,,,,,,,,,,,,,,,,,,
South America,1912,,52579990.0,,,,,,,,,,,,,,,,,,,,,,,,,
South America,1913,,53613237.0,,,,,,,,,,,,,,,,,,,,,,,,,
South America,1914,,54668408.0,,,,,,,,,,,,,,,,,,,,,,,,,
South America,1915,,55745990.0,,,,,,,,,,,,,,,,,,,,,,,,,
South America,1916,,56846479.0,,,,,,,,,,,,,,,,,,,,,,,,,
South America,1917,,57970388.0,,,,,,,,,,,,,,,,,,,,,,,,,
South America,1918,,59102586.0,,,,,,,,,,,,,,,,,,,,,,,,,
South America,1919,,60264993.0,,,,,,,,,,,,,,,,,,,,,,,,,
South America,1920,,61458404.0,,,,,,,,,,,,,,,,,,,,,,,,,
South America,1921,,62683653.0,,,,,,,,,,,,,,,,,,,,,,,,,
South America,1922,,63941565.0,,,,,,,,,,,,,,,,,,,,,,,,,
South America,1923,,65233001.0,,,,,,,,,,,,,,,,,,,,,,,,,
South America,1924,,66552723.0,,,,,,,,,,,,,,,,,,,,,,,,,
South America,1925,,67901379.0,,,,,,,,,,,,,,,,,,,,,,,,,
South America,1926,,69279649.0,,,,,,,,,,,,,,,,,,,,,,,,,
South America,1927,,70688219.0,,,,,,,,,,,,,,,,,,,,,,,,,
South America,1928,,72127798.0,,,,,,,,,,,,,,,,,,,,,,,,,
South America,1929,,73565553.0,,,,,,,,,,,,,,,,,,,,,,,,,
South America,1930,,75000544.0,,,,,,,,,,,,,,,,,,,,,,,,,
South America,1931,,76431800.0,,,,,,,,,,,,,,,,,,,,,,,,,
South America,1932,,77858278.0,,,,,,,,,,,,,,,,,,,,,,,,,
South America,1933,,79278889.0,,,,,,,,,,,,,,,,,,,,,,,,,
South America,1934,,80726067.0,,,,,,,,,,,,,,,,,,,,,,,,,
South America,1935,,82200318.0,,,,,,,,,,,,,,,,,,,,,,,,,
South America,1936,,83702161.0,,,,,,,,,,,,,,,,,,,,,,,,,
South America,1937,,85232121.0,,,,,,,,,,,,,,,,,,,,,,,,,
South America,1938,,86790735.0,,,,,,,,,,,,,,,,,,,,,,,,,
South America,1939,,88464085.0,,,,,,,,,,,,,,,,,,,,,,,,,
South America,1940,,90256708.0,,,,,,,,,,,,,,,,,,,,,,,,,
South America,1941,,92173092.0,,,,,,,,,,,,,,,,,,,,,,,,,
South America,1942,,94218266.0,,,,,,,,,,,,,,,,,,,,,,,,,
South America,1943,,96397220.0,,,,,,,,,,,,,,,,,,,,,,,,,
South America,1944,,98629580.0,,,,,,,,,,,,,,,,,,,,,,,,,
South America,1945,,100916695.0,,,,,,,,,,,,,,,,,,,,,,,,,
South America,1946,,103259939.0,,,,,,,,,,,,,,,,,,,,,,,,,
South America,1947,,105660736.0,,,,,,,,,,,,,,,,,,,,,,,,,
South America,1948,,108120539.0,,,,,,,,,,,,,,,,,,,,,,,,,
South America,1949,,110738339.0,,,,,,,,,,,,,,,,,,,,,,,,,
South America,1950,,112973206.0,,,,,,,,,,,,,,,,,,,,,,,,,
South America,1951,,116032097.0,,,,,,,,,,,,,,,,,,,,,,,,,
South America,1952,,119207173.0,,,,,,,,,,,,,,,,,,,,,,,,,
South America,1953,,122485445.0,,,,,,,,,,,,,,,,,,,,,,,,,
South America,1954,,125865619.0,,,,,,,,,,,,,,,,,,,,,,,,,
South America,1955,,129351392.0,,,,,,,,,,,,,,,,,,,,,,,,,
South America,1956,,132949203.0,,,,,,,,,,,,,,,,,,,,,,,,,
South America,1957,,136660910.0,,,,,,,,,,,,,,,,,,,,,,,,,
South America,1958,,140478152.0,,,,,,,,,,,,,,,,,,,,,,,,,
South America,1959,,144408289.0,,,,,,,,,,,,,,,,,,,,,,,,,
South America,1960,,148441136.0,,,,,,,,,,,,,,,,,,,,,,,,,
South America,1961,,152563381.0,,,,,,,,,,,,,,,,,,,,,,,,,
South America,1962,,156774169.0,,,,,,,,,,,,,,,,,,,,,,,,,
South America,1963,,161065580.0,,,,,,,,,,,,,,,,,,,,,,,,,
South America,1964,,165413050.0,,,,,,,,,,,,,,,,,,,,,,,,,
South America,1965,,169787372.0,,1068.788,6294.86,89.644,951.746,,10.356,,109.949,39.582,39.582,,10.356,0.0,,0.0,0.0,,0.0,0.0,,0.0,39.582,,10.356
South America,1966,,174174981.0,,1139.522,6542.4,89.176,1009.133,,10.824,,122.487,44.095,44.095,,10.824,0.0,,0.0,0.0,,0.0,0.0,,0.0,44.095,,10.824
South America,1967,,178570551.0,,1181.497,6616.414,88.953,1043.545,,11.047,,129.591,46.653,46.653,,11.047,0.0,,0.0,0.0,,0.0,0.0,,0.0,46.653,,11.047
South America,1968,,182977284.0,,1261.538,6894.505,89.012,1115.017,,10.988,,137.641,49.551,49.551,,10.988,0.0,,0.0,0.0,,0.0,0.0,,0.0,49.551,,10.988
South America,1969,,187410578.0,,1320.568,7046.389,88.678,1162.56,,11.322,,148.432,53.435,53.435,,11.322,0.0,,0.0,0.0,,0.0,0.0,,0.0,53.435,,11.322
South America,1970,,191855157.0,,1406.823,7332.736,87.097,1215.459,,12.903,,180.057,63.451,62.88,,12.516,0.0,,0.0,0.0,,0.0,0.571,,0.128,63.451,,12.903
South America,1971,,196342426.0,,1485.632,7566.534,86.376,1272.358,,13.624,,200.691,70.862,69.821,,13.166,0.0,,0.0,0.0,,0.0,1.041,,0.221,70.862,,13.624
South America,1972,,200916855.0,,1596.582,7946.482,85.584,1354.197,,14.416,,228.099,80.424,79.289,,13.919,0.0,,0.0,0.0,,0.0,1.136,,0.224,80.424,,14.416
South America,1973,,205568584.0,,1758.1,8552.376,85.313,1486.134,,14.687,,255.846,90.671,89.518,,14.275,0.0,,0.0,0.0,,0.0,1.153,,0.207,90.671,,14.687
South America,1974,,210289337.0,,1889.065,8983.172,84.152,1574.01,,15.695,,293.557,104.323,103.099,,15.311,0.0,,0.0,0.0,,0.0,1.224,,0.205,104.323,,15.695
South America,1975,,215072895.0,,1922.963,8940.984,82.808,1575.478,,16.825,,320.101,113.892,112.392,,16.409,0.0,,0.0,0.0,,0.0,1.5,,0.246,113.892,,16.825
South America,1976,,219943070.0,,2061.842,9374.433,82.199,1676.13,,17.451,,355.849,126.854,125.337,,17.074,0.0,,0.0,0.0,,0.0,1.517,,0.233,126.854,,17.451
South America,1977,,224941182.0,,2197.639,9769.839,81.418,1768.767,,18.372,,399.129,141.151,139.382,,17.822,0.0,,0.0,0.0,,0.0,1.769,,0.254,141.151,,18.372
South America,1978,,230064004.0,,2325.848,10109.571,80.379,1847.205,,19.271,,442.864,155.025,153.061,,18.501,0.0,,0.0,0.0,,0.0,1.964,,0.267,155.025,,19.271
South America,1979,,235280221.0,,2499.905,10625.225,79.217,1955.451,,20.48,,505.551,175.973,173.55,,19.53,0.0,,0.0,0.0,,0.0,2.423,,0.307,175.973,,20.48
South America,1980,,240599668.0,,2612.131,10856.751,77.699,2002.234,,22.049,,568.179,197.238,194.832,,21.002,0.0,,0.0,0.0,,0.0,2.406,,0.292,197.238,,22.049
South America,1981,,246004203.0,,2587.896,10519.725,77.271,1972.187,,22.422,,572.28,199.283,196.835,,21.423,0.0,,0.0,0.0,,0.0,2.448,,0.3,199.283,,22.422
South America,1982,,251463267.0,,2668.023,10609.991,75.967,1997.535,,23.835,,626.744,216.298,213.395,,22.543,0.0,,0.0,0.0,,0.0,2.903,,0.345,216.298,,23.835
South America,1983,,256993747.0,,2698.01,10498.349,73.849,1961.736,,25.795,,685.221,233.339,229.537,,24.002,0.0,,0.0,0.0,,0.0,3.801,,0.447,233.339,,25.795
South America,1984,,262567857.0,,2808.501,10696.287,71.913,1986.622,,27.455,,758.462,256.65,253.005,,25.44,0.0,,0.0,0.0,,0.0,3.645,,0.412,256.65,,27.455
South America,1985,,268127340.0,,2932.326,10936.318,70.418,2029.741,358.183,28.701,77.564,827.28,277.82,273.907,76.471,26.396,0.0,0.0,0.0,0.0,0.0,0.0,3.913,1.092,0.424,277.82,77.564,28.701
South America,1986,,273653738.0,,3118.485,11395.734,70.079,2147.977,386.53,29.39,77.289,900.818,298.744,294.629,76.224,26.701,0.0,0.0,0.0,0.0,0.0,0.0,4.115,1.065,0.42,298.744,77.289,29.39
South America,1987,,279159631.0,,3238.543,11601.045,69.227,2202.395,405.261,30.124,78.732,958.361,319.07,314.613,77.632,27.47,0.0,0.0,0.0,0.0,0.0,0.0,4.457,1.1,0.438,319.07,78.732,30.124
South America,1988,,284663487.0,,3360.833,11806.336,69.34,2289.36,426.419,30.121,77.565,994.504,330.751,326.445,76.555,27.465,0.0,0.0,0.0,0.0,0.0,0.0,4.307,1.01,0.408,330.751,77.565,30.121
South America,1989,,290157633.0,,3417.285,11777.34,68.92,2313.338,437.918,30.512,77.472,1024.142,339.264,334.92,76.48,27.717,0.0,0.0,0.0,0.0,0.0,0.0,4.344,0.992,0.404,339.264,77.472,30.512
South America,1990,,295639583.0,,3435.828,11621.678,67.86,2288.61,447.058,31.356,79.046,1057.494,353.381,347.904,77.821,28.655,0.0,0.0,0.0,0.0,0.0,0.0,5.476,1.225,0.507,353.381,79.046,31.356
South America,1991,,301035777.0,,3554.76,11808.429,66.929,2333.851,472.828,32.339,79.977,1127.676,378.155,372.477,78.776,29.671,0.0,0.0,0.0,0.0,0.0,0.0,5.678,1.201,0.509,378.155,79.977,32.339
South America,1992,,306386108.0,,3699.191,12073.626,67.569,2452.8,484.326,31.754,80.003,1152.697,387.475,380.075,78.475,29.084,0.0,0.0,0.0,0.0,0.0,0.0,7.399,1.528,0.637,387.475,80.003,31.754
South America,1993,,311712472.0,,3851.125,12354.733,66.594,2515.078,514.571,32.804,81.04,1238.904,417.009,409.547,79.59,30.122,0.0,0.0,0.0,0.0,0.0,0.0,7.462,1.45,0.617,417.009,81.04,32.804
South America,1994,,316983654.0,,4086.446,12891.662,66.551,2666.97,539.742,32.875,82.106,1317.425,443.16,435.204,80.632,30.167,0.0,0.0,0.0,0.0,0.0,0.0,7.956,1.474,0.62,443.16,82.106,32.875
South America,1995,,322239766.0,,4288.042,13306.992,66.881,2813.059,571.077,32.486,80.463,1366.37,459.505,451.172,79.004,29.796,0.0,0.0,0.0,0.0,0.0,0.0,8.332,1.459,0.619,459.505,80.463,32.486
South America,1996,,327454409.0,,4471.074,13654.036,67.041,2940.473,600.101,32.333,79.482,1418.131,476.972,467.494,77.903,29.607,0.0,0.0,0.0,0.012,0.002,0.001,9.466,1.577,0.674,476.972,79.482,32.333
South America,1997,,332642670.0,,4710.066,14159.538,67.024,3096.544,634.27,32.307,79.607,1492.578,504.926,494.853,78.019,29.753,0.0,0.0,0.0,0.019,0.003,0.001,10.053,1.585,0.68,504.926,79.607,32.307
South America,1998,,337868219.0,,4847.86,14348.376,67.373,3204.178,659.026,32.001,78.258,1521.925,515.739,506.041,76.786,29.556,0.0,0.0,0.0,0.038,0.006,0.002,9.66,1.466,0.635,515.739,78.258,32.001
South America,1999,,343039488.0,,4852.017,14144.192,67.377,3207.254,677.414,31.976,76.109,1522.13,515.573,504.716,74.506,29.453,0.0,0.0,0.0,0.037,0.006,0.002,10.819,1.597,0.71,515.573,76.109,31.976
South America,2000,,348018743.0,,4987.808,14332.009,66.809,3267.462,704.85,32.497,77.246,1589.366,544.47,534.48,75.829,30.295,0.01,0.001,0.0,0.03,0.004,0.002,9.95,1.412,0.664,544.47,77.246,32.497
South America,2001,,352811861.0,,4943.043,14010.422,68.041,3302.104,687.11,30.745,74.495,1492.092,511.86,499.55,72.703,28.525,0.01,0.001,0.0,0.09,0.013,0.005,12.21,1.777,0.764,511.86,74.495,30.745
South America,2002,,357458493.0,,4978.718,13928.102,66.966,3269.556,708.87,31.931,75.798,1559.021,537.31,523.64,73.87,29.499,0.01,0.001,0.0,0.14,0.02,0.008,13.52,1.907,0.858,537.31,75.798,31.931
South America,2003,,361970820.0,,4995.902,13801.946,65.856,3225.282,743.13,32.98,75.601,1615.204,561.81,546.22,73.503,30.504,0.01,0.001,0.0,0.15,0.02,0.008,15.43,2.076,0.979,561.81,75.601,32.98
South America,2004,,366372166.0,,5292.898,14446.779,66.907,3474.887,789.01,32.076,74.016,1665.892,583.99,567.64,71.943,29.532,0.01,0.001,0.0,0.19,0.024,0.01,16.15,2.047,0.973,583.99,74.016,32.076
South America,2005,,370696350.0,,5460.805,14731.207,66.431,3556.428,821.31,32.729,75.248,1752.151,618.02,600.46,73.11,30.1,0.01,0.001,0.0,0.22,0.027,0.011,17.33,2.11,1.017,618.02,75.248,32.729
South America,2006,,374925352.0,,5732.889,15290.748,66.627,3746.308,860.44,32.352,75.067,1819.081,645.91,627.19,72.892,29.804,0.01,0.001,0.0,0.38,0.044,0.018,18.33,2.13,1.027,645.91,75.067,32.352
South America,2007,,379035651.0,,6025.527,15896.992,66.787,3949.568,904.61,32.331,74.383,1911.985,672.88,649.09,71.754,29.195,0.01,0.001,0.0,0.78,0.086,0.035,23.0,2.543,1.227,672.88,74.383,32.331
South America,2008,,383025009.0,,6235.885,16280.622,67.062,4104.652,943.38,32.017,71.941,1959.695,678.68,651.32,69.041,28.123,0.01,0.001,0.0,1.31,0.139,0.057,26.04,2.76,1.367,678.68,71.941,32.017
South America,2009,,386904378.0,,6192.379,16004.935,65.753,3995.321,949.23,33.334,73.858,2025.44,701.08,669.35,70.515,28.967,0.01,0.001,0.0,1.46,0.154,0.063,30.26,3.188,1.556,701.08,73.858,33.334
South America,2010,,390701117.0,,6511.888,16667.186,66.862,4274.142,1006.5,32.253,70.792,2061.76,712.52,669.95,66.562,27.32,0.01,0.001,0.0,2.65,0.263,0.108,39.91,3.965,1.958,712.52,70.792,32.253
South America,2011,,394477912.0,,6806.542,17254.557,66.839,4466.373,1044.6,32.306,72.657,2158.754,758.98,713.04,68.26,27.614,0.05,0.005,0.002,3.23,0.309,0.125,42.66,4.084,1.965,758.98,72.657,32.306
South America,2012,,398255319.0,,7048.7,17698.947,68.398,4738.928,1093.93,30.767,68.448,2131.706,748.77,696.43,63.663,25.951,0.13,0.012,0.005,6.05,0.553,0.223,46.16,4.22,2.127,748.77,68.448,30.767
South America,2013,,402022546.0,,7236.995,18001.465,69.517,4947.787,1142.06,29.705,65.032,2114.196,742.7,682.4,59.752,24.27,0.28,0.025,0.01,7.94,0.695,0.285,52.08,4.56,2.359,742.7,65.032,29.705
South America,2014,,405812435.0,,7300.901,17990.826,69.855,5019.191,1135.34,29.405,63.163,2112.787,717.12,641.96,56.543,23.228,0.81,0.071,0.027,15.52,1.367,0.55,58.83,5.182,2.579,717.12,63.163,29.405
South America,2015,,409619969.0,,7249.083,17697.096,69.236,4940.629,1163.59,29.991,63.044,2140.127,733.57,642.41,55.209,22.682,1.71,0.147,0.065,27.28,2.344,0.967,62.17,5.343,2.755,733.57,63.044,29.991
South America,2016,,413395039.0,,7191.099,17395.223,68.155,4818.864,1167.76,30.987,65.692,2190.935,767.12,659.26,56.455,23.263,3.21,0.275,0.112,40.81,3.495,1.451,63.84,5.467,2.868,767.12,65.692,30.987
South America,2017,,417045362.0,,7223.7,17321.139,67.229,4773.63,1164.29,32.002,67.6,2272.332,787.06,664.38,57.063,23.635,5.39,0.463,0.192,51.56,4.428,1.82,65.73,5.646,2.977,787.06,67.6,32.002
South America,2018,,420440405.0,,7141.376,16985.465,65.272,4579.299,1179.67,33.929,69.386,2380.334,818.52,681.59,57.778,24.39,10.12,0.858,0.36,59.92,5.079,2.124,66.89,5.67,3.157,818.52,69.386,33.929
South America,2019,,423548291.0,,7093.475,16747.734,64.288,4476.867,1190.27,34.838,69.208,2426.065,823.76,668.31,56.148,24.253,15.4,1.294,0.549,72.56,6.096,2.579,67.49,5.67,3.147,823.76,69.208,34.838
South America,2020,,426213552.0,,6567.752,15409.534,61.754,3977.431,1174.14,37.324,71.243,2403.922,836.49,662.56,56.429,25.624,21.52,1.833,0.827,79.47,6.768,3.049,72.94,6.212,3.603,836.49,71.243,37.324
South America,2021,,428331419.0,,7050.511,16460.41,64.635,4476.997,1225.96,34.481,68.393,2388.372,838.47,635.92,51.871,22.656,31.6,2.578,1.133,99.93,8.151,3.553,71.02,5.793,3.207,838.47,68.393,34.481
South America,2022,,430492816.0,,7417.202,17229.561,62.979,4585.205,1246.98,36.277,74.927,2641.186,934.32,702.09,56.303,24.018,51.22,4.108,1.727,111.97,8.979,3.78,69.04,5.537,2.988,934.32,74.927,36.277
South America,2023,,433024223.0,,7615.986,17587.898,61.727,4606.267,1283.65,37.506,77.227,2798.781,991.33,716.16,55.791,23.799,75.02,5.844,2.471,127.32,9.919,4.174,72.83,5.674,3.106,991.33,77.227,37.506
South America,2024,,435611337.0,,7719.653,17721.424,61.322,4643.06,1320.5,37.833,76.787,2864.532,1013.97,696.63,52.755,22.715,100.9,7.641,3.275,143.22,10.846,4.662,73.22,5.545,3.156,1013.97,76.787,37.833
South and Central America (EI),1965,,,,1365.62,,90.888,1234.458,,9.112,,123.759,41.303,41.303,,8.447,0.0,,0.0,0.0,,0.0,0.0,,0.0,41.303,,9.112
South and Central America (EI),1966,,,,1447.972,,90.483,1302.703,,9.515,,136.991,46.001,46.001,,8.875,0.0,,0.0,0.0,,0.0,0.0,,0.0,46.001,,9.515
South and Central America (EI),1967,,,,1503.728,,90.324,1350.348,,9.669,,144.552,48.661,48.661,,9.041,0.0,,0.0,0.0,,0.0,0.0,,0.0,48.661,,9.669
South and Central America (EI),1968,,,,1591.915,,90.311,1429.296,,9.686,,153.295,51.747,51.747,,9.082,0.0,,0.0,0.0,,0.0,0.0,,0.0,51.747,,9.686
South and Central America (EI),1969,,,,1660.75,,90.004,1485.726,,9.988,,164.87,55.852,55.852,,9.399,0.0,,0.0,0.0,,0.0,0.0,,0.0,55.852,,9.988
South and Central America (EI),1970,,,,1789.682,,88.877,1580.133,,11.115,,197.62,66.211,65.64,,10.256,0.0,,0.0,0.0,,0.0,0.571,,0.1,66.211,,11.115
South and Central America (EI),1971,,,,1881.255,,88.042,1644.64,,11.952,,223.257,75.221,73.068,,10.865,0.0,,0.0,0.0,,0.0,2.153,,0.36,75.221,,11.952
South and Central America (EI),1972,,,,2032.561,,87.538,1766.17,,12.451,,251.221,84.835,82.693,,11.385,0.0,,0.0,0.0,,0.0,2.143,,0.332,84.835,,12.451
South and Central America (EI),1973,,,,2232.821,,87.371,1936.143,,12.623,,279.726,95.287,93.01,,11.659,0.0,,0.0,0.0,,0.0,2.277,,0.321,95.287,,12.623
South and Central America (EI),1974,,,,2363.871,,86.283,2022.903,,13.591,,318.643,109.252,106.863,,12.661,0.0,,0.0,0.0,,0.0,2.389,,0.318,109.252,,13.591
South and Central America (EI),1975,,,,2384.039,,85.116,2011.262,,14.586,,344.656,118.789,115.916,,13.626,0.0,,0.0,0.0,,0.0,2.873,,0.38,118.789,,14.586
South and Central America (EI),1976,,,,2540.417,,84.467,2126.062,,15.247,,383.774,132.788,129.424,,14.283,0.0,,0.0,0.0,,0.0,3.363,,0.418,132.788,,15.247
South and Central America (EI),1977,,,,2699.995,,83.848,2242.24,,15.982,,427.398,146.808,143.124,,14.867,0.0,,0.0,0.0,,0.0,3.684,,0.43,146.808,,15.982
South and Central America (EI),1978,,,,2842.938,,82.824,2330.959,,16.89,,475.351,162.271,158.188,,15.613,0.0,,0.0,0.0,,0.0,4.084,,0.453,162.271,,16.89
South and Central America (EI),1979,,,,3025.432,,81.67,2444.323,,18.08,,541.126,184.169,179.786,,16.686,0.0,,0.0,0.0,,0.0,4.383,,0.458,184.169,,18.08
South and Central America (EI),1980,,,,3137.957,,80.248,2488.978,,19.542,,606.117,205.848,201.443,,18.041,0.0,,0.0,0.0,,0.0,4.406,,0.444,205.848,,19.542
South and Central America (EI),1981,,,,3124.963,,79.899,2467.378,,19.847,,612.911,209.328,204.444,,18.39,0.0,,0.0,0.0,,0.0,4.884,,0.494,209.328,,19.847
South and Central America (EI),1982,,,,3167.89,,78.529,2456.594,,21.305,,666.473,225.719,220.194,,19.552,0.0,,0.0,0.0,,0.0,5.526,,0.552,225.719,,21.305
South and Central America (EI),1983,,,,3189.502,,76.579,2409.657,,23.121,,727.526,243.468,237.109,,20.931,0.0,,0.0,0.0,,0.0,6.359,,0.631,243.468,,23.121
South and Central America (EI),1984,,,,3321.339,,74.915,2452.726,,24.552,,803.822,267.792,261.609,,22.196,0.0,,0.0,0.0,,0.0,6.184,,0.59,267.792,,24.552
South and Central America (EI),1985,,,,3426.958,,73.327,2475.122,408.714,25.92,70.853,874.921,289.584,283.508,69.366,23.331,0.0,0.0,0.0,0.0,0.0,0.0,6.076,1.487,0.563,289.584,70.853,25.92
South and Central America (EI),1986,,,,3628.125,,72.848,2602.665,439.902,26.697,70.987,953.81,312.275,306.007,69.563,23.792,0.0,0.0,0.0,0.0,0.0,0.0,6.268,1.425,0.548,312.275,70.987,26.697
South and Central America (EI),1987,,,,3764.872,,72.098,2671.733,462.064,27.344,72.118,1013.303,333.232,326.53,70.668,24.477,0.0,0.0,0.0,0.0,0.0,0.0,6.702,1.45,0.565,333.232,72.118,27.344
South and Central America (EI),1988,,,,3896.185,,72.087,2764.396,484.415,27.449,71.398,1052.598,345.864,339.224,70.028,24.572,0.0,0.0,0.0,0.0,0.0,0.0,6.64,1.371,0.541,345.864,71.398,27.449
South and Central America (EI),1989,,,,3972.191,,71.829,2808.046,497.248,27.683,71.25,1082.234,354.29,347.359,69.856,24.681,0.0,0.0,0.0,0.0,0.0,0.0,6.931,1.394,0.554,354.29,71.25,27.683
South and Central America (EI),1990,,,,3996.779,,70.886,2786.739,508.552,28.441,72.585,1118.104,369.135,360.803,70.947,25.494,0.0,0.0,0.0,0.0,0.0,0.0,8.332,1.638,0.662,369.135,72.585,28.441
South and Central America (EI),1991,,,,4113.946,,70.011,2831.349,534.082,29.357,73.678,1187.237,393.502,385.096,72.104,26.451,0.0,0.0,0.0,0.0,0.0,0.0,8.405,1.574,0.65,393.502,73.678,29.357
South and Central America (EI),1992,,,,4254.762,,70.506,2949.75,550.687,28.907,73.163,1209.401,402.898,392.177,71.216,26.039,0.0,0.0,0.0,0.0,0.0,0.0,10.721,1.947,0.801,402.898,73.163,28.907
South and Central America (EI),1993,,,,4422.79,,69.657,3027.441,582.007,29.819,74.493,1296.007,433.553,423.276,72.727,27.053,0.0,0.0,0.0,0.002,0.0,0.0,10.276,1.766,0.739,433.553,74.493,29.819
South and Central America (EI),1994,,,,4686.542,,69.723,3211.119,611.194,29.777,75.03,1371.372,458.577,447.757,73.259,27.006,0.0,0.0,0.0,0.008,0.001,0.0,10.812,1.769,0.734,458.577,75.03,29.777
South and Central America (EI),1995,,,,4907.908,,69.998,3376.664,646.374,29.45,73.459,1420.631,474.819,463.74,71.745,26.704,0.0,0.0,0.0,0.008,0.001,0.0,11.071,1.713,0.717,474.819,73.459,29.45
South and Central America (EI),1996,,,,5118.708,,70.066,3525.23,678.751,29.388,72.881,1478.602,494.681,482.188,71.04,26.622,0.0,0.0,0.0,0.042,0.006,0.002,12.451,1.834,0.773,494.681,72.881,29.388
South and Central America (EI),1997,,,,5389.288,,70.12,3714.238,717.634,29.296,72.742,1551.825,522.019,508.809,70.901,26.682,0.0,0.0,0.0,0.103,0.014,0.005,13.107,1.826,0.773,522.019,72.742,29.296
South and Central America (EI),1998,,,,5562.507,,70.526,3856.484,748.9,28.929,71.186,1581.886,533.112,520.662,69.524,26.449,0.0,0.0,0.0,0.111,0.015,0.006,12.339,1.648,0.705,533.112,71.186,28.929
South and Central America (EI),1999,,,,5573.408,,70.368,3855.315,772.503,29.07,69.485,1592.686,536.775,522.152,67.592,26.473,0.0,0.0,0.0,0.148,0.019,0.008,14.474,1.874,0.826,536.775,69.485,29.07
South and Central America (EI),2000,,,,5797.681,,70.265,4003.708,808.784,29.14,69.874,1660.391,565.133,550.313,68.042,26.828,0.003,0.0,0.0,0.252,0.031,0.012,14.565,1.801,0.799,565.133,69.874,29.14
South and Central America (EI),2001,,,,5798.755,,71.666,4089.83,796.546,27.301,66.885,1557.985,532.771,516.229,64.808,24.989,0.004,0.001,0.0,0.321,0.04,0.016,16.217,2.036,0.888,532.771,66.885,27.301
South and Central America (EI),2002,,,,5860.138,,70.811,4079.797,821.469,28.255,68.207,1627.902,560.3,541.893,65.966,25.768,0.006,0.001,0.0,0.459,0.056,0.022,17.941,2.184,0.973,560.3,68.207,28.255
South and Central America (EI),2003,,,,5910.283,,69.982,4065.671,861.334,29.036,68.021,1686.896,585.89,565.564,65.661,26.526,0.009,0.001,0.0,0.443,0.051,0.021,19.874,2.307,1.069,585.89,68.021,29.036
South and Central America (EI),2004,,,,6231.639,,70.739,4336.252,902.045,28.4,67.159,1740.89,605.806,584.279,64.773,25.831,0.011,0.001,0.0,0.543,0.06,0.024,20.973,2.325,1.069,605.806,67.159,28.4
South and Central America (EI),2005,,,,6424.156,,70.306,4439.303,943.336,28.982,68.057,1829.992,642.01,619.226,65.642,26.362,0.018,0.002,0.001,0.532,0.056,0.023,22.233,2.357,1.1,642.01,68.057,28.982
South and Central America (EI),2006,,,,6750.559,,70.555,4683.389,988.541,28.58,67.943,1897.075,671.641,647.263,65.477,26.072,0.009,0.001,0.0,0.774,0.078,0.031,23.595,2.387,1.111,671.641,67.943,28.58
South and Central America (EI),2007,,,,7036.717,,70.532,4882.63,1034.259,28.715,67.627,1987.789,699.439,669.435,64.726,25.719,0.011,0.001,0.0,1.158,0.112,0.044,28.836,2.788,1.302,699.439,67.627,28.715
South and Central America (EI),2008,,,,7218.146,,70.468,5003.458,1072.046,28.739,66.12,2040.55,708.838,674.529,62.92,25.066,0.015,0.001,0.001,1.667,0.156,0.062,32.626,3.043,1.436,708.838,66.12,28.739
South and Central America (EI),2009,,,,7139.861,,69.23,4860.915,1083.151,29.979,67.42,2104.967,730.258,691.643,63.855,25.854,0.025,0.002,0.001,2.077,0.192,0.078,36.514,3.371,1.625,730.258,67.42,29.979
South and Central America (EI),2010,,,,7491.879,,70.072,5164.066,1140.54,29.16,65.251,2148.962,744.211,693.994,60.848,24.523,0.063,0.006,0.002,3.448,0.302,0.122,46.706,4.095,1.981,744.211,65.251,29.16
South and Central America (EI),2011,,,,7789.795,,69.934,5358.954,1181.361,29.32,66.762,2246.731,788.704,735.373,62.248,24.862,0.134,0.011,0.005,4.324,0.366,0.146,48.873,4.137,1.993,788.704,66.762,29.32
South and Central America (EI),2012,,,,8027.735,,71.082,5618.78,1231.92,28.187,63.752,2228.083,785.379,722.452,58.644,23.555,0.342,0.028,0.011,7.669,0.622,0.25,54.916,4.458,2.171,785.379,63.752,28.187
South and Central America (EI),2013,,,,8206.568,,71.943,5816.037,1270.861,27.372,60.8,2212.778,772.687,699.753,55.061,22.138,0.54,0.042,0.017,10.211,0.803,0.323,62.183,4.893,2.404,772.687,60.8,27.372
South and Central America (EI),2014,,,,8284.022,,72.262,5900.685,1289.979,27.087,59.461,2211.839,767.032,679.249,52.656,21.166,1.126,0.087,0.035,18.629,1.444,0.58,68.029,5.274,2.603,767.032,59.461,27.087
South and Central America (EI),2015,,,,8273.75,,71.795,5856.779,1299.037,27.529,59.237,2245.726,769.505,663.208,51.054,20.582,2.88,0.222,0.089,31.479,2.423,0.977,71.939,5.538,2.756,769.505,59.237,27.529
South and Central America (EI),2016,,,,8219.604,,70.811,5732.717,1306.583,28.439,61.534,2302.361,803.992,679.318,51.992,21.083,4.904,0.375,0.152,45.206,3.46,1.403,74.564,5.707,2.878,803.992,61.534,28.439
South and Central America (EI),2017,,,,8268.358,,69.89,5689.855,1305.761,29.44,64.484,2396.74,842.001,701.098,53.693,21.529,7.66,0.587,0.235,56.156,4.301,1.724,77.087,5.904,2.959,842.001,64.484,29.44
South and Central America (EI),2018,,,,8191.066,,68.178,5496.069,1314.955,31.126,66.664,2509.2,876.6,717.162,54.539,22.13,12.814,0.974,0.395,65.765,5.001,2.029,80.858,6.149,3.134,876.6,66.664,31.126
South and Central America (EI),2019,,,,8158.585,,67.509,5418.118,1332.415,31.733,66.409,2546.802,884.841,705.525,52.951,21.759,18.976,1.424,0.585,78.791,5.913,2.43,81.549,6.12,3.175,884.841,66.409,31.733
South and Central America (EI),2020,,,,7512.08,,64.818,4784.502,1316.431,34.377,67.878,2537.52,893.566,697.096,52.953,23.318,25.798,1.96,0.863,85.304,6.48,2.853,85.367,6.485,3.614,893.566,67.878,34.377
South and Central America (EI),2021,,,,8050.881,,67.245,5327.662,1370.68,31.982,65.273,2533.813,894.682,668.971,48.806,20.797,36.872,2.69,1.146,106.198,7.748,3.302,82.641,6.029,3.26,894.682,65.273,31.982
South and Central America (EI),2022,,,,8434.246,,65.722,5450.492,1396.46,33.626,71.627,2788.658,1000.249,745.107,53.357,22.075,56.701,4.06,1.68,117.878,8.441,3.492,80.562,5.769,3.036,1000.249,71.627,33.626
South and Central America (EI),2023,,,,8642.879,,64.745,5493.783,1459.449,34.581,72.402,2934.255,1056.668,755.154,51.742,21.706,82.168,5.63,2.362,134.074,9.187,3.854,85.272,5.843,3.14,1056.668,72.402,34.581
South and Central America (EI),2024,,,,8776.719,,64.379,5552.394,1506.268,34.879,71.865,3008.172,1082.477,735.744,48.846,20.807,109.26,7.254,3.09,150.271,9.976,4.25,87.201,5.789,3.16,1082.477,71.865,34.879
U.S. Pacific Islands (EIA),1980,,,,0.657,,,,,,,,,,,,,,,,,,,,,,,
U.S. Pacific Islands (EIA),1981,,,,0.656,,,,,,,,,,,,,,,,,,,,,,,
U.S. Pacific Islands (EIA),1982,,,,0.656,,,,,,,,,,,,,,,,,,,,,,,
U.S. Pacific Islands (EIA),1983,,,,0.656,,,,,,,,,,,,,,,,,,,,,,,
U.S. Pacific Islands (EIA),1984,,,,0.598,,,,,,,,,,,,,,,,,,,,,,,
U.S. Pacific Islands (EIA),1985,,,,0.552,,,,,,,,,,,,,,,,,,,,,,,
U.S. Pacific Islands (EIA),1986,,,,0.507,,,,,,,,,,,,,,,,,,,,,,,
U.S. Pacific Islands (EIA),1987,,,,0.507,,,,,,,,,,,,,,,,,,,,,,,
U.S. Pacific Islands (EIA),1988,,,,0.707,,,,,,,,,,,,,,,,,,,,,,,
U.S. Pacific Islands (EIA),1989,,,,1.169,,,,,,,,,,,,,,,,,,,,,,,
U.S. Pacific Islands (EIA),1990,,,,1.231,,,,,,,,,,,,,,,,,,,,,,,
U.S. Pacific Islands (EIA),1991,,,,1.231,,,,,,,,,,,,,,,,,,,,,,,
U.S. Pacific Islands (EIA),1992,,,,1.204,,,,,,,,,,,,,,,,,,,,,,,
U.S. Pacific Islands (EIA),1993,,,,1.139,,,,,,,,,,,,,,,,,,,,,,,
U.S. Pacific Islands (EIA),1994,,,,1.139,,,,,,,,,,,,,,,,,,,,,,,
U.S. Pacific Islands (EIA),1995,,,,1.201,,,,,,,,,,,,,,,,,,,,,,,
U.S. Pacific Islands (EIA),1996,,,,1.204,,,,,,,,,,,,,,,,,,,,,,,
U.S. Pacific Islands (EIA),1997,,,,1.201,,,,,,,,,,,,,,,,,,,,,,,
U.S. Pacific Islands (EIA),1998,,,,1.201,,,,,,,,,,,,,,,,,,,,,,,
U.S. Pacific Islands (EIA),1999,,,,1.201,,,,,,,,,,,,,,,,,,,,,,,
U.S. Pacific Islands (EIA),2000,,,,1.215,,,,,,,,,,,,,,,,,,,,,,,
U.S. Pacific Islands (EIA),2001,,,,1.215,,,,,,,,,,,,,,,,,,,,,,,
U.S. Pacific Islands (EIA),2002,,,,1.215,,,,,,,,,,,,,,,,,,,,,,,
U.S. Pacific Islands (EIA),2003,,,,1.215,,,,,,,,,,,,,,,,,,,,,,,
U.S. Pacific Islands (EIA),2004,,,,1.215,,,,,,,,,,,,,,,,,,,,,,,
U.S. Pacific Islands (EIA),2005,,,,1.215,,,,,,,,,,,,,,,,,,,,,,,
U.S. Pacific Islands (EIA),2006,,,,1.242,,,,,,,,,,,,,,,,,,,,,,,
U.S. Pacific Islands (EIA),2007,,,,1.242,,,,,,,,,,,,,,,,,,,,,,,
U.S. Pacific Islands (EIA),2008,,,,1.246,,,,,,,,,,,,,,,,,,,,,,,
U.S. Pacific Islands (EIA),2009,,,,1.242,,,,,,,,,,,,,,,,,,,,,,,
U.S. Pacific Islands (EIA),2010,,,,1.453,,,,,,,,,,,,,,,,,,,,,,,
U.S. Pacific Islands (EIA),2011,,,,1.242,,,,,,,,,,,,,,,,,,,,,,,
U.S. Pacific Islands (EIA),2012,,,,1.246,,,,,,,,,,,,,,,,,,,,,,,
U.S. Pacific Islands (EIA),2013,,,,1.242,,,,,,,,,,,,,,,,,,,,,,,
U.S. Pacific Islands (EIA),2014,,,,1.242,,,,,,,,,,,,,,,,,,,,,,,
U.S. Pacific Islands (EIA),2015,,,,1.242,,,,,,,,,,,,,,,,,,,,,,,
U.S. Pacific Islands (EIA),2016,,,,1.241,,,,,,,,,,,,,,,,,,,,,,,
U.S. Pacific Islands (EIA),2017,,,,1.245,,,,,,,,,,,,,,,,,,,,,,,
U.S. Pacific Islands (EIA),2018,,,,1.245,,,,,,,,,,,,,,,,,,,,,,,
U.S. Pacific Islands (EIA),2019,,,,1.244,,,,,,,,,,,,,,,,,,,,,,,
U.S. Pacific Islands (EIA),2020,,,,0.0,,,,,,,,,,,,,,,,,,,,,,,
U.S. Pacific Islands (EIA),2021,,,,0.0,,,,,,,,,,,,,,,,,,,,,,,
U.S. Pacific Islands (EIA),2022,,,,1.211,,,,,,,,,,,,,,,,,,,,,,,
U.S. Pacific Islands (EIA),2023,,,,1.204,,,,,,,,,,,,,,,,,,,,,,,
U.S. Territories (EIA),1980,,,,0.0,,,,,,,,,,,,,,,,,,,,,,,
U.S. Territories (EIA),1981,,,,0.0,,,,,,,,,,,,,,,,,,,,,,,
U.S. Territories (EIA),1982,,,,0.0,,,,,,,,,,,,,,,,,,,,,,,
U.S. Territories (EIA),1983,,,,0.0,,,,,,,,,,,,,,,,,,,,,,,
U.S. Territories (EIA),1984,,,,0.0,,,,,,,,,,,,,,,,,,,,,,,
U.S. Territories (EIA),1985,,,,0.0,,,,,,,,,,,,,,,,,,,,,,,
U.S. Territories (EIA),1986,,,,0.0,,,,,,,,,,,,,,,,,,,,,,,
U.S. Territories (EIA),1987,,,,0.0,,,,,,,,,,,,,,,,,,,,,,,
U.S. Territories (EIA),1988,,,,0.0,,,,,,,,,,,,,,,,,,,,,,,
U.S. Territories (EIA),1989,,,,0.0,,,,,,,,,,,,,,,,,,,,,,,
U.S. Territories (EIA),1990,,,,0.0,,,,,,,,,,,,,,,,,,,,,,,
U.S. Territories (EIA),1991,,,,0.0,,,,,,,,,,,,,,,,,,,,,,,
U.S. Territories (EIA),1992,,,,0.0,,,,,,,,,,,,,,,,,,,,,,,
U.S. Territories (EIA),1993,,,,0.0,,,,,,,,,,,,,,,,,,,,,,,
U.S. Territories (EIA),1994,,,,0.0,,,,,,,,,,,,,,,,,,,,,,,
U.S. Territories (EIA),1995,,,,0.0,,,,,,,,,,,,,,,,,,,,,,,
U.S. Territories (EIA),1996,,,,0.0,,,,,,,,,,,,,,,,,,,,,,,
U.S. Territories (EIA),1997,,,,0.0,,,,,,,,,,,,,,,,,,,,,,,
U.S. Territories (EIA),1998,,,,0.0,,,,,,,,,,,,,,,,,,,,,,,
U.S. Territories (EIA),1999,,,,0.0,,,,,,,,,,,,,,,,,,,,,,,
U.S. Territories (EIA),2000,,,,0.0,,,,,,,,,,,,,,,,,,,,,,,
U.S. Territories (EIA),2001,,,,0.0,,,,,,,,,,,,,,,,,,,,,,,
U.S. Territories (EIA),2002,,,,0.0,,,,,,,,,,,,,,,,,,,,,,,
U.S. Territories (EIA),2003,,,,0.0,,,,,,,,,,,,,,,,,,,,,,,
U.S. Territories (EIA),2004,,,,0.0,,,,,,,,,,,,,,,,,,,,,,,
U.S. Territories (EIA),2005,,,,0.0,,,,,,,,,,,,,,,,,,,,,,,
U.S. Territories (EIA),2006,,,,0.0,,,,,,,,,,,,,,,,,,,,,,,
U.S. Territories (EIA),2007,,,,0.0,,,,,,,,,,,,,,,,,,,,,,,
U.S. Territories (EIA),2008,,,,0.0,,,,,,,,,,,,,,,,,,,,,,,
U.S. Territories (EIA),2009,,,,0.0,,,,,,,,,,,,,,,,,,,,,,,
U.S. Territories (EIA),2010,,,,0.0,,,,,,,,,,,,,,,,,,,,,,,
U.S. Territories (EIA),2011,,,,0.0,,,,,,,,,,,,,,,,,,,,,,,
U.S. Territories (EIA),2012,,,,0.0,,,,,,,,,,,,,,,,,,,,,,,
U.S. Territories (EIA),2013,,,,0.0,,,,,,,,,,,,,,,,,,,,,,,
U.S. Territories (EIA),2014,,,,0.0,,,,,,,,,,,,,,,,,,,,,,,
U.S. Territories (EIA),2015,,,,0.0,,,,,,,,,,,,,,,,,,,,,,,
U.S. Territories (EIA),2016,,,,0.0,,,,,,,,,,,,,,,,,,,,,,,
U.S. Territories (EIA),2017,,,,0.0,,,,,,,,,,,,,,,,,,,,,,,
U.S. Territories (EIA),2018,,,,0.0,,,,,,,,,,,,,,,,,,,,,,,
U.S. Territories (EIA),2019,,,,0.0,,,,,,,,,,,,,,,,,,,,,,,
USSR,1900,,116268659.0,237297000000.0,,,,,,,,,,,,,,,,,,,,,,,,
USSR,1901,,117366550.0,,,,,,,,,,,,,,,,,,,,,,,,,
USSR,1902,,118474985.0,,,,,,,,,,,,,,,,,,,,,,,,,
USSR,1903,,119594080.0,,,,,,,,,,,,,,,,,,,,,,,,,
USSR,1904,,120723934.0,,,,,,,,,,,,,,,,,,,,,,,,,
USSR,1905,,121864656.0,,,,,,,,,,,,,,,,,,,,,,,,,
USSR,1906,,123016351.0,,,,,,,,,,,,,,,,,,,,,,,,,
USSR,1907,,124179131.0,,,,,,,,,,,,,,,,,,,,,,,,,
USSR,1908,,125353102.0,,,,,,,,,,,,,,,,,,,,,,,,,
USSR,1909,,126489947.0,,,,,,,,,,,,,,,,,,,,,,,,,
USSR,1910,,127590454.0,,,,,,,,,,,,,,,,,,,,,,,,,
USSR,1911,,128627136.0,,,,,,,,,,,,,,,,,,,,,,,,,
USSR,1912,,129656939.0,,,,,,,,,,,,,,,,,,,,,,,,,
USSR,1913,,130652574.0,352056768000.0,,,,,,,,,,,,,,,,,,,,,,,,
USSR,1914,,131663120.0,,,,,,,,,,,,,,,,,,,,,,,,,
USSR,1915,,132688541.0,,,,,,,,,,,,,,,,,,,,,,,,,
USSR,1916,,133728814.0,,,,,,,,,,,,,,,,,,,,,,,,,
USSR,1917,,134783911.0,,,,,,,,,,,,,,,,,,,,,,,,,
USSR,1918,,135859605.0,,,,,,,,,,,,,,,,,,,,,,,,,
USSR,1919,,136975834.0,,,,,,,,,,,,,,,,,,,,,,,,,
USSR,1920,,138131911.0,141774619000.0,,,,,,,,,,,,,,,,,,,,,,,,
USSR,1921,,139327166.0,128076568000.0,,,,,,,,,,,,,,,,,,,,,,,,
USSR,1922,,140560955.0,148440522000.0,,,,,,,,,,,,,,,,,,,,,,,,
USSR,1923,,141832661.0,171727710000.0,,,,,,,,,,,,,,,,,,,,,,,,
USSR,1924,,143116021.0,220925020000.0,,,,,,,,,,,,,,,,,,,,,,,,
USSR,1925,,144411144.0,282353808000.0,,,,,,,,,,,,,,,,,,,,,,,,
USSR,1926,,145718136.0,324266274000.0,,,,,,,,,,,,,,,,,,,,,,,,
USSR,1927,,147037108.0,345025009000.0,,,,,,,,,,,,,,,,,,,,,,,,
USSR,1928,,148368169.0,369683496000.0,,,,,,,,,,,,,,,,,,,,,,,,
USSR,1929,,149707470.0,379985553000.0,,,,,,,,,,,,,,,,,,,,,,,,
USSR,1930,,151055096.0,402081296000.0,,,,,,,,,,,,,,,,,,,,,,,,
USSR,1931,,152411122.0,410049710000.0,,,,,,,,,,,,,,,,,,,,,,,,
USSR,1932,,153775630.0,405595258000.0,,,,,,,,,,,,,,,,,,,,,,,,
USSR,1933,,155148698.0,422214380000.0,,,,,,,,,,,,,,,,,,,,,,,,
USSR,1934,,156534365.0,463620894000.0,,,,,,,,,,,,,,,,,,,,,,,,
USSR,1935,,157932748.0,533698556000.0,,,,,,,,,,,,,,,,,,,,,,,,
USSR,1936,,159343963.0,576087348000.0,,,,,,,,,,,,,,,,,,,,,,,,
USSR,1937,,160768127.0,634559562000.0,,,,,,,,,,,,,,,,,,,,,,,,
USSR,1938,,162205364.0,645982646000.0,,,,,,,,,,,,,,,,,,,,,,,,
USSR,1939,,163655764.0,686023514000.0,,,,,,,,,,,,,,,,,,,,,,,,
USSR,1940,,165119469.0,669629490000.0,,,,,,,,,,,,,,,,,,,,,,,,
USSR,1941,,166596601.0,,,,,,,,,,,,,,,,,,,,,,,,,
USSR,1942,,168087295.0,,,,,,,,,,,,,,,,,,,,,,,,,
USSR,1943,,169591684.0,,,,,,,,,,,,,,,,,,,,,,,,,
USSR,1944,,171109922.0,,,,,,,,,,,,,,,,,,,,,,,,,
USSR,1945,,172642139.0,,,,,,,,,,,,,,,,,,,,,,,,,
USSR,1946,,174188456.0,530221100000.0,,,,,,,,,,,,,,,,,,,,,,,,
USSR,1947,,175749010.0,589686000000.0,,,,,,,,,,,,,,,,,,,,,,,,
USSR,1948,,177323928.0,670457900000.0,,,,,,,,,,,,,,,,,,,,,,,,
USSR,1949,,179074637.0,742127500000.0,,,,,,,,,,,,,,,,,,,,,,,,
USSR,1950,,181400996.0,813277059000.0,,,,,,,,,,,,,,,,,,,,,,,,
USSR,1951,,184145064.0,817114221000.0,,,,,,,,,,,,,,,,,,,,,,,,
USSR,1952,,186957275.0,870177792000.0,,,,,,,,,,,,,,,,,,,,,,,,
USSR,1953,,189850920.0,907579683000.0,,,,,,,,,,,,,,,,,,,,,,,,
USSR,1954,,192890721.0,951438621000.0,,,,,,,,,,,,,,,,,,,,,,,,
USSR,1955,,196099735.0,1033032253000.0,,,,,,,,,,,,,,,,,,,,,,,,
USSR,1956,,199440201.0,1131701452000.0,,,,,,,,,,,,,,,,,,,,,,,,
USSR,1957,,202936648.0,1154842800000.0,,,,,,,,,,,,,,,,,,,,,,,,
USSR,1958,,206581857.0,1241330020000.0,,,,,,,,,,,,,,,,,,,,,,,,
USSR,1959,,210147650.0,1227658944000.0,,,,,,,,,,,,,,,,,,,,,,,,
USSR,1960,,213673592.0,1344248640000.0,,,,,,,,,,,,,,,,,,,,,,,,
USSR,1961,,217264536.0,1421480776000.0,,,,,,,,,,,,,,,,,,,,,,,,
USSR,1962,,220696257.0,1459876973000.0,,,,,,,,,,,,,,,,,,,,,,,,
USSR,1963,,223938088.0,1426563920000.0,,,,,,,,,,,,,,,,,,,,,,,,
USSR,1964,,226984812.0,1611191048000.0,,,,,,,,,,,,,,,,,,,,,,,,
USSR,1965,,229779988.0,1702799531000.0,6916.875,30102.166,96.648,6670.796,,3.277,,226.206,81.434,81.434,,3.277,0.0,,0.0,0.0,,0.0,0.0,,0.0,81.434,,3.277
USSR,1966,,232436897.0,1785145323000.0,7356.217,31648.232,96.447,7078.841,,3.475,,255.064,91.823,91.823,,3.475,0.0,,0.0,0.0,,0.0,0.0,,0.0,91.823,,3.475
USSR,1967,,235000695.0,1864068930000.0,7730.988,32897.723,96.73,7462.689,,3.189,,246.031,88.571,88.571,,3.189,0.0,,0.0,0.0,,0.0,0.0,,0.0,88.571,,3.189
USSR,1968,,237458208.0,1973355036000.0,8020.227,33775.316,96.279,7703.691,,3.612,,289.0,104.04,104.04,,3.612,0.0,,0.0,0.0,,0.0,0.0,,0.0,104.04,,3.612
USSR,1969,,239820178.0,2001067237000.0,8391.309,34990.004,96.057,8040.412,,3.822,,319.947,115.181,115.181,,3.822,0.0,,0.0,0.0,,0.0,0.0,,0.0,115.181,,3.822
USSR,1970,,241944983.0,2154659508000.0,8809.916,36412.891,95.93,8429.683,,3.932,,345.492,124.377,124.377,,3.932,0.0,,0.0,0.0,,0.0,0.0,,0.0,124.377,,3.932
USSR,1971,,244072114.0,2212064271000.0,9242.354,37867.305,96.038,8854.193,,3.799,,350.275,126.099,126.099,,3.799,0.0,,0.0,0.0,,0.0,0.0,,0.0,126.099,,3.799
USSR,1972,,246381197.0,2224850285000.0,9712.479,39420.539,96.195,9321.167,,3.523,,341.386,122.899,122.899,,3.523,0.0,,0.0,0.0,,0.0,0.0,,0.0,122.899,,3.523
USSR,1973,,248657683.0,2411718496000.0,10210.021,41060.551,96.274,9807.643,,3.336,,339.847,122.345,122.345,,3.336,0.0,,0.0,0.0,,0.0,0.0,,0.0,122.345,,3.336
USSR,1974,,250947624.0,2481780684000.0,10774.621,42935.738,96.034,10323.314,,3.412,,366.75,132.03,132.03,,3.412,0.0,,0.0,0.0,,0.0,0.0,,0.0,132.03,,3.412
USSR,1975,,253335660.0,2488941301000.0,11306.364,44629.977,96.194,10852.625,,3.102,,349.964,125.987,125.987,,3.102,0.0,,0.0,0.0,,0.0,0.0,,0.0,125.987,,3.102
USSR,1976,,255860735.0,2605564269000.0,11747.266,45912.734,95.879,11237.641,,3.217,,377.042,135.735,135.735,,3.217,0.0,,0.0,0.0,,0.0,0.0,,0.0,135.735,,3.217
USSR,1977,,258479870.0,2666906800000.0,12274.354,47486.691,95.507,11694.834,,3.335,,408.372,147.014,147.014,,3.335,0.0,,0.0,0.0,,0.0,0.0,,0.0,147.014,,3.335
USSR,1978,,261043781.0,2734243875000.0,12805.889,49056.48,95.168,12155.222,,3.691,,471.392,169.701,169.701,,3.691,0.0,,0.0,0.0,,0.0,0.0,,0.0,169.701,,3.691
USSR,1979,,263352165.0,2720855316000.0,13156.517,49957.883,95.096,12478.681,,3.641,,477.842,172.023,172.023,,3.641,0.0,,0.0,0.0,,0.0,0.0,,0.0,172.023,,3.641
USSR,1980,,265483689.0,2724411870000.0,13451.627,50668.375,94.66,12697.966,,3.809,,510.939,183.938,183.938,,3.809,0.0,,0.0,0.0,,0.0,0.0,,0.0,183.938,,3.809
USSR,1981,,267670776.0,2749333242000.0,13738.253,51325.188,94.448,12938.937,,3.786,,518.733,186.744,186.744,,3.786,0.0,,0.0,0.0,,0.0,0.0,,0.0,186.744,,3.786
USSR,1982,,269985288.0,2816923020000.0,14080.254,52151.93,94.562,13279.264,,3.455,,485.214,174.677,174.677,,3.455,0.0,,0.0,0.0,,0.0,0.0,,0.0,174.677,,3.455
USSR,1983,,272555793.0,2906890503000.0,14377.113,52749.25,94.348,13527.698,,3.494,,501.006,180.362,180.362,,3.494,0.0,,0.0,0.0,,0.0,0.0,,0.0,180.362,,3.494
USSR,1984,,275223958.0,2944379020000.0,14920.483,54212.152,93.524,13912.221,,3.79,,563.856,202.988,202.988,,3.79,0.0,,0.0,0.0,,0.0,0.0,,0.0,202.988,,3.79
USSR,1985,,277862903.0,2970365904000.0,16731.18,60213.793,,,,,,,,,,,,,,,,,,,,,,
USSR,1986,,280721586.0,3093066360000.0,17085.889,60864.18,,,,,,,,,,,,,,,,,,,,,,
USSR,1987,,283735629.0,3132798158000.0,17675.906,62297.098,,,,,,,,,,,,,,,,,,,,,,
USSR,1988,,286649707.0,3199634520000.0,18203.168,63503.18,,,,,,,,,,,,,,,,,,,,,,
USSR,1989,,289122632.0,3247333232000.0,18182.377,62888.113,,,,,,,,,,,,,,,,,,,,,,
USSR,1990,,291066478.0,3168799029000.0,17973.582,61750.781,,,,,,,,,,,,,,,,,,,,,,
USSR,1991,,292664161.0,3012166781973.0,17691.9,60451.203,,,,,,,,,,,,,,,,,,,,,,
United States Pacific Islands (Shift),1980,,,,,,,,,,,,,,,,,,,,,,,,,,,
United States Pacific Islands (Shift),1981,,,,,,,,,,,,,,,,,,,,,,,,,,,
United States Pacific Islands (Shift),1982,,,,,,,,,,,,,,,,,,,,,,,,,,,
United States Pacific Islands (Shift),1983,,,,,,,,,,,,,,,,,,,,,,,,,,,
United States Pacific Islands (Shift),1984,,,,,,,,,,,,,,,,,,,,,,,,,,,
United States Pacific Islands (Shift),1985,,,,,,,,,,,,,,,,,,,,,,,,,,,
United States Pacific Islands (Shift),1986,,,,,,,,,,,,,,,,,,,,,,,,,,,
United States Pacific Islands (Shift),1987,,,,,,,,,,,,,,,,,,,,,,,,,,,
United States Pacific Islands (Shift),1988,,,,,,,,,,,,,,,,,,,,,,,,,,,
United States Pacific Islands (Shift),1989,,,,,,,,,,,,,,,,,,,,,,,,,,,
United States Pacific Islands (Shift),1990,,,,,,,,,,,,,,,,,,,,,,,,,,,
United States Pacific Islands (Shift),1991,,,,,,,,,,,,,,,,,,,,,,,,,,,
United States Pacific Islands (Shift),1992,,,,,,,,,,,,,,,,,,,,,,,,,,,
United States Pacific Islands (Shift),1993,,,,,,,,,,,,,,,,,,,,,,,,,,,
United States Pacific Islands (Shift),1994,,,,,,,,,,,,,,,,,,,,,,,,,,,
United States Pacific Islands (Shift),1995,,,,,,,,,,,,,,,,,,,,,,,,,,,
United States Pacific Islands (Shift),1996,,,,,,,,,,,,,,,,,,,,,,,,,,,
United States Pacific Islands (Shift),1997,,,,,,,,,,,,,,,,,,,,,,,,,,,
United States Pacific Islands (Shift),1998,,,,,,,,,,,,,,,,,,,,,,,,,,,
United States Pacific Islands (Shift),1999,,,,,,,,,,,,,,,,,,,,,,,,,,,
United States Pacific Islands (Shift),2000,,,,,,,,,,,,,,,,,,,,,,,,,,,
United States Pacific Islands (Shift),2001,,,,,,,,,,,,,,,,,,,,,,,,,,,
United States Pacific Islands (Shift),2002,,,,,,,,,,,,,,,,,,,,,,,,,,,
United States Pacific Islands (Shift),2003,,,,,,,,,,,,,,,,,,,,,,,,,,,
United States Pacific Islands (Shift),2004,,,,,,,,,,,,,,,,,,,,,,,,,,,
United States Pacific Islands (Shift),2005,,,,,,,,,,,,,,,,,,,,,,,,,,,
United States Pacific Islands (Shift),2006,,,,,,,,,,,,,,,,,,,,,,,,,,,
United States Pacific Islands (Shift),2007,,,,,,,,,,,,,,,,,,,,,,,,,,,
United States Pacific Islands (Shift),2008,,,,,,,,,,,,,,,,,,,,,,,,,,,
United States Pacific Islands (Shift),2009,,,,,,,,,,,,,,,,,,,,,,,,,,,
United States Pacific Islands (Shift),2010,,,,,,,,,,,,,,,,,,,,,,,,,,,
United States Pacific Islands (Shift),2011,,,,,,,,,,,,,,,,,,,,,,,,,,,
United States Pacific Islands (Shift),2012,,,,,,,,,,,,,,,,,,,,,,,,,,,
United States Pacific Islands (Shift),2013,,,,,,,,,,,,,,,,,,,,,,,,,,,
United States Pacific Islands (Shift),2014,,,,,,,,,,,,,,,,,,,,,,,,,,,
United States Pacific Islands (Shift),2015,,,,,,,,,,,,,,,,,,,,,,,,,,,
United States Pacific Islands (Shift),2016,,,,,,,,,,,,,,,,,,,,,,,,,,,
United States Territories (Shift),1980,,,,,,,,,,,,,,,,,,,,,,,,,,,
United States Territories (Shift),1981,,,,,,,,,,,,,,,,,,,,,,,,,,,
United States Territories (Shift),1982,,,,,,,,,,,,,,,,,,,,,,,,,,,
United States Territories (Shift),1983,,,,,,,,,,,,,,,,,,,,,,,,,,,
United States Territories (Shift),1984,,,,,,,,,,,,,,,,,,,,,,,,,,,
United States Territories (Shift),1985,,,,,,,,,,,,,,,,,,,,,,,,,,,
United States Territories (Shift),1986,,,,,,,,,,,,,,,,,,,,,,,,,,,
United States Territories (Shift),1987,,,,,,,,,,,,,,,,,,,,,,,,,,,
United States Territories (Shift),1988,,,,,,,,,,,,,,,,,,,,,,,,,,,
United States Territories (Shift),1989,,,,,,,,,,,,,,,,,,,,,,,,,,,
United States Territories (Shift),1990,,,,,,,,,,,,,,,,,,,,,,,,,,,
United States Territories (Shift),1991,,,,,,,,,,,,,,,,,,,,,,,,,,,
United States Territories (Shift),1992,,,,,,,,,,,,,,,,,,,,,,,,,,,
United States Territories (Shift),1993,,,,,,,,,,,,,,,,,,,,,,,,,,,
United States Territories (Shift),1994,,,,,,,,,,,,,,,,,,,,,,,,,,,
United States Territories (Shift),1995,,,,,,,,,,,,,,,,,,,,,,,,,,,
United States Territories (Shift),1996,,,,,,,,,,,,,,,,,,,,,,,,,,,
United States Territories (Shift),1997,,,,,,,,,,,,,,,,,,,,,,,,,,,
United States Territories (Shift),1998,,,,,,,,,,,,,,,,,,,,,,,,,,,
United States Territories (Shift),1999,,,,,,,,,,,,,,,,,,,,,,,,,,,
United States Territories (Shift),2000,,,,,,,,,,,,,,,,,,,,,,,,,,,
United States Territories (Shift),2001,,,,,,,,,,,,,,,,,,,,,,,,,,,
United States Territories (Shift),2002,,,,,,,,,,,,,,,,,,,,,,,,,,,
United States Territories (Shift),2003,,,,,,,,,,,,,,,,,,,,,,,,,,,
United States Territories (Shift),2004,,,,,,,,,,,,,,,,,,,,,,,,,,,
United States Territories (Shift),2005,,,,,,,,,,,,,,,,,,,,,,,,,,,
United States Territories (Shift),2006,,,,,,,,,,,,,,,,,,,,,,,,,,,
United States Territories (Shift),2007,,,,,,,,,,,,,,,,,,,,,,,,,,,
United States Territories (Shift),2008,,,,,,,,,,,,,,,,,,,,,,,,,,,
United States Territories (Shift),2009,,,,,,,,,,,,,,,,,,,,,,,,,,,
United States Territories (Shift),2010,,,,,,,,,,,,,,,,,,,,,,,,,,,
United States Territories (Shift),2011,,,,,,,,,,,,,,,,,,,,,,,,,,,
United States Territories (Shift),2012,,,,,,,,,,,,,,,,,,,,,,,,,,,
United States Territories (Shift),2013,,,,,,,,,,,,,,,,,,,,,,,,,,,
United States Territories (Shift),2014,,,,,,,,,,,,,,,,,,,,,,,,,,,
United States Territories (Shift),2015,,,,,,,,,,,,,,,,,,,,,,,,,,,
United States Territories (Shift),2016,,,,,,,,,,,,,,,,,,,,,,,,,,,
Upper-middle-income countries,1900,,583148261.0,,,,,,,,,,,,,,,,,,,,,,,,,
Upper-middle-income countries,1901,,587661218.0,,,,,,,,,,,,,,,,,,,,,,,,,
Upper-middle-income countries,1902,,592275403.0,,,,,,,,,,,,,,,,,,,,,,,,,
Upper-middle-income countries,1903,,596974438.0,,,,,,,,,,,,,,,,,,,,,,,,,
Upper-middle-income countries,1904,,601708473.0,,,,,,,,,,,,,,,,,,,,,,,,,
Upper-middle-income countries,1905,,606477910.0,,,,,,,,,,,,,,,,,,,,,,,,,
Upper-middle-income countries,1906,,611283323.0,,,,,,,,,,,,,,,,,,,,,,,,,
Upper-middle-income countries,1907,,616141844.0,,,,,,,,,,,,,,,,,,,,,,,,,
Upper-middle-income countries,1908,,621053557.0,,,,,,,,,,,,,,,,,,,,,,,,,
Upper-middle-income countries,1909,,626307594.0,,,,,,,,,,,,,,,,,,,,,,,,,
Upper-middle-income countries,1910,,631911560.0,,,,,,,,,,,,,,,,,,,,,,,,,
Upper-middle-income countries,1911,,637850897.0,,,,,,,,,,,,,,,,,,,,,,,,,
Upper-middle-income countries,1912,,644181145.0,,,,,,,,,,,,,,,,,,,,,,,,,
Upper-middle-income countries,1913,,650884042.0,,,,,,,,,,,,,,,,,,,,,,,,,
Upper-middle-income countries,1914,,657679549.0,,,,,,,,,,,,,,,,,,,,,,,,,
Upper-middle-income countries,1915,,664571770.0,,,,,,,,,,,,,,,,,,,,,,,,,
Upper-middle-income countries,1916,,671495459.0,,,,,,,,,,,,,,,,,,,,,,,,,
Upper-middle-income countries,1917,,678412403.0,,,,,,,,,,,,,,,,,,,,,,,,,
Upper-middle-income countries,1918,,685583130.0,,,,,,,,,,,,,,,,,,,,,,,,,
Upper-middle-income countries,1919,,692469643.0,,,,,,,,,,,,,,,,,,,,,,,,,
Upper-middle-income countries,1920,,699088324.0,,,,,,,,,,,,,,,,,,,,,,,,,
Upper-middle-income countries,1921,,705306452.0,,,,,,,,,,,,,,,,,,,,,,,,,
Upper-middle-income countries,1922,,711120510.0,,,,,,,,,,,,,,,,,,,,,,,,,
Upper-middle-income countries,1923,,716542617.0,,,,,,,,,,,,,,,,,,,,,,,,,
Upper-middle-income countries,1924,,722043748.0,,,,,,,,,,,,,,,,,,,,,,,,,
Upper-middle-income countries,1925,,727625153.0,,,,,,,,,,,,,,,,,,,,,,,,,
Upper-middle-income countries,1926,,733289283.0,,,,,,,,,,,,,,,,,,,,,,,,,
Upper-middle-income countries,1927,,739037208.0,,,,,,,,,,,,,,,,,,,,,,,,,
Upper-middle-income countries,1928,,744871454.0,,,,,,,,,,,,,,,,,,,,,,,,,
Upper-middle-income countries,1929,,750977065.0,,,,,,,,,,,,,,,,,,,,,,,,,
Upper-middle-income countries,1930,,757401345.0,,,,,,,,,,,,,,,,,,,,,,,,,
Upper-middle-income countries,1931,,764142734.0,,,,,,,,,,,,,,,,,,,,,,,,,
Upper-middle-income countries,1932,,771201961.0,,,,,,,,,,,,,,,,,,,,,,,,,
Upper-middle-income countries,1933,,778535887.0,,,,,,,,,,,,,,,,,,,,,,,,,
Upper-middle-income countries,1934,,785964357.0,,,,,,,,,,,,,,,,,,,,,,,,,
Upper-middle-income countries,1935,,793490395.0,,,,,,,,,,,,,,,,,,,,,,,,,
Upper-middle-income countries,1936,,801115876.0,,,,,,,,,,,,,,,,,,,,,,,,,
Upper-middle-income countries,1937,,808841840.0,,,,,,,,,,,,,,,,,,,,,,,,,
Upper-middle-income countries,1938,,816670502.0,,,,,,,,,,,,,,,,,,,,,,,,,
Upper-middle-income countries,1939,,824699275.0,,,,,,,,,,,,,,,,,,,,,,,,,
Upper-middle-income countries,1940,,832965921.0,,,,,,,,,,,,,,,,,,,,,,,,,
Upper-middle-income countries,1941,,841481513.0,,,,,,,,,,,,,,,,,,,,,,,,,
Upper-middle-income countries,1942,,850155078.0,,,,,,,,,,,,,,,,,,,,,,,,,
Upper-middle-income countries,1943,,858791425.0,,,,,,,,,,,,,,,,,,,,,,,,,
Upper-middle-income countries,1944,,867156429.0,,,,,,,,,,,,,,,,,,,,,,,,,
Upper-middle-income countries,1945,,875650570.0,,,,,,,,,,,,,,,,,,,,,,,,,
Upper-middle-income countries,1946,,884512636.0,,,,,,,,,,,,,,,,,,,,,,,,,
Upper-middle-income countries,1947,,893926043.0,,,,,,,,,,,,,,,,,,,,,,,,,
Upper-middle-income countries,1948,,903656201.0,,,,,,,,,,,,,,,,,,,,,,,,,
Upper-middle-income countries,1949,,915603403.0,,,,,,,,,,,,,,,,,,,,,,,,,
Upper-middle-income countries,1950,,927829961.0,,,,,,,,,,,,,,,,,,,,,,,,,
Upper-middle-income countries,1951,,946591954.0,,,,,,,,,,,,,,,,,,,,,,,,,
Upper-middle-income countries,1952,,967414416.0,,,,,,,,,,,,,,,,,,,,,,,,,
Upper-middle-income countries,1953,,989662727.0,,,,,,,,,,,,,,,,,,,,,,,,,
Upper-middle-income countries,1954,,1012417075.0,,,,,,,,,,,,,,,,,,,,,,,,,
Upper-middle-income countries,1955,,1036444075.0,,,,,,,,,,,,,,,,,,,,,,,,,
Upper-middle-income countries,1956,,1060530740.0,,,,,,,,,,,,,,,,,,,,,,,,,
Upper-middle-income countries,1957,,1085862342.0,,,,,,,,,,,,,,,,,,,,,,,,,
Upper-middle-income countries,1958,,1111618973.0,,,,,,,,,,,,,,,,,,,,,,,,,
Upper-middle-income countries,1959,,1132405866.0,,,,,,,,,,,,,,,,,,,,,,,,,
Upper-middle-income countries,1960,,1147191622.0,,,,,,,,,,,,,,,,,,,,,,,,,
Upper-middle-income countries,1961,,1161210675.0,,,,,,,,,,,,,,,,,,,,,,,,,
Upper-middle-income countries,1962,,1183911757.0,,,,,,,,,,,,,,,,,,,,,,,,,
Upper-middle-income countries,1963,,1217144205.0,,,,,,,,,,,,,,,,,,,,,,,,,
Upper-middle-income countries,1964,,1251438013.0,,,,,,,,,,,,,,,,,,,,,,,,,
Upper-middle-income countries,1965,,1283912295.0,,10440.713,8131.952,95.824,9978.021,,4.127,,429.702,154.68,154.58,,4.124,0.0,,0.0,0.0,,0.0,0.1,,0.003,154.68,,4.127
Upper-middle-income countries,1966,,1316822564.0,,11134.902,8455.887,95.672,10623.555,,4.277,,474.871,170.938,170.816,,4.273,0.0,,0.0,0.0,,0.0,0.122,,0.003,170.938,,4.277
Upper-middle-income countries,1967,,1349885696.0,,11421.018,8460.729,95.829,10915.495,,4.117,,468.899,168.782,168.609,,4.112,0.0,,0.0,0.0,,0.0,0.173,,0.005,168.782,,4.117
Upper-middle-income countries,1968,,1384577933.0,,11905.857,8598.907,95.371,11321.268,,4.556,,540.83,194.676,194.497,,4.551,0.0,,0.0,0.0,,0.0,0.179,,0.005,194.676,,4.556
Upper-middle-income countries,1969,,1420600062.0,,12750.309,8975.298,95.32,12117.437,,4.601,,584.856,210.526,210.348,,4.596,0.0,,0.0,0.0,,0.0,0.178,,0.004,210.526,,4.601
Upper-middle-income countries,1970,,1456693473.0,,13868.882,9520.796,95.202,13163.449,,4.71,,651.293,233.076,232.339,,4.668,0.0,,0.0,0.0,,0.0,0.737,,0.017,233.076,,4.71
Upper-middle-income countries,1971,,1492553420.0,,14907.048,9987.614,95.341,14170.94,,4.558,,677.482,242.502,241.421,,4.512,0.0,,0.0,0.0,,0.0,1.081,,0.023,242.502,,4.558
Upper-middle-income countries,1972,,1527560619.0,,15846.409,10373.67,95.312,15059.527,,4.515,,713.393,255.123,253.928,,4.464,0.0,,0.0,0.0,,0.0,1.195,,0.024,255.123,,4.515
Upper-middle-income countries,1973,,1562045976.0,,16841.107,10781.441,95.287,16000.8,,4.476,,751.682,269.141,267.742,,4.429,0.0,,0.0,0.0,,0.0,1.399,,0.026,269.141,,4.476
Upper-middle-income countries,1974,,1595507284.0,,17758.387,11130.245,94.934,16807.041,,4.713,,834.305,298.922,297.14,,4.662,0.0,,0.0,0.0,,0.0,1.782,,0.031,298.922,,4.713
Upper-middle-income countries,1975,,1627342571.0,,18921.887,11627.476,95.006,17923.412,,4.535,,855.611,306.597,304.473,,4.483,0.0,,0.0,0.0,,0.0,2.124,,0.035,306.597,,4.535
Upper-middle-income countries,1976,,1658006259.0,,19870.508,11984.579,94.712,18761.098,,4.716,,934.258,335.007,332.895,,4.668,0.0,,0.0,0.0,,0.0,2.112,,0.033,335.007,,4.716
Upper-middle-income countries,1977,,1687818432.0,,21087.654,12494.03,94.455,19854.119,,4.849,,1019.281,364.323,361.899,,4.783,0.0,,0.0,0.0,,0.0,2.425,,0.036,364.323,,4.849
Upper-middle-income countries,1978,,1717294143.0,,22319.295,12996.78,94.306,20978.834,,5.003,,1112.882,396.158,393.606,,4.915,0.0,,0.0,0.0,,0.0,2.552,,0.036,396.158,,5.003
Upper-middle-income countries,1979,,1747437825.0,,23201.34,13277.348,94.035,21742.441,,5.216,,1206.124,428.055,424.641,,5.102,0.0,,0.0,0.0,,0.0,3.414,,0.046,428.055,,5.216
Upper-middle-income countries,1980,,1778698349.0,,23816.268,13389.717,93.564,22201.654,,5.543,,1315.372,466.12,462.852,,5.418,0.0,,0.0,0.0,,0.0,3.268,,0.043,466.12,,5.543
Upper-middle-income countries,1981,,1811655794.0,,24281.637,13403.008,93.252,22556.645,,5.716,,1382.623,490.915,487.592,,5.599,0.0,,0.0,0.0,,0.0,3.323,,0.043,490.915,,5.716
Upper-middle-income countries,1982,,1846182616.0,,25162.492,13629.471,93.174,23355.846,,5.694,,1427.374,504.428,500.457,,5.546,0.0,,0.0,0.0,,0.0,3.971,,0.05,504.428,,5.694
Upper-middle-income countries,1983,,1880139880.0,,25996.936,13827.128,92.917,24061.629,,5.851,,1515.236,532.046,527.175,,5.655,0.0,,0.0,0.0,,0.0,4.871,,0.059,532.046,,5.851
Upper-middle-income countries,1984,,1913689032.0,,27288.283,14259.518,92.281,25077.572,,6.145,,1669.978,584.7,579.891,,5.927,0.0,,0.0,0.0,,0.0,4.81,,0.055,584.7,,6.145
Upper-middle-income countries,1985,,1948314069.0,,17514.877,8989.761,91.81,16007.65,1561.559,7.11,27.291,1239.731,426.171,420.901,26.954,6.706,0.0,0.0,0.0,0.0,0.0,0.0,5.27,0.337,0.094,426.171,27.291,7.11
Upper-middle-income countries,1986,,1984336831.0,,18177.42,9160.451,91.987,16647.178,1652.616,7.133,26.552,1290.848,438.802,431.626,26.118,6.625,0.0,0.0,0.0,0.0,0.0,0.0,7.176,0.434,0.124,438.802,26.552,7.133
Upper-middle-income countries,1987,,2021851155.0,,19104.074,9448.804,91.876,17474.195,1753.435,7.189,26.566,1367.256,465.826,457.269,26.078,6.678,0.0,0.0,0.0,0.0,0.0,0.0,8.557,0.488,0.141,465.826,26.566,7.189
Upper-middle-income countries,1988,,2059210641.0,,20044.775,9734.203,91.342,18224.24,1865.182,7.42,27.086,1480.375,505.199,496.594,26.624,6.914,0.0,0.0,0.0,0.0,0.0,0.0,8.604,0.461,0.135,505.199,27.086,7.42
Upper-middle-income countries,1989,,2096075553.0,,20510.137,9785.018,91.461,18672.525,1946.222,7.383,26.345,1507.309,512.723,504.036,25.898,6.858,0.0,0.0,0.0,0.0,0.0,0.0,8.687,0.446,0.133,512.723,26.345,7.383
Upper-middle-income countries,1990,,2133212546.0,,21499.826,10078.614,91.392,19558.807,2026.745,7.348,26.555,1572.572,538.204,527.376,26.021,6.845,0.003,0.0,0.0,0.003,0.0,0.0,10.823,0.534,0.158,538.204,26.555,7.348
Upper-middle-income countries,1991,,2167382314.0,,21931.846,10119.048,91.363,19945.17,2103.705,7.387,26.242,1612.595,552.056,540.412,25.689,6.876,0.004,0.0,0.0,0.01,0.0,0.0,11.63,0.553,0.166,552.056,26.242,7.387
Upper-middle-income countries,1992,,2197406055.0,,22301.223,10148.886,91.247,20253.627,2192.253,7.548,26.228,1675.397,574.992,561.62,25.618,7.028,0.006,0.0,0.0,0.132,0.006,0.002,13.234,0.604,0.186,574.992,26.228,7.548
Upper-middle-income countries,1993,,2225369861.0,,22735.424,10216.47,90.649,20504.91,2279.054,8.151,27.823,1843.779,634.09,620.419,27.223,7.619,0.008,0.0,0.0,0.213,0.009,0.003,13.45,0.59,0.186,634.09,27.823,8.151
Upper-middle-income countries,1994,,2251652283.0,,23438.295,10409.376,90.457,21092.291,2419.319,8.277,27.402,1930.07,662.943,648.031,26.786,7.72,0.01,0.0,0.0,0.389,0.016,0.005,14.513,0.6,0.195,662.943,27.402,8.277
Upper-middle-income countries,1995,,2277401663.0,,24047.266,10559.08,90.023,21531.498,2549.052,8.667,27.958,2073.009,712.659,693.6,27.21,8.055,0.012,0.0,0.0,0.623,0.024,0.007,18.424,0.723,0.241,712.659,27.958,8.667
Upper-middle-income countries,1996,,2302891501.0,,24996.979,10854.605,90.061,22392.252,2679.739,8.559,27.296,2128.055,731.465,713.142,26.612,7.967,0.015,0.001,0.0,0.112,0.004,0.001,18.195,0.679,0.229,731.465,27.296,8.559
Upper-middle-income countries,1997,,2327613637.0,,25465.301,10940.519,90.009,22798.088,2810.273,8.583,26.65,2173.951,748.948,728.378,25.918,7.988,0.017,0.001,0.0,0.229,0.008,0.003,20.325,0.723,0.251,748.948,26.65,8.583
Upper-middle-income countries,1998,,2351662004.0,,25464.176,10828.161,89.786,22736.949,2884.364,8.865,26.855,2244.968,774.608,753.029,26.107,8.26,0.021,0.001,0.0,0.417,0.014,0.005,21.142,0.733,0.261,774.608,26.855,8.865
Upper-middle-income countries,1999,,2375149846.0,,25981.217,10938.77,90.038,23267.359,3003.676,8.662,25.7,2238.35,771.956,748.732,24.927,8.048,0.024,0.001,0.0,0.587,0.02,0.006,22.613,0.753,0.273,771.956,25.7,8.662
Upper-middle-income countries,2000,,2398658002.0,,26991.67,11252.821,89.936,24143.025,3408.32,8.744,26.652,2347.405,908.38,874.96,25.671,8.168,0.04,0.001,0.0,0.73,0.021,0.007,32.65,0.958,0.285,908.38,26.652,8.744
Upper-middle-income countries,2001,,2421698836.0,,27857.471,11503.276,90.049,24953.41,3552.91,8.611,25.797,2386.082,916.56,880.67,24.787,8.042,0.05,0.001,0.001,0.94,0.026,0.009,34.9,0.982,0.302,916.56,25.797,8.611
Upper-middle-income countries,2002,,2443169936.0,,29316.131,11999.219,90.105,26273.146,3809.85,8.537,25.241,2489.191,961.64,923.93,24.251,7.951,0.09,0.002,0.001,1.1,0.029,0.01,36.52,0.959,0.302,961.64,25.241,8.537
Upper-middle-income countries,2003,,2464250116.0,,32093.326,13023.566,90.66,28953.055,4177.73,7.899,23.506,2522.622,982.03,941.31,22.532,7.331,0.1,0.002,0.001,1.29,0.031,0.011,39.33,0.941,0.308,982.03,23.506,7.899
Upper-middle-income countries,2004,,2485797097.0,,35763.398,14387.095,90.664,32267.018,4605.97,7.969,23.953,2836.052,1103.27,1059.96,23.013,7.413,0.12,0.003,0.001,1.67,0.036,0.012,41.52,0.901,0.294,1103.27,23.953,7.969
Upper-middle-income countries,2005,,2507751547.0,,38834.297,15485.703,90.894,35124.844,5003.06,7.849,23.783,3033.05,1189.9,1140.14,22.789,7.273,0.12,0.002,0.001,2.42,0.048,0.016,47.22,0.944,0.312,1189.9,23.783,7.849
Upper-middle-income countries,2006,,2529346002.0,,41595.457,16445.143,90.953,37649.773,5497.44,7.836,23.152,3243.819,1272.74,1218.43,22.164,7.256,0.17,0.003,0.001,4.5,0.082,0.029,49.64,0.903,0.312,1272.74,23.152,7.836
Upper-middle-income countries,2007,,2550034553.0,,44364.141,17397.467,91.015,40189.887,6019.06,7.804,22.253,3446.237,1339.41,1272.46,21.141,7.12,0.19,0.003,0.001,7.13,0.118,0.042,59.63,0.991,0.351,1339.41,22.253,7.804
Upper-middle-income countries,2008,,2571616096.0,,45877.141,17839.809,90.246,41186.266,6318.68,8.584,23.937,3917.481,1512.52,1428.65,22.61,7.711,0.25,0.004,0.001,15.83,0.251,0.091,67.79,1.073,0.392,1512.52,23.937,8.584
Upper-middle-income countries,2009,,2594532094.0,,46811.656,18042.428,90.396,42104.418,6525.69,8.492,23.389,3955.154,1526.29,1416.27,21.703,7.431,0.39,0.006,0.002,31.44,0.482,0.177,78.19,1.198,0.459,1526.29,23.389,8.492
Upper-middle-income countries,2010,,2617657240.0,,49628.5,18959.129,89.981,44414.914,7210.19,8.938,23.816,4411.677,1717.18,1562.3,21.668,7.673,0.84,0.012,0.004,56.14,0.779,0.296,97.9,1.358,0.531,1717.18,23.816,8.938
Upper-middle-income countries,2011,,2640400163.0,,52773.184,19986.812,90.3,47409.453,7808.31,8.602,22.489,4516.234,1756.02,1567.37,20.073,7.25,2.83,0.036,0.014,83.72,1.072,0.413,102.1,1.308,0.528,1756.02,22.489,8.602
Upper-middle-income countries,2012,,2664517398.0,,54809.805,20570.256,89.657,48873.082,8207.28,9.236,23.925,5034.814,1963.62,1730.48,21.085,7.709,4.65,0.057,0.022,119.06,1.451,0.561,109.43,1.333,0.546,1963.62,23.925,9.236
Upper-middle-income countries,2013,,2689585465.0,,56183.172,20889.156,89.413,49949.992,8758.22,9.458,23.641,5283.865,2070.55,1776.68,20.286,7.596,10.95,0.125,0.05,159.01,1.816,0.726,123.91,1.415,0.612,2070.55,23.641,9.458
Upper-middle-income countries,2014,,2713983279.0,,57314.441,21118.199,88.663,50514.594,9176.38,10.131,24.248,5771.882,2225.05,1862.88,20.301,7.933,27.99,0.305,0.124,191.52,2.087,0.853,142.66,1.555,0.703,2225.05,24.248,10.131
Upper-middle-income countries,2015,,2737646890.0,,57504.746,21005.172,87.982,50283.027,9242.93,10.653,25.607,6088.201,2366.8,1929.35,20.874,8.094,46.42,0.502,0.205,234.78,2.54,1.037,156.25,1.69,0.771,2366.8,25.607,10.653
Upper-middle-income countries,2016,,2759890904.0,,58173.43,21078.162,87.187,50378.066,9632.88,11.29,26.633,6523.511,2565.53,2009.53,20.861,8.244,76.51,0.794,0.332,309.36,3.212,1.341,170.13,1.766,0.83,2565.53,26.633,11.29
Upper-middle-income countries,2017,,2781778743.0,,60071.996,21594.814,86.656,51699.324,10175.05,11.72,26.943,6992.212,2741.49,2023.8,19.89,8.075,134.41,1.321,0.561,388.69,3.82,1.623,194.59,1.912,0.93,2741.49,26.943,11.72
Upper-middle-income countries,2018,,2801804568.0,,62102.965,22165.346,85.912,52978.41,10841.95,12.338,27.391,7608.08,2969.73,2085.22,19.233,7.982,205.75,1.898,0.826,462.56,4.266,1.858,216.2,1.994,1.068,2969.73,27.391,12.338
Upper-middle-income countries,2019,,2818594893.0,,64298.07,22812.102,85.097,54301.57,11225.98,13.013,28.61,8303.737,3211.74,2176.88,19.391,8.133,270.9,2.413,1.041,524.77,4.675,2.022,239.19,2.131,1.141,3211.74,28.61,13.013
Upper-middle-income countries,2020,,2832101028.0,,64544.41,22790.293,84.433,54074.156,11445.45,13.662,29.752,8749.581,3405.23,2207.82,19.29,8.187,326.94,2.857,1.243,599.17,5.235,2.295,271.3,2.37,1.289,3405.23,29.752,13.662
Upper-middle-income countries,2021,,2841892610.0,,67919.172,23899.275,83.98,56593.965,12367.58,14.002,29.836,9435.909,3689.97,2154.39,17.42,7.534,410.15,3.316,1.482,819.45,6.626,2.979,305.98,2.474,1.382,3689.97,29.836,14.002
Upper-middle-income countries,2022,,2847730001.0,,69546.969,24421.896,83.162,57367.465,12712.87,14.935,31.696,10302.701,4029.49,2231.49,17.553,7.649,529.59,4.166,1.861,938.62,7.383,3.328,329.79,2.594,1.464,4029.49,31.696,14.935
Upper-middle-income countries,2023,,2852870890.0,,72467.195,25401.498,82.866,59519.137,13335.38,15.269,32.228,10966.889,4297.67,2152.0,16.138,7.029,715.62,5.366,2.415,1079.42,8.094,3.653,350.63,2.629,1.501,4297.67,32.228,15.269
Upper-middle-income countries,2024,,2860329839.0,,74834.484,26162.887,81.435,60385.055,14106.13,16.68,34.396,12368.391,4852.0,2272.79,16.112,7.219,1010.83,7.166,3.298,1207.38,8.559,3.961,361.0,2.559,1.521,4852.0,34.396,16.68
Wake Island (EIA),1980,,,,5.491,,,,,,,,,,,,,,,,,,,,,,,
Wake Island (EIA),1981,,,,5.476,,,,,,,,,,,,,,,,,,,,,,,
Wake Island (EIA),1982,,,,5.476,,,,,,,,,,,,,,,,,,,,,,,
Wake Island (EIA),1983,,,,5.476,,,,,,,,,,,,,,,,,,,,,,,
Wake Island (EIA),1984,,,,5.491,,,,,,,,,,,,,,,,,,,,,,,
Wake Island (EIA),1985,,,,5.416,,,,,,,,,,,,,,,,,,,,,,,
Wake Island (EIA),1986,,,,5.416,,,,,,,,,,,,,,,,,,,,,,,
Wake Island (EIA),1987,,,,5.416,,,,,,,,,,,,,,,,,,,,,,,
Wake Island (EIA),1988,,,,5.37,,,,,,,,,,,,,,,,,,,,,,,
Wake Island (EIA),1989,,,,5.355,,,,,,,,,,,,,,,,,,,,,,,
Wake Island (EIA),1990,,,,5.234,,,,,,,,,,,,,,,,,,,,,,,
Wake Island (EIA),1991,,,,5.234,,,,,,,,,,,,,,,,,,,,,,,
Wake Island (EIA),1992,,,,5.309,,,,,,,,,,,,,,,,,,,,,,,
Wake Island (EIA),1993,,,,5.294,,,,,,,,,,,,,,,,,,,,,,,
Wake Island (EIA),1994,,,,5.293,,,,,,,,,,,,,,,,,,,,,,,
Wake Island (EIA),1995,,,,5.354,,,,,,,,,,,,,,,,,,,,,,,
Wake Island (EIA),1996,,,,5.431,,,,,,,,,,,,,,,,,,,,,,,
Wake Island (EIA),1997,,,,5.478,,,,,,,,,,,,,,,,,,,,,,,
Wake Island (EIA),1998,,,,5.478,,,,,,,,,,,,,,,,,,,,,,,
Wake Island (EIA),1999,,,,5.478,,,,,,,,,,,,,,,,,,,,,,,
Wake Island (EIA),2000,,,,5.48,,,,,,,,,,,,,,,,,,,,,,,
Wake Island (EIA),2001,,,,5.48,,,,,,,,,,,,,,,,,,,,,,,
Wake Island (EIA),2002,,,,5.573,,,,,,,,,,,,,,,,,,,,,,,
Wake Island (EIA),2003,,,,5.573,,,,,,,,,,,,,,,,,,,,,,,
Wake Island (EIA),2004,,,,5.573,,,,,,,,,,,,,,,,,,,,,,,
Wake Island (EIA),2005,,,,5.533,,,,,,,,,,,,,,,,,,,,,,,
Wake Island (EIA),2006,,,,5.662,,,,,,,,,,,,,,,,,,,,,,,
Wake Island (EIA),2007,,,,5.662,,,,,,,,,,,,,,,,,,,,,,,
Wake Island (EIA),2008,,,,5.678,,,,,,,,,,,,,,,,,,,,,,,
Wake Island (EIA),2009,,,,5.662,,,,,,,,,,,,,,,,,,,,,,,
Wake Island (EIA),2010,,,,5.615,,,,,,,,,,,,,,,,,,,,,,,
Wake Island (EIA),2011,,,,5.662,,,,,,,,,,,,,,,,,,,,,,,
Wake Island (EIA),2012,,,,5.678,,,,,,,,,,,,,,,,,,,,,,,
Wake Island (EIA),2013,,,,5.662,,,,,,,,,,,,,,,,,,,,,,,
Wake Island (EIA),2014,,,,5.662,,,,,,,,,,,,,,,,,,,,,,,
Wake Island (EIA),2015,,,,5.662,,,,,,,,,,,,,,,,,,,,,,,
Wake Island (EIA),2016,,,,5.663,,,,,,,,,,,,,,,,,,,,,,,
Wake Island (EIA),2017,,,,5.664,,,,,,,,,,,,,,,,,,,,,,,
Wake Island (EIA),2018,,,,5.685,,,,,,,,,,,,,,,,,,,,,,,
Wake Island (EIA),2019,,,,5.696,,,,,,,,,,,,,,,,,,,,,,,
Wake Island (EIA),2020,,,,0.623,,,,,,,,,,,,,,,,,,,,,,,
Wake Island (EIA),2021,,,,0.623,,,,,,,,,,,,,,,,,,,,,,,
Wake Island (EIA),2022,,,,5.073,,,,,,,,,,,,,,,,,,,,,,,
Wake Island (EIA),2023,,,,5.045,,,,,,,,,,,,,,,,,,,,,,,
Wake Island (Shift),1980,,,,,,,,,,,,,,,,,,,,,,,,,,,
Wake Island (Shift),1981,,,,,,,,,,,,,,,,,,,,,,,,,,,
Wake Island (Shift),1982,,,,,,,,,,,,,,,,,,,,,,,,,,,
Wake Island (Shift),1983,,,,,,,,,,,,,,,,,,,,,,,,,,,
Wake Island (Shift),1984,,,,,,,,,,,,,,,,,,,,,,,,,,,
Wake Island (Shift),1985,,,,,,,,,,,,,,,,,,,,,,,,,,,
Wake Island (Shift),1986,,,,,,,,,,,,,,,,,,,,,,,,,,,
Wake Island (Shift),1987,,,,,,,,,,,,,,,,,,,,,,,,,,,
Wake Island (Shift),1988,,,,,,,,,,,,,,,,,,,,,,,,,,,
Wake Island (Shift),1989,,,,,,,,,,,,,,,,,,,,,,,,,,,
Wake Island (Shift),1990,,,,,,,,,,,,,,,,,,,,,,,,,,,
Wake Island (Shift),1991,,,,,,,,,,,,,,,,,,,,,,,,,,,
Wake Island (Shift),1992,,,,,,,,,,,,,,,,,,,,,,,,,,,
Wake Island (Shift),1993,,,,,,,,,,,,,,,,,,,,,,,,,,,
Wake Island (Shift),1994,,,,,,,,,,,,,,,,,,,,,,,,,,,
Wake Island (Shift),1995,,,,,,,,,,,,,,,,,,,,,,,,,,,
Wake Island (Shift),1996,,,,,,,,,,,,,,,,,,,,,,,,,,,
Wake Island (Shift),1997,,,,,,,,,,,,,,,,,,,,,,,,,,,
Wake Island (Shift),1998,,,,,,,,,,,,,,,,,,,,,,,,,,,
Wake Island (Shift),1999,,,,,,,,,,,,,,,,,,,,,,,,,,,
Wake Island (Shift),2000,,,,,,,,,,,,,,,,,,,,,,,,,,,
Wake Island (Shift),2001,,,,,,,,,,,,,,,,,,,,,,,,,,,
Wake Island (Shift),2002,,,,,,,,,,,,,,,,,,,,,,,,,,,
Wake Island (Shift),2003,,,,,,,,,,,,,,,,,,,,,,,,,,,
Wake Island (Shift),2004,,,,,,,,,,,,,,,,,,,,,,,,,,,
Wake Island (Shift),2005,,,,,,,,,,,,,,,,,,,,,,,,,,,
Wake Island (Shift),2006,,,,,,,,,,,,,,,,,,,,,,,,,,,
Wake Island (Shift),2007,,,,,,,,,,,,,,,,,,,,,,,,,,,
Wake Island (Shift),2008,,,,,,,,,,,,,,,,,,,,,,,,,,,
Wake Island (Shift),2009,,,,,,,,,,,,,,,,,,,,,,,,,,,
Wake Island (Shift),2010,,,,,,,,,,,,,,,,,,,,,,,,,,,
Wake Island (Shift),2011,,,,,,,,,,,,,,,,,,,,,,,,,,,
Wake Island (Shift),2012,,,,,,,,,,,,,,,,,,,,,,,,,,,
Wake Island (Shift),2013,,,,,,,,,,,,,,,,,,,,,,,,,,,
Wake Island (Shift),2014,,,,,,,,,,,,,,,,,,,,,,,,,,,
Wake Island (Shift),2015,,,,,,,,,,,,,,,,,,,,,,,,,,,
Wake Island (Shift),2016,,,,,,,,,,,,,,,,,,,,,,,,,,,
West Germany,1980,,,,3315.2,,,,,,,,,,,,,,,,,,,,,,,
West Germany,1981,,,,3168.668,,,,,,,,,,,,,,,,,,,,,,,
West Germany,1982,,,,3114.529,,,,,,,,,,,,,,,,,,,,,,,
West Germany,1983,,,,3102.518,,,,,,,,,,,,,,,,,,,,,,,
West Germany,1984,,,,3117.775,,,,,,,,,,,,,,,,,,,,,,,
West Germany,1985,,,,3281.788,,,,,,,,,,,,,,,,,,,,,,,
West Germany,1986,,,,3368.005,,,,,,,,,,,,,,,,,,,,,,,
West Germany,1987,,,,3394.195,,,,,,,,,,,,,,,,,,,,,,,
West Germany,1988,,,,3418.334,,,,,,,,,,,,,,,,,,,,,,,
West Germany,1989,,,,3337.819,,,,,,,,,,,,,,,,,,,,,,,
West Germany,1990,,63250000.0,,3363.037,53170.547,,,,,,,,,,,,,,,,,,,,,,
Western Africa (EI),1965,,,,57.527,,97.69,56.114,,2.31,,1.327,0.478,0.478,,2.31,0.0,,0.0,0.0,,0.0,0.0,,0.0,0.478,,2.31
Western Africa (EI),1966,,,,60.896,,95.741,58.143,,4.259,,2.587,0.931,0.931,,4.259,0.0,,0.0,0.0,,0.0,0.0,,0.0,0.931,,4.259
Western Africa (EI),1967,,,,62.501,,91.355,56.782,,8.645,,5.373,1.934,1.934,,8.645,0.0,,0.0,0.0,,0.0,0.0,,0.0,1.934,,8.645
Western Africa (EI),1968,,,,65.372,,87.083,56.457,,12.917,,8.374,3.015,3.015,,12.917,0.0,,0.0,0.0,,0.0,0.0,,0.0,3.015,,12.917
Western Africa (EI),1969,,,,72.445,,84.543,60.643,,15.457,,11.087,3.991,3.991,,15.457,0.0,,0.0,0.0,,0.0,0.0,,0.0,3.991,,15.457
Western Africa (EI),1970,,,,78.649,,83.41,64.907,,16.59,,12.91,4.647,4.647,,16.59,0.0,,0.0,0.0,,0.0,0.0,,0.0,4.647,,16.59
Western Africa (EI),1971,,,,95.271,,85.857,81.061,,14.143,,13.353,4.802,4.764,,14.017,0.0,,0.0,0.0,,0.0,0.038,,0.126,4.802,,14.143
Western Africa (EI),1972,,,,102.283,,85.694,86.854,,14.306,,14.499,5.215,5.177,,14.189,0.0,,0.0,0.0,,0.0,0.038,,0.117,5.215,,14.306
Western Africa (EI),1973,,,,116.037,,85.239,97.98,,14.761,,16.967,6.103,6.065,,14.657,0.0,,0.0,0.0,,0.0,0.038,,0.103,6.103,,14.761
Western Africa (EI),1974,,,,120.783,,84.766,101.391,,15.234,,18.222,6.555,6.516,,15.132,0.0,,0.0,0.0,,0.0,0.039,,0.102,6.555,,15.234
Western Africa (EI),1975,,,,130.785,,85.064,110.193,,14.936,,19.349,6.961,6.922,,14.842,0.0,,0.0,0.0,,0.0,0.039,,0.094,6.961,,14.936
Western Africa (EI),1976,,,,146.865,,85.379,124.225,,14.621,,21.273,7.653,7.614,,14.537,0.0,,0.0,0.0,,0.0,0.039,,0.084,7.653,,14.621
Western Africa (EI),1977,,,,163.594,,86.332,140.005,,13.668,,22.165,7.974,7.934,,13.591,0.0,,0.0,0.0,,0.0,0.04,,0.077,7.974,,13.668
Western Africa (EI),1978,,,,171.93,,88.461,150.971,,11.539,,19.694,7.085,7.045,,11.466,0.0,,0.0,0.0,,0.0,0.04,,0.073,7.085,,11.539
Western Africa (EI),1979,,,,192.002,,86.049,163.746,,13.951,,26.548,9.552,9.512,,13.886,0.0,,0.0,0.0,,0.0,0.04,,0.066,9.552,,13.951
Western Africa (EI),1980,,,,205.353,,86.736,176.607,,13.264,,27.008,9.718,9.678,,13.203,0.0,,0.0,0.0,,0.0,0.04,,0.061,9.718,,13.264
Western Africa (EI),1981,,,,230.305,,88.171,201.53,,11.829,,27.036,9.728,9.687,,11.773,0.0,,0.0,0.0,,0.0,0.041,,0.056,9.728,,11.829
Western Africa (EI),1982,,,,239.965,,88.942,211.924,,11.058,,26.348,9.48,9.439,,11.004,0.0,,0.0,0.0,,0.0,0.041,,0.054,9.48,,11.058
Western Africa (EI),1983,,,,220.161,,92.67,203.069,,7.33,,16.061,5.777,5.736,,7.271,0.0,,0.0,0.0,,0.0,0.041,,0.058,5.777,,7.33
Western Africa (EI),1984,,,,202.325,,92.855,187.013,,7.145,,14.39,5.175,5.133,,7.08,0.0,,0.0,0.0,,0.0,0.042,,0.065,5.175,,7.145
Western Africa (EI),1985,,,,217.201,,89.364,192.781,18.222,10.636,45.302,22.945,8.255,8.213,45.072,10.575,0.0,0.0,0.0,0.0,0.0,0.0,0.042,0.23,0.061,8.255,45.302,10.636
Western Africa (EI),1986,,,,214.407,,86.914,184.795,20.252,13.086,49.433,27.823,10.011,9.969,49.226,13.024,0.0,0.0,0.0,0.0,0.0,0.0,0.042,0.207,0.062,10.011,49.433,13.086
Western Africa (EI),1987,,,,224.208,,87.744,195.19,21.439,12.256,45.758,27.265,9.81,9.767,45.558,12.196,0.0,0.0,0.0,0.0,0.0,0.0,0.043,0.201,0.06,9.81,45.758,12.256
Western Africa (EI),1988,,,,239.268,,87.278,207.133,22.192,12.722,48.954,30.193,10.864,10.821,48.76,12.665,0.0,0.0,0.0,0.0,0.0,0.0,0.043,0.194,0.057,10.864,48.954,12.722
Western Africa (EI),1989,,,,252.327,,86.912,217.472,23.779,13.088,49.557,32.748,11.784,11.741,49.376,13.034,0.0,0.0,0.0,0.0,0.0,0.0,0.043,0.181,0.054,11.784,49.557,13.088
Western Africa (EI),1990,,,,245.859,,86.299,210.327,24.345,13.7,49.329,33.391,12.009,11.917,48.951,13.583,0.0,0.0,0.0,0.0,0.0,0.0,0.092,0.378,0.118,12.009,49.329,13.7
Western Africa (EI),1991,,,,262.298,,85.032,220.914,25.416,14.968,55.032,38.888,13.987,13.887,54.639,14.848,0.0,0.0,0.0,0.0,0.0,0.0,0.1,0.393,0.12,13.987,55.032,14.968
Western Africa (EI),1992,,,,283.284,,85.759,240.743,26.628,14.241,53.996,39.976,14.378,14.273,53.602,14.124,0.0,0.0,0.0,0.0,0.0,0.0,0.105,0.394,0.117,14.378,53.996,14.241
Western Africa (EI),1993,,,,285.001,,86.441,244.233,26.531,13.559,51.934,38.311,13.778,13.667,51.516,13.437,0.0,0.0,0.0,0.002,0.008,0.002,0.109,0.411,0.121,13.778,51.934,13.559
Western Africa (EI),1994,,,,280.976,,86.438,240.775,27.536,13.562,49.34,37.778,13.586,13.468,48.91,13.43,0.0,0.0,0.0,0.005,0.02,0.005,0.113,0.41,0.127,13.586,49.34,13.562
Western Africa (EI),1995,,,,289.916,,86.175,247.639,28.665,13.825,49.846,39.729,14.288,14.168,49.426,13.695,0.0,0.0,0.0,0.006,0.022,0.006,0.114,0.398,0.124,14.288,49.846,13.825
Western Africa (EI),1996,,,,313.471,,86.74,269.613,30.095,13.26,49.25,41.216,14.822,14.688,48.804,13.126,0.0,0.0,0.0,0.007,0.024,0.006,0.127,0.422,0.128,14.822,49.25,13.26
Western Africa (EI),1997,,,,312.944,,86.41,268.081,31.121,13.59,48.719,42.16,15.162,15.026,48.285,13.454,0.0,0.0,0.0,0.007,0.023,0.006,0.128,0.411,0.129,15.162,48.719,13.59
Western Africa (EI),1998,,,,318.588,,89.409,282.928,29.117,10.591,41.381,33.515,12.049,11.908,40.899,10.453,0.0,0.0,0.0,0.008,0.026,0.007,0.133,0.457,0.131,12.049,41.381,10.591
Western Africa (EI),1999,,,,318.791,,87.596,277.046,31.996,12.404,44.088,39.233,14.106,13.961,43.632,12.261,0.0,0.0,0.0,0.008,0.024,0.007,0.138,0.431,0.136,14.106,44.088,12.404
Western Africa (EI),2000,,,,343.126,,87.633,298.333,32.036,12.367,47.244,42.1,15.135,14.957,46.688,12.204,0.002,0.008,0.002,0.008,0.025,0.006,0.168,0.523,0.154,15.135,47.244,12.367
Western Africa (EI),2001,,,,374.871,,88.45,329.181,34.04,11.55,45.644,42.985,15.537,15.35,45.094,11.394,0.003,0.009,0.002,0.007,0.02,0.005,0.178,0.522,0.149,15.537,45.644,11.55
Western Africa (EI),2002,,,,409.326,,88.9,361.293,40.377,11.1,40.713,45.11,16.439,16.242,40.225,10.949,0.002,0.006,0.002,0.007,0.017,0.005,0.188,0.465,0.144,16.439,40.713,11.1
Western Africa (EI),2003,,,,398.551,,89.924,356.104,37.647,10.076,38.831,39.902,14.618,14.432,38.335,9.93,0.003,0.009,0.002,0.007,0.02,0.005,0.176,0.466,0.139,14.618,38.831,10.076
Western Africa (EI),2004,,,,458.073,,89.969,409.551,42.715,10.031,39.353,45.665,16.81,16.532,38.704,9.842,0.005,0.011,0.003,0.008,0.02,0.005,0.264,0.619,0.181,16.81,39.353,10.031
Western Africa (EI),2005,,,,432.268,,89.67,385.057,43.181,10.33,38.109,44.357,16.456,16.165,37.436,10.12,0.006,0.013,0.003,0.009,0.02,0.005,0.276,0.64,0.201,16.456,38.109,10.33
Western Africa (EI),2006,,,,404.824,,90.009,362.092,44.574,9.991,33.614,40.19,14.983,14.683,32.94,9.759,0.007,0.017,0.005,0.01,0.021,0.006,0.284,0.637,0.22,14.983,33.614,9.991
Western Africa (EI),2007,,,,424.345,,91.485,386.165,43.469,8.515,30.979,35.944,13.466,13.168,30.294,8.297,0.009,0.021,0.006,0.009,0.02,0.006,0.28,0.644,0.207,13.466,30.979,8.515
Western Africa (EI),2008,,,,460.57,,90.988,416.656,43.501,9.012,35.839,41.269,15.59,15.298,35.167,8.814,0.01,0.024,0.006,0.008,0.018,0.004,0.275,0.631,0.187,15.59,35.839,9.012
Western Africa (EI),2009,,,,416.145,,90.279,373.398,42.623,9.721,35.83,40.205,15.272,15.009,35.213,9.524,0.012,0.028,0.008,0.007,0.017,0.005,0.244,0.572,0.184,15.272,35.83,9.721
Western Africa (EI),2010,,,,445.416,,89.808,397.377,50.858,10.192,33.971,45.098,17.277,17.044,33.513,10.031,0.025,0.05,0.015,0.005,0.011,0.003,0.202,0.398,0.143,17.277,33.971,10.192
Western Africa (EI),2011,,,,515.641,,91.127,467.225,52.783,8.873,33.192,45.493,17.52,17.265,32.71,8.724,0.04,0.075,0.02,0.021,0.039,0.01,0.195,0.369,0.119,17.52,33.192,8.873
Western Africa (EI),2012,,,,559.705,,91.665,510.358,55.372,8.335,32.446,46.407,17.966,17.663,31.899,8.176,0.049,0.088,0.023,0.066,0.12,0.031,0.188,0.339,0.105,17.966,32.446,8.335
Western Africa (EI),2013,,,,586.059,,92.338,538.472,60.368,7.662,28.872,44.679,17.429,17.076,28.286,7.489,0.079,0.131,0.035,0.094,0.156,0.041,0.18,0.299,0.097,17.429,28.872,7.662
Western Africa (EI),2014,,,,628.258,,92.556,578.731,64.083,7.444,28.474,46.543,18.247,17.866,27.879,7.271,0.092,0.144,0.037,0.095,0.148,0.039,0.194,0.303,0.097,18.247,28.474,7.444
Western Africa (EI),2015,,,,722.062,,94.17,677.483,64.381,5.83,25.639,41.94,16.507,15.963,24.794,5.617,0.108,0.168,0.038,0.183,0.284,0.064,0.253,0.393,0.11,16.507,25.639,5.83
Western Africa (EI),2016,,,,715.784,,93.2,664.183,69.146,6.8,27.805,48.463,19.226,18.4,26.61,6.487,0.389,0.563,0.137,0.181,0.261,0.064,0.256,0.37,0.112,19.226,27.805,6.8
Western Africa (EI),2017,,,,748.188,,93.391,695.813,71.676,6.609,27.362,49.244,19.612,18.792,26.218,6.306,0.298,0.416,0.1,0.18,0.251,0.06,0.342,0.478,0.144,19.612,27.362,6.609
Western Africa (EI),2018,,,,792.215,,93.356,736.495,74.318,6.644,28.27,52.419,21.01,19.94,26.831,6.287,0.634,0.853,0.2,0.192,0.259,0.061,0.244,0.328,0.097,21.01,28.27,6.644
Western Africa (EI),2019,,,,830.845,,92.848,767.89,82.12,7.152,29.012,59.151,23.825,22.51,27.412,6.737,0.807,0.983,0.242,0.232,0.283,0.069,0.275,0.335,0.104,23.825,29.012,7.152
Western Africa (EI),2020,,,,849.505,,92.957,786.183,87.916,7.043,27.355,59.568,24.049,22.443,25.528,6.552,0.903,1.027,0.264,0.416,0.474,0.122,0.286,0.325,0.106,24.049,27.355,7.043
Western Africa (EI),2021,,,,990.262,,93.365,920.795,94.842,6.635,27.905,65.434,26.465,24.301,25.623,6.069,1.181,1.245,0.295,0.608,0.641,0.152,0.375,0.395,0.119,26.465,27.905,6.635
Western Africa (EI),2022,,,,994.791,,93.036,921.636,95.739,6.964,29.222,68.986,27.977,25.706,26.85,6.376,1.299,1.357,0.322,0.602,0.629,0.149,0.369,0.386,0.117,27.977,29.222,6.964
Western Africa (EI),2023,,,,976.601,,92.251,896.453,101.89,7.749,30.198,75.3,30.769,27.87,27.353,6.995,1.537,1.509,0.386,0.992,0.973,0.249,0.37,0.363,0.119,30.769,30.198,7.749
Western Africa (EI),2024,,,,1027.435,,92.058,941.3,104.464,7.942,31.774,81.211,33.192,30.011,28.728,7.159,1.816,1.738,0.433,0.995,0.953,0.237,0.371,0.355,0.113,33.192,31.774,7.942
Western Europe (EIA),1980,,,,20617.117,,,,,,,,,,,,,,,,,,,,,,,
Western Europe (EIA),1981,,,,19840.436,,,,,,,,,,,,,,,,,,,,,,,
Western Europe (EIA),1982,,,,19712.426,,,,,,,,,,,,,,,,,,,,,,,
Western Europe (EIA),1983,,,,19765.027,,,,,,,,,,,,,,,,,,,,,,,
Western Europe (EIA),1984,,,,19993.561,,,,,,,,,,,,,,,,,,,,,,,
Western Europe (EIA),1985,,,,20687.223,,,,,,,,,,,,,,,,,,,,,,,
Western Europe (EIA),1986,,,,21231.469,,,,,,,,,,,,,,,,,,,,,,,
Western Europe (EIA),1987,,,,21579.834,,,,,,,,,,,,,,,,,,,,,,,
Western Europe (EIA),1988,,,,21703.805,,,,,,,,,,,,,,,,,,,,,,,
Western Europe (EIA),1989,,,,21851.854,,,,,,,,,,,,,,,,,,,,,,,
Western Europe (EIA),1990,,,,21638.396,,,,,,,,,,,,,,,,,,,,,,,
Western Europe (EIA),1991,,,,21197.719,,,,,,,,,,,,,,,,,,,,,,,
Western Europe (EIA),1992,,,,21382.957,,,,,,,,,,,,,,,,,,,,,,,
Western Europe (EIA),1993,,,,21311.832,,,,,,,,,,,,,,,,,,,,,,,
Western Europe (EIA),1994,,,,21293.195,,,,,,,,,,,,,,,,,,,,,,,
Western Europe (EIA),1995,,,,21915.006,,,,,,,,,,,,,,,,,,,,,,,
Western Europe (EIA),1996,,,,22614.246,,,,,,,,,,,,,,,,,,,,,,,
Western Europe (EIA),1997,,,,22493.988,,,,,,,,,,,,,,,,,,,,,,,
Western Europe (EIA),1998,,,,22621.09,,,,,,,,,,,,,,,,,,,,,,,
Western Europe (EIA),1999,,,,22485.027,,,,,,,,,,,,,,,,,,,,,,,
Western Europe (EIA),2000,,,,22760.555,,,,,,,,,,,,,,,,,,,,,,,
Western Europe (EIA),2001,,,,23148.172,,,,,,,,,,,,,,,,,,,,,,,
Western Europe (EIA),2002,,,,23175.225,,,,,,,,,,,,,,,,,,,,,,,
Western Europe (EIA),2003,,,,23598.916,,,,,,,,,,,,,,,,,,,,,,,
Western Europe (EIA),2004,,,,23964.359,,,,,,,,,,,,,,,,,,,,,,,
Western Europe (EIA),2005,,,,24070.971,,,,,,,,,,,,,,,,,,,,,,,
Western Europe (EIA),2006,,,,24436.926,,,,,,,,,,,,,,,,,,,,,,,
Western Europe (EIA),2007,,,,24210.111,,,,,,,,,,,,,,,,,,,,,,,
Western Europe (EIA),2008,,,,24103.357,,,,,,,,,,,,,,,,,,,,,,,
Western Europe (EIA),2009,,,,22721.141,,,,,,,,,,,,,,,,,,,,,,,
Western Europe (EIA),2010,,,,23486.742,,,,,,,,,,,,,,,,,,,,,,,
Western Europe (EIA),2011,,,,22818.479,,,,,,,,,,,,,,,,,,,,,,,
Western Europe (EIA),2012,,,,22592.551,,,,,,,,,,,,,,,,,,,,,,,
Western Europe (EIA),2013,,,,22331.295,,,,,,,,,,,,,,,,,,,,,,,
Western Europe (EIA),2014,,,,21636.842,,,,,,,,,,,,,,,,,,,,,,,
Western Europe (EIA),2015,,,,21940.59,,,,,,,,,,,,,,,,,,,,,,,
Western Europe (EIA),2016,,,,22145.148,,,,,,,,,,,,,,,,,,,,,,,
Western Europe (EIA),2017,,,,22655.387,,,,,,,,,,,,,,,,,,,,,,,
Western Europe (EIA),2018,,,,22431.445,,,,,,,,,,,,,,,,,,,,,,,
Western Europe (EIA),2019,,,,22091.906,,,,,,,,,,,,,,,,,,,,,,,
Western Europe (EIA),2020,,,,20109.494,,,,,,,,,,,,,,,,,,,,,,,
Western Europe (EIA),2021,,,,21229.375,,,,,,,,,,,,,,,,,,,,,,,
Western Europe (EIA),2022,,,,20562.445,,,,,,,,,,,,,,,,,,,,,,,
Western Europe (EIA),2023,,,,19799.896,,,,,,,,,,,,,,,,,,,,,,,
World,1900,,1627273655.0,3503708270156.0,,,,,,,,,,,,,,,,,,,,,,,,
World,1901,,1639887187.0,,,,,,,,,,,,,,,,,,,,,,,,,
World,1902,,1653151632.0,,,,,,,,,,,,,,,,,,,,,,,,,
World,1903,,1667064512.0,,,,,,,,,,,,,,,,,,,,,,,,,
World,1904,,1681154888.0,,,,,,,,,,,,,,,,,,,,,,,,,
World,1905,,1695427510.0,,,,,,,,,,,,,,,,,,,,,,,,,
World,1906,,1709887300.0,,,,,,,,,,,,,,,,,,,,,,,,,
World,1907,,1724558347.0,,,,,,,,,,,,,,,,,,,,,,,,,
World,1908,,1739441480.0,,,,,,,,,,,,,,,,,,,,,,,,,
World,1909,,1753729257.0,,,,,,,,,,,,,,,,,,,,,,,,,
World,1910,,1767417985.0,,,,,,,,,,,,,,,,,,,,,,,,,
World,1911,,1780422213.0,,,,,,,,,,,,,,,,,,,,,,,,,
World,1912,,1792912374.0,,,,,,,,,,,,,,,,,,,,,,,,,
World,1913,,1804803374.0,,,,,,,,,,,,,,,,,,,,,,,,,
World,1914,,1816884694.0,,,,,,,,,,,,,,,,,,,,,,,,,
World,1915,,1829102909.0,,,,,,,,,,,,,,,,,,,,,,,,,
World,1916,,1841395693.0,,,,,,,,,,,,,,,,,,,,,,,,,
World,1917,,1853777065.0,,,,,,,,,,,,,,,,,,,,,,,,,
World,1918,,1866778878.0,,,,,,,,,,,,,,,,,,,,,,,,,
World,1919,,1880624916.0,,,,,,,,,,,,,,,,,,,,,,,,,
World,1920,,1895426673.0,4824948231242.0,,,,,,,,,,,,,,,,,,,,,,,,
World,1921,,1910916276.0,,,,,,,,,,,,,,,,,,,,,,,,,
World,1922,,1927207651.0,,,,,,,,,,,,,,,,,,,,,,,,,
World,1923,,1944216846.0,,,,,,,,,,,,,,,,,,,,,,,,,
World,1924,,1961489200.0,,,,,,,,,,,,,,,,,,,,,,,,,
World,1925,,1979027667.0,,,,,,,,,,,,,,,,,,,,,,,,,
World,1926,,1996813608.0,,,,,,,,,,,,,,,,,,,,,,,,,
World,1927,,2014848732.0,,,,,,,,,,,,,,,,,,,,,,,,,
World,1928,,2033160306.0,,,,,,,,,,,,,,,,,,,,,,,,,
World,1929,,2052125441.0,,,,,,,,,,,,,,,,,,,,,,,,,
World,1930,,2071786711.0,,,,,,,,,,,,,,,,,,,,,,,,,
World,1931,,2092158599.0,,,,,,,,,,,,,,,,,,,,,,,,,
World,1932,,2113215566.0,,,,,,,,,,,,,,,,,,,,,,,,,
World,1933,,2134919626.0,,,,,,,,,,,,,,,,,,,,,,,,,
World,1934,,2156892673.0,,,,,,,,,,,,,,,,,,,,,,,,,
World,1935,,2179140887.0,,,,,,,,,,,,,,,,,,,,,,,,,
World,1936,,2201762907.0,,,,,,,,,,,,,,,,,,,,,,,,,
World,1937,,2224730578.0,,,,,,,,,,,,,,,,,,,,,,,,,
World,1938,,2248127325.0,,,,,,,,,,,,,,,,,,,,,,,,,
World,1939,,2270675197.0,,,,,,,,,,,,,,,,,,,,,,,,,
World,1940,,2291979566.0,7646890024327.0,,,,,,,,,,,,,,,,,,,,,,,,
World,1941,,2312098978.0,,,,,,,,,,,,,,,,,,,,,,,,,
World,1942,,2331135363.0,,,,,,,,,,,,,,,,,,,,,,,,,
World,1943,,2349014611.0,,,,,,,,,,,,,,,,,,,,,,,,,
World,1944,,2366918849.0,,,,,,,,,,,,,,,,,,,,,,,,,
World,1945,,2384671779.0,,,,,,,,,,,,,,,,,,,,,,,,,
World,1946,,2402301767.0,,,,,,,,,,,,,,,,,,,,,,,,,
World,1947,,2421291820.0,,,,,,,,,,,,,,,,,,,,,,,,,
World,1948,,2441897177.0,,,,,,,,,,,,,,,,,,,,,,,,,
World,1949,,2467923023.0,,,,,,,,,,,,,,,,,,,,,,,,,
World,1950,,2493092852.0,8461551701531.0,,,,,,,,,,,,,,,,,,,,,,,,
World,1951,,2536927034.0,,,,,,,,,,,,,,,,,,,,,,,,,
World,1952,,2584086340.0,,,,,,,,,,,,,,,,,,,,,,,,,
World,1953,,2634106241.0,,,,,,,,,,,,,,,,,,,,,,,,,
World,1954,,2685894857.0,,,,,,,,,,,,,,,,,,,,,,,,,
World,1955,,2740213796.0,,,,,,,,,,,,,,,,,,,,,,,,,
World,1956,,2795409991.0,,,,,,,,,,,,,,,,,,,,,,,,,
World,1957,,2852618331.0,,,,,,,,,,,,,,,,,,,,,,,,,
World,1958,,2911249671.0,,,,,,,,,,,,,,,,,,,,,,,,,
World,1959,,2965950350.0,,,,,,,,,,,,,,,,,,,,,,,,,
World,1960,,3015470889.0,13338076573731.0,,,,,,,,,,,,,,,,,,,,,,,,
World,1961,,3064869675.0,,,,,,,,,,,,,,,,,,,,,,,,,
World,1962,,3123374312.0,,,,,,,,,,,,,,,,,,,,,,,,,
World,1963,,3192807826.0,,,,,,,,,,,,,,,,,,,,,,,,,
World,1964,,3264487343.0,,,,,,,,,,,,,,,,,,,,,,,,,
World,1965,,3334533710.0,,43360.309,13003.41,93.748,40492.973,,6.088,,2629.673,941.183,923.198,,5.937,0.0,,0.0,0.0,,0.0,17.985,,0.13,941.183,,6.088
World,1966,,3404041131.0,,45732.449,13434.752,93.635,42654.66,,6.155,,2803.928,1003.623,983.817,,5.999,0.0,,0.0,0.0,,0.0,19.806,,0.136,1003.623,,6.155
World,1967,,3473412877.0,,47410.555,13649.56,93.691,44248.492,,6.068,,2865.571,1025.729,1005.742,,5.915,0.0,,0.0,0.0,,0.0,19.987,,0.132,1025.729,,6.068
World,1968,,3545187246.0,,50246.746,14173.228,93.675,46887.98,,6.036,,3021.147,1081.409,1059.289,,5.879,0.0,,0.0,0.0,,0.0,22.12,,0.138,1081.409,,6.036
World,1969,,3619491581.0,,53700.402,14836.449,93.7,50125.828,,5.979,,3198.356,1145.0,1121.742,,5.825,0.0,,0.0,0.0,,0.0,23.258,,0.136,1145.0,,5.979
World,1970,,3694683794.0,21941934246399.0,57177.613,15475.645,93.722,53386.539,,5.893,,3356.735,1200.352,1174.65,,5.728,0.0,,0.0,0.0,,0.0,25.702,,0.141,1200.352,,5.893
World,1971,,3769847867.0,,59438.562,15766.833,93.558,55397.43,,5.927,,3509.719,1255.13,1227.242,,5.757,0.0,,0.0,0.0,,0.0,27.888,,0.147,1255.13,,5.927
World,1972,,3844917684.0,,62703.992,16308.279,93.437,58365.336,,5.886,,3676.639,1314.518,1284.629,,5.713,0.0,,0.0,0.0,,0.0,29.889,,0.15,1314.518,,5.886
World,1973,,3920805041.0,,66337.648,16919.395,93.493,61791.586,,5.65,,3734.03,1335.109,1303.013,,5.476,0.0,,0.0,0.0,,0.0,32.096,,0.152,1335.109,,5.65
World,1974,,3996416100.0,,66696.508,16689.08,92.717,61586.688,,6.168,,4097.131,1465.521,1431.232,,5.985,0.0,,0.0,0.0,,0.0,34.289,,0.161,1465.521,,6.168
World,1975,,4070735279.0,,67157.297,16497.584,92.263,61701.688,,6.201,,4147.152,1483.696,1448.883,,6.018,0.0,,0.0,0.0,,0.0,34.812,,0.163,1483.696,,6.201
World,1976,,4144246382.0,,70744.766,17070.598,92.413,65115.391,,5.881,,4143.686,1481.928,1443.137,,5.689,0.0,,0.0,0.0,,0.0,38.791,,0.172,1481.928,,5.881
World,1977,,4217863796.0,,73306.172,17379.928,92.075,67221.594,,5.876,,4289.64,1532.564,1491.672,,5.676,0.0,,0.0,0.0,,0.0,40.892,,0.175,1532.564,,5.876
World,1978,,4292097499.0,,76179.039,17748.674,91.587,69471.414,,6.121,,4642.884,1657.682,1614.382,,5.912,0.0,,0.0,0.003,,0.0,43.297,,0.178,1657.682,,6.121
World,1979,,4368539520.0,,78698.641,18014.863,91.462,71666.602,,6.231,,4882.2,1741.691,1695.186,,6.01,0.0,,0.0,0.006,,0.0,46.499,,0.185,1741.691,,6.231
World,1980,,4447606240.0,31982615792285.0,78010.562,17539.898,91.017,70683.391,,6.436,,4998.319,1781.377,1731.649,,6.194,0.0,,0.0,0.01,,0.0,49.717,,0.2,1781.377,,6.436
World,1981,,4528777306.0,,77654.789,17146.965,90.366,69843.836,,6.612,,5110.542,1822.4,1768.904,,6.357,0.0,,0.0,0.01,,0.0,53.486,,0.216,1822.4,,6.612
World,1982,,4612673415.0,,77277.594,16753.32,89.9,69135.172,,6.805,,5232.971,1862.635,1800.908,,6.505,0.0,,0.0,0.019,,0.0,61.709,,0.251,1862.635,,6.805
World,1983,,4697327573.0,,78599.125,16732.732,89.322,69852.227,,7.006,,5478.752,1946.16,1877.769,,6.67,0.003,,0.0,0.033,,0.0,68.355,,0.273,1946.16,,7.006
World,1984,,4782175518.0,,82129.477,17174.082,88.772,72534.719,,6.963,,5689.233,2017.771,1941.373,,6.6,0.006,,0.0,0.045,,0.0,76.346,,0.292,2017.771,,6.963
World,1985,,4868943457.0,,84332.883,17320.572,88.141,73943.641,9886.064,6.929,20.817,5812.466,2058.022,1979.244,20.021,6.554,0.012,0.0,0.0,0.064,0.001,0.0,78.703,0.796,0.293,2058.022,20.817,6.929
World,1986,,4958072839.0,,86200.781,17385.945,87.925,75395.406,10180.79,6.909,20.545,5924.066,2091.67,2006.073,19.704,6.499,0.015,0.0,0.0,0.139,0.001,0.0,85.443,0.839,0.311,2091.67,20.545,6.909
World,1987,,5049746390.0,,89321.43,17688.301,87.802,78018.578,10670.628,6.775,19.914,6019.646,2124.914,2033.192,19.054,6.356,0.011,0.0,0.0,0.195,0.002,0.001,91.516,0.858,0.322,2124.914,19.914,6.775
World,1988,,5141992540.0,,92666.555,18021.527,87.56,80713.859,11140.627,6.741,19.683,6213.509,2192.852,2098.349,18.835,6.323,0.01,0.0,0.0,0.332,0.003,0.001,94.161,0.845,0.319,2192.852,19.683,6.741
World,1989,,5234431736.0,,94454.031,18044.754,87.621,82335.383,11657.959,6.63,18.83,6229.732,2195.171,2087.587,17.907,6.171,0.262,0.002,0.001,2.65,0.023,0.008,104.672,0.898,0.348,2195.171,18.83,6.63
World,1990,,5327803106.0,43033605109062.0,95856.289,17991.711,87.376,83316.875,11961.414,6.796,19.06,6480.236,2279.867,2158.622,18.047,6.288,0.388,0.003,0.001,3.632,0.03,0.011,117.224,0.98,0.384,2279.867,19.06,6.796
World,1991,,5418735886.0,,96516.406,17811.609,87.017,83536.398,12222.524,6.917,19.107,6640.318,2335.399,2208.544,18.069,6.39,0.505,0.004,0.001,4.086,0.033,0.012,122.263,1.0,0.398,2335.399,19.107,6.917
World,1992,,5505989815.0,,97104.883,17636.227,87.023,84052.555,12336.403,6.903,19.006,6667.23,2344.674,2208.315,17.901,6.351,0.467,0.004,0.001,4.733,0.038,0.014,131.16,1.063,0.424,2344.674,19.006,6.903
World,1993,,5591544802.0,,97894.812,17507.65,86.514,84220.555,12599.928,7.251,19.707,7058.777,2483.062,2341.321,18.582,6.681,0.557,0.004,0.002,5.704,0.045,0.016,135.481,1.075,0.435,2483.062,19.707,7.251
World,1994,,5675551258.0,,99137.25,17467.422,86.496,85272.977,12923.577,7.232,19.378,7129.369,2504.312,2355.906,18.23,6.638,0.597,0.005,0.002,7.132,0.055,0.02,140.677,1.089,0.446,2504.312,19.378,7.232
World,1995,,5758878977.0,,101315.359,17592.896,86.138,86770.078,13381.867,7.458,19.72,7512.383,2638.942,2483.389,18.558,6.848,0.639,0.005,0.002,8.272,0.062,0.023,146.642,1.096,0.455,2638.942,19.72,7.458
World,1996,,5842055730.0,,104245.836,17844.033,86.204,89353.367,13797.155,7.347,19.406,7615.427,2677.434,2516.815,18.242,6.745,0.699,0.005,0.002,9.216,0.067,0.025,150.704,1.092,0.454,2677.434,19.406,7.347
World,1997,,5924787819.0,,105269.266,17767.602,86.22,90245.734,14128.604,7.438,19.362,7784.813,2735.545,2561.356,18.129,6.797,0.75,0.005,0.002,12.028,0.085,0.032,161.412,1.142,0.482,2735.545,19.362,7.438
World,1998,,6007066691.0,,105852.398,17621.312,86.101,90618.578,14511.013,7.482,19.061,7874.825,2765.892,2580.933,17.786,6.812,0.812,0.006,0.002,15.929,0.11,0.042,168.217,1.159,0.499,2765.892,19.061,7.482
World,1999,,6089006328.0,,107613.984,17673.488,85.997,92016.5,14926.271,7.451,18.754,7972.275,2799.249,2600.469,17.422,6.751,0.905,0.006,0.002,21.227,0.142,0.055,176.648,1.183,0.516,2799.249,18.754,7.451
World,2000,,6171702992.0,59897670914608.0,110416.398,17890.75,86.045,94467.258,15278.78,7.426,18.716,8152.467,2859.62,2629.67,17.211,6.696,1.02,0.007,0.003,31.15,0.204,0.079,197.78,1.294,0.526,2859.62,18.716,7.426
World,2001,,6254936464.0,,111493.289,17824.848,86.207,95595.227,15500.83,7.183,18.044,7964.84,2796.97,2563.72,16.539,6.424,1.36,0.009,0.004,38.19,0.246,0.096,193.7,1.25,0.541,2796.97,18.044,7.183
World,2002,,6337730343.0,,113894.43,17970.854,86.292,97731.234,16049.89,7.186,17.908,8138.824,2874.16,2611.58,16.272,6.353,1.72,0.011,0.004,52.22,0.325,0.127,208.64,1.3,0.571,2874.16,17.908,7.186
World,2003,,6420361633.0,,117849.602,18355.602,86.886,101858.211,16628.01,6.975,17.442,8177.063,2900.26,2611.97,15.708,6.096,2.11,0.013,0.005,63.2,0.38,0.147,222.98,1.341,0.582,2900.26,17.442,6.975
World,2004,,6503377774.0,,123841.742,19042.68,86.773,106903.773,17414.99,7.153,17.982,8811.904,3131.54,2802.61,16.093,6.196,2.78,0.016,0.007,85.48,0.491,0.188,240.67,1.382,0.599,3131.54,17.982,7.153
World,2005,,6586970132.0,,127936.719,19422.695,86.96,110657.062,18134.08,7.192,18.096,9151.29,3281.47,2911.77,16.057,6.15,3.95,0.022,0.009,104.4,0.576,0.221,261.35,1.441,0.627,3281.47,18.096,7.192
World,2006,,6671452019.0,,131481.203,19708.033,86.931,113695.703,18838.99,7.339,18.228,9598.0,3434.06,3018.07,16.02,6.179,5.42,0.029,0.012,133.2,0.707,0.273,277.37,1.472,0.65,3434.06,18.228,7.339
World,2007,,6757308776.0,,135617.984,20069.822,87.204,117667.508,19713.961,7.383,17.974,9962.659,3543.32,3062.78,15.536,6.056,7.29,0.037,0.015,171.15,0.868,0.338,302.1,1.532,0.684,3543.32,17.974,7.383
World,2008,,6844457659.0,,137229.406,20049.713,86.853,118540.047,20102.641,7.855,18.908,10720.294,3801.02,3245.35,16.144,6.286,11.85,0.059,0.025,220.85,1.099,0.428,322.97,1.607,0.723,3801.02,18.908,7.855
World,2009,,6932766416.0,,135033.219,19477.537,86.565,116256.578,19943.51,8.161,19.467,10959.966,3882.47,3241.27,16.252,6.344,19.82,0.099,0.041,276.26,1.385,0.541,345.12,1.73,0.787,3882.47,19.467,8.161
World,2010,,7021732143.0,89807710403740.0,141602.047,20166.256,86.51,121801.43,21263.75,8.37,19.721,11784.37,4193.32,3428.21,16.122,6.344,32.21,0.151,0.063,345.99,1.627,0.641,386.91,1.82,0.84,4193.32,19.721,8.37
World,2011,,7110923773.0,,144913.297,20378.969,86.683,124911.508,21972.029,8.549,20.016,12318.797,4397.96,3488.07,15.875,6.279,63.56,0.289,0.118,439.98,2.002,0.793,406.35,1.849,0.861,4397.96,20.016,8.549
World,2012,,7201202478.0,,147002.422,20413.594,86.681,126707.328,22515.66,8.963,20.977,13101.09,4723.21,3660.17,16.256,6.42,96.92,0.43,0.179,529.26,2.351,0.936,436.86,1.94,0.917,4723.21,20.977,8.963
World,2013,,7291793585.0,,149599.734,20516.178,86.35,128401.547,23155.029,9.367,21.712,13929.002,5027.47,3790.79,16.371,6.515,131.75,0.569,0.238,634.14,2.739,1.094,470.79,2.033,0.97,5027.47,21.712,9.367
World,2014,,7381616239.0,,151239.172,20488.625,85.966,129225.125,23747.07,9.732,22.263,14629.965,5286.72,3870.67,16.3,6.583,197.74,0.833,0.334,706.1,2.973,1.195,512.21,2.157,1.044,5286.72,22.263,9.732
World,2015,,7470491876.0,106871829405667.0,152357.625,20394.59,85.694,129769.422,24002.35,10.0,22.967,15143.938,5512.64,3882.13,16.174,6.485,256.01,1.067,0.429,829.63,3.456,1.391,544.87,2.27,1.103,5512.64,22.967,10.0
World,2016,,7558554527.0,110407200853028.0,154221.484,20403.568,85.283,130666.328,24694.51,10.431,23.732,15981.749,5860.47,4014.75,16.258,6.586,327.47,1.326,0.538,960.3,3.889,1.579,557.95,2.259,1.116,5860.47,23.732,10.431
World,2017,,7645617952.0,114529588369027.0,157625.312,20616.426,84.997,133092.719,25441.039,10.793,24.466,16900.693,6224.33,4054.03,15.935,6.496,444.65,1.748,0.712,1139.44,4.479,1.824,586.21,2.304,1.15,6224.33,24.466,10.793
World,2018,,7729902779.0,118765812557841.0,161806.125,20932.492,84.619,136007.172,26464.49,11.202,25.089,18004.244,6639.6,4176.84,15.783,6.483,575.16,2.173,0.891,1268.14,4.792,1.967,619.46,2.341,1.215,6639.6,25.089,11.202
World,2019,,7811293699.0,122149370355621.0,163694.609,20956.146,84.092,136678.062,26832.42,11.651,26.071,18936.256,6995.61,4227.76,15.756,6.461,697.94,2.601,1.076,1420.96,5.296,2.166,648.95,2.419,1.254,6995.61,26.071,11.651
World,2020,,7887001289.0,118590021803593.0,157993.891,20032.188,82.985,130121.617,26723.369,12.781,27.987,20040.709,7479.17,4347.02,16.267,6.864,853.39,3.193,1.35,1591.47,5.955,2.513,687.29,2.572,1.373,7479.17,27.987,12.781
World,2021,,7954448387.0,126004793520756.0,166043.5,20874.295,82.95,136714.719,28259.07,12.861,28.102,21197.068,7941.26,4288.7,15.176,6.417,1053.99,3.73,1.573,1856.94,6.571,2.781,741.63,2.624,1.406,7941.26,28.102,12.861
World,2022,,8021407196.0,130112562171125.0,169061.531,21076.293,82.573,138548.688,28917.76,13.504,29.47,22657.553,8521.99,4324.07,14.953,6.348,1333.12,4.61,1.937,2107.66,7.288,3.09,757.14,2.618,1.418,8521.99,29.47,13.504
World,2023,,8091734933.0,,172238.781,21285.768,82.148,140308.984,29665.34,13.943,30.323,23814.445,8995.45,4240.11,14.293,6.084,1664.14,5.61,2.357,2319.18,7.818,3.317,772.02,2.602,1.412,8995.45,30.323,13.943
World,2024,,8161972574.0,,176737.094,21653.723,81.257,142420.891,30930.23,14.822,31.935,25979.023,9877.61,4433.65,14.334,6.197,2142.65,6.927,2.939,2509.5,8.113,3.494,791.81,2.56,1.413,9877.61,31.935,14.822
World,2025,,8231613067.0,,,,,,31772.35,,33.76,,10726.49,4434.97,13.959,,2778.64,8.745,,2713.14,8.539,,799.74,2.517,,10726.49,33.76,
Yugoslavia,1900,,11170000.0,14783202000.0,,,,,,,,,,,,,,,,,,,,,,,,
Yugoslavia,1901,,,,,,,,,,,,,,,,,,,,,,,,,,,
Yugoslavia,1902,,,,,,,,,,,,,,,,,,,,,,,,,,,
Yugoslavia,1903,,,,,,,,,,,,,,,,,,,,,,,,,,,
Yugoslavia,1904,,,,,,,,,,,,,,,,,,,,,,,,,,,
Yugoslavia,1905,,,,,,,,,,,,,,,,,,,,,,,,,,,
Yugoslavia,1906,,,,,,,,,,,,,,,,,,,,,,,,,,,
Yugoslavia,1907,,,,,,,,,,,,,,,,,,,,,,,,,,,
Yugoslavia,1908,,,,,,,,,,,,,,,,,,,,,,,,,,,
Yugoslavia,1909,,,,,,,,,,,,,,,,,,,,,,,,,,,
Yugoslavia,1910,,13050000.0,20243652000.0,,,,,,,,,,,,,,,,,,,,,,,,
Yugoslavia,1911,,,,,,,,,,,,,,,,,,,,,,,,,,,
Yugoslavia,1912,,,,,,,,,,,,,,,,,,,,,,,,,,,
Yugoslavia,1913,,13590000.0,21078090000.0,,,,,,,,,,,,,,,,,,,,,,,,
Yugoslavia,1914,,,,,,,,,,,,,,,,,,,,,,,,,,,
Yugoslavia,1915,,,,,,,,,,,,,,,,,,,,,,,,,,,
Yugoslavia,1916,,,,,,,,,,,,,,,,,,,,,,,,,,,
Yugoslavia,1917,,,,,,,,,,,,,,,,,,,,,,,,,,,
Yugoslavia,1918,,,,,,,,,,,,,,,,,,,,,,,,,,,
Yugoslavia,1919,,,,,,,,,,,,,,,,,,,,,,,,,,,
Yugoslavia,1920,,12420000.0,18794486000.0,,,,,,,,,,,,,,,,,,,,,,,,
Yugoslavia,1921,,12610000.0,19276103000.0,,,,,,,,,,,,,,,,,,,,,,,,
Yugoslavia,1922,,12800000.0,19846596000.0,,,,,,,,,,,,,,,,,,,,,,,,
Yugoslavia,1923,,12990000.0,20883096000.0,,,,,,,,,,,,,,,,,,,,,,,,
Yugoslavia,1924,,13180000.0,22392820000.0,,,,,,,,,,,,,,,,,,,,,,,,
Yugoslavia,1925,,13380000.0,23518524000.0,,,,,,,,,,,,,,,,,,,,,,,,
Yugoslavia,1926,,13580000.0,25173612000.0,,,,,,,,,,,,,,,,,,,,,,,,
Yugoslavia,1927,,13780000.0,24776440000.0,,,,,,,,,,,,,,,,,,,,,,,,
Yugoslavia,1928,,13990000.0,26978994000.0,,,,,,,,,,,,,,,,,,,,,,,,
Yugoslavia,1929,,14190000.0,28416388000.0,,,,,,,,,,,,,,,,,,,,,,,,
Yugoslavia,1930,,14410000.0,27877545000.0,,,,,,,,,,,,,,,,,,,,,,,,
Yugoslavia,1931,,14620000.0,27057918000.0,,,,,,,,,,,,,,,,,,,,,,,,
Yugoslavia,1932,,14820000.0,24525445000.0,,,,,,,,,,,,,,,,,,,,,,,,
Yugoslavia,1933,,15020000.0,25282026000.0,,,,,,,,,,,,,,,,,,,,,,,,
Yugoslavia,1934,,15230000.0,26222616000.0,,,,,,,,,,,,,,,,,,,,,,,,
Yugoslavia,1935,,15440000.0,25814008000.0,,,,,,,,,,,,,,,,,,,,,,,,
Yugoslavia,1936,,15650000.0,29157813000.0,,,,,,,,,,,,,,,,,,,,,,,,
Yugoslavia,1937,,15860000.0,29626480000.0,,,,,,,,,,,,,,,,,,,,,,,,
Yugoslavia,1938,,16080000.0,32023244000.0,,,,,,,,,,,,,,,,,,,,,,,,
Yugoslavia,1939,,16300000.0,33783960000.0,,,,,,,,,,,,,,,,,,,,,,,,
Yugoslavia,1940,,16300000.0,,,,,,,,,,,,,,,,,,,,,,,,,
Yugoslavia,1941,,,,,,,,,,,,,,,,,,,,,,,,,,,
Yugoslavia,1942,,,,,,,,,,,,,,,,,,,,,,,,,,,
Yugoslavia,1943,,,,,,,,,,,,,,,,,,,,,,,,,,,
Yugoslavia,1944,,,,,,,,,,,,,,,,,,,,,,,,,,,
Yugoslavia,1945,,,,,,,,,,,,,,,,,,,,,,,,,,,
Yugoslavia,1946,,,,,,,,,,,,,,,,,,,,,,,,,,,
Yugoslavia,1947,,15600000.0,30100280000.0,,,,,,,,,,,,,,,,,,,,,,,,
Yugoslavia,1948,,15820000.0,35952041000.0,,,,,,,,,,,,,,,,,,,,,,,,
Yugoslavia,1949,,16040000.0,39506520000.0,,,,,,,,,,,,,,,,,,,,,,,,
Yugoslavia,1950,,16300000.0,37094248000.0,,,,,,,,,,,,,,,,,,,,,,,,
Yugoslavia,1951,,16520000.0,38571865000.0,,,,,,,,,,,,,,,,,,,,,,,,
Yugoslavia,1952,,16710000.0,35504500000.0,,,,,,,,,,,,,,,,,,,,,,,,
Yugoslavia,1953,,16940000.0,38768793000.0,,,,,,,,,,,,,,,,,,,,,,,,
Yugoslavia,1954,,17150000.0,40047585000.0,,,,,,,,,,,,,,,,,,,,,,,,
Yugoslavia,1955,,17360000.0,47247444000.0,,,,,,,,,,,,,,,,,,,,,,,,
Yugoslavia,1956,,17510000.0,44820480000.0,,,,,,,,,,,,,,,,,,,,,,,,
Yugoslavia,1957,,17660000.0,53771655000.0,,,,,,,,,,,,,,,,,,,,,,,,
Yugoslavia,1958,,17800000.0,54882864000.0,,,,,,,,,,,,,,,,,,,,,,,,
Yugoslavia,1959,,17970000.0,63732496000.0,,,,,,,,,,,,,,,,,,,,,,,,
Yugoslavia,1960,,18130000.0,68506474000.0,,,,,,,,,,,,,,,,,,,,,,,,
Yugoslavia,1961,,18320000.0,72356100000.0,,,,,,,,,,,,,,,,,,,,,,,,
Yugoslavia,1962,,18500000.0,74758500000.0,,,,,,,,,,,,,,,,,,,,,,,,
Yugoslavia,1963,,18680000.0,83727485000.0,,,,,,,,,,,,,,,,,,,,,,,,
Yugoslavia,1964,,18850000.0,93147732000.0,,,,,,,,,,,,,,,,,,,,,,,,
Yugoslavia,1965,,19040000.0,94828278000.0,,,,,,,,,,,,,,,,,,,,,,,,
Yugoslavia,1966,,19220000.0,102082731000.0,,,,,,,,,,,,,,,,,,,,,,,,
Yugoslavia,1967,,19390000.0,104279420000.0,,,,,,,,,,,,,,,,,,,,,,,,
Yugoslavia,1968,,19550000.0,107985696000.0,,,,,,,,,,,,,,,,,,,,,,,,
Yugoslavia,1969,,19700000.0,118249705000.0,,,,,,,,,,,,,,,,,,,,,,,,
Yugoslavia,1970,,19840000.0,124753920000.0,,,,,,,,,,,,,,,,,,,,,,,,
Yugoslavia,1971,,20010000.0,134700950000.0,,,,,,,,,,,,,,,,,,,,,,,,
Yugoslavia,1972,,20200000.0,140328756000.0,,,,,,,,,,,,,,,,,,,,,,,,
Yugoslavia,1973,,20370000.0,147171942000.0,,,,,,,,,,,,,,,,,,,,,,,,
Yugoslavia,1974,,20550000.0,159611850000.0,,,,,,,,,,,,,,,,,,,,,,,,
Yugoslavia,1975,,20730000.0,165358432000.0,,,,,,,,,,,,,,,,,,,,,,,,
Yugoslavia,1976,,20930000.0,171772510000.0,,,,,,,,,,,,,,,,,,,,,,,,
Yugoslavia,1977,,21130000.0,185486280000.0,,,,,,,,,,,,,,,,,,,,,,,,
Yugoslavia,1978,,21310000.0,197811447000.0,,,,,,,,,,,,,,,,,,,,,,,,
Yugoslavia,1979,,21490000.0,212170770000.0,,,,,,,,,,,,,,,,,,,,,,,,
Yugoslavia,1980,,21620000.0,216949755000.0,542.647,25099.291,,,,,,,,,,,,,,,,,,,,,,
Yugoslavia,1981,,21710000.0,219370942000.0,610.996,28143.51,,,,,,,,,,,,,,,,,,,,,,
Yugoslavia,1982,,21880000.0,220600800000.0,632.088,28888.857,,,,,,,,,,,,,,,,,,,,,,
Yugoslavia,1983,,22020000.0,218132326000.0,654.423,29719.5,,,,,,,,,,,,,,,,,,,,,,
Yugoslavia,1984,,22090000.0,221510523000.0,746.492,33793.211,,,,,,,,,,,,,,,,,,,,,,
Yugoslavia,1985,,22220000.0,222359944000.0,783.177,35246.48,,,,,,,,,,,,,,,,,,,,,,
Yugoslavia,1986,,22340000.0,230069361000.0,772.965,34600.039,,,,,,,,,,,,,,,,,,,,,,
Yugoslavia,1987,,22440000.0,227019765000.0,792.558,35318.977,,,,,,,,,,,,,,,,,,,,,,
Yugoslavia,1988,,22540000.0,222745824000.0,799.042,35449.941,,,,,,,,,,,,,,,,,,,,,,
Yugoslavia,1989,,22630000.0,223782358000.0,809.042,35750.879,,,,,,,,,,,,,,,,,,,,,,
Yugoslavia,1990,,22720000.0,207144000000.0,802.242,35309.93,,,,,,,,,,,,,,,,,,,,,,
Yugoslavia,1991,,23070000.0,181726271217.0,713.327,30920.125,,,,,,,,,,,,,,,,,,,,,,
