Entity,Code,Year,Number of reported natural disasters - Earthquakes
Afghanistan,AFG,50,1
Afghanistan,AFG,818,1
Afghanistan,AFG,1102,1
Afghanistan,AFG,1505,1
Afghanistan,AFG,1832,1
Afghanistan,AFG,1842,1
Afghanistan,AFG,1874,1
Afghanistan,AFG,1896,1
Afghanistan,AFG,1908,1
Afghanistan,AFG,1909,1
Afghanistan,AFG,1911,2
Afghanistan,AFG,1921,1
Afghanistan,AFG,1922,1
Afghanistan,AFG,1929,1
Afghanistan,AFG,1937,1
Afghanistan,AFG,1939,1
Afghanistan,AFG,1949,1
Afghanistan,AFG,1954,1
Afghanistan,AFG,1956,1
Afghanistan,AFG,1965,1
Afghanistan,AFG,1972,1
Afghanistan,AFG,1976,2
Afghanistan,AFG,1982,1
Afghanistan,AFG,1983,1
Afghanistan,AFG,1984,1
Afghanistan,AFG,1985,1
Afghanistan,AFG,1990,2
Afghanistan,AFG,1991,3
Afghanistan,AFG,1994,1
Afghanistan,AFG,1997,1
Afghanistan,AFG,1998,3
Afghanistan,AFG,1999,1
Afghanistan,AFG,2000,1
Afghanistan,AFG,2001,1
Afghanistan,AFG,2002,3
Afghanistan,AFG,2004,3
Afghanistan,AFG,2005,1
Afghanistan,AFG,2008,1
Afghanistan,AFG,2009,2
Afghanistan,AFG,2010,1
Afghanistan,AFG,2012,1
Afghanistan,AFG,2013,1
Afghanistan,AFG,2015,2
Afghanistan,AFG,2016,1
Afghanistan,AFG,2018,3
Afghanistan,AFG,2022,3
Afghanistan,AFG,2023,4
Africa,OWID_AFR,-221,1
Africa,OWID_AFR,-27,1
Africa,OWID_AFR,412,1
Africa,OWID_AFR,704,1
Africa,OWID_AFR,854,1
Africa,OWID_AFR,856,1
Africa,OWID_AFR,857,1
Africa,OWID_AFR,885,1
Africa,OWID_AFR,1040,1
Africa,OWID_AFR,1070,1
Africa,OWID_AFR,1212,1
Africa,OWID_AFR,1276,1
Africa,OWID_AFR,1359,1
Africa,OWID_AFR,1365,1
Africa,OWID_AFR,1481,1
Africa,OWID_AFR,1579,1
Africa,OWID_AFR,1624,1
Africa,OWID_AFR,1631,1
Africa,OWID_AFR,1636,1
Africa,OWID_AFR,1660,1
Africa,OWID_AFR,1716,2
Africa,OWID_AFR,1719,1
Africa,OWID_AFR,1731,1
Africa,OWID_AFR,1733,1
Africa,OWID_AFR,1754,1
Africa,OWID_AFR,1755,1
Africa,OWID_AFR,1757,1
Africa,OWID_AFR,1758,1
Africa,OWID_AFR,1773,1
Africa,OWID_AFR,1777,1
Africa,OWID_AFR,1788,1
Africa,OWID_AFR,1790,1
Africa,OWID_AFR,1791,1
Africa,OWID_AFR,1795,1
Africa,OWID_AFR,1802,1
Africa,OWID_AFR,1808,1
Africa,OWID_AFR,1809,1
Africa,OWID_AFR,1819,1
Africa,OWID_AFR,1820,1
Africa,OWID_AFR,1821,1
Africa,OWID_AFR,1825,1
Africa,OWID_AFR,1842,1
Africa,OWID_AFR,1845,1
Africa,OWID_AFR,1847,1
Africa,OWID_AFR,1848,1
Africa,OWID_AFR,1850,1
Africa,OWID_AFR,1855,1
Africa,OWID_AFR,1856,2
Africa,OWID_AFR,1857,2
Africa,OWID_AFR,1861,1
Africa,OWID_AFR,1862,1
Africa,OWID_AFR,1867,1
Africa,OWID_AFR,1869,1
Africa,OWID_AFR,1872,1
Africa,OWID_AFR,1875,1
Africa,OWID_AFR,1879,2
Africa,OWID_AFR,1884,1
Africa,OWID_AFR,1885,2
Africa,OWID_AFR,1887,1
Africa,OWID_AFR,1889,1
Africa,OWID_AFR,1891,1
Africa,OWID_AFR,1905,1
Africa,OWID_AFR,1906,2
Africa,OWID_AFR,1909,2
Africa,OWID_AFR,1910,3
Africa,OWID_AFR,1912,1
Africa,OWID_AFR,1915,1
Africa,OWID_AFR,1919,1
Africa,OWID_AFR,1921,2
Africa,OWID_AFR,1922,1
Africa,OWID_AFR,1924,1
Africa,OWID_AFR,1926,1
Africa,OWID_AFR,1928,1
Africa,OWID_AFR,1930,1
Africa,OWID_AFR,1933,1
Africa,OWID_AFR,1937,1
Africa,OWID_AFR,1939,1
Africa,OWID_AFR,1941,1
Africa,OWID_AFR,1942,1
Africa,OWID_AFR,1943,1
Africa,OWID_AFR,1945,2
Africa,OWID_AFR,1946,1
Africa,OWID_AFR,1947,1
Africa,OWID_AFR,1954,4
Africa,OWID_AFR,1955,1
Africa,OWID_AFR,1957,1
Africa,OWID_AFR,1959,1
Africa,OWID_AFR,1960,3
Africa,OWID_AFR,1961,1
Africa,OWID_AFR,1962,1
Africa,OWID_AFR,1963,1
Africa,OWID_AFR,1964,1
Africa,OWID_AFR,1965,1
Africa,OWID_AFR,1966,1
Africa,OWID_AFR,1967,1
Africa,OWID_AFR,1968,2
Africa,OWID_AFR,1969,4
Africa,OWID_AFR,1973,1
Africa,OWID_AFR,1974,1
Africa,OWID_AFR,1975,1
Africa,OWID_AFR,1976,1
Africa,OWID_AFR,1980,1
Africa,OWID_AFR,1981,1
Africa,OWID_AFR,1983,1
Africa,OWID_AFR,1985,1
Africa,OWID_AFR,1986,1
Africa,OWID_AFR,1987,1
Africa,OWID_AFR,1988,1
Africa,OWID_AFR,1989,3
Africa,OWID_AFR,1990,4
Africa,OWID_AFR,1992,2
Africa,OWID_AFR,1993,1
Africa,OWID_AFR,1994,2
Africa,OWID_AFR,1995,1
Africa,OWID_AFR,1997,1
Africa,OWID_AFR,1999,1
Africa,OWID_AFR,2000,2
Africa,OWID_AFR,2002,4
Africa,OWID_AFR,2003,2
Africa,OWID_AFR,2004,5
Africa,OWID_AFR,2005,3
Africa,OWID_AFR,2006,3
Africa,OWID_AFR,2008,4
Africa,OWID_AFR,2009,3
Africa,OWID_AFR,2010,2
Africa,OWID_AFR,2013,2
Africa,OWID_AFR,2014,3
Africa,OWID_AFR,2015,1
Africa,OWID_AFR,2016,4
Africa,OWID_AFR,2017,4
Africa,OWID_AFR,2018,3
Africa,OWID_AFR,2019,1
Africa,OWID_AFR,2021,3
Africa,OWID_AFR,2023,1
Albania,ALB,-58,1
Albania,ALB,57,1
Albania,ALB,334,1
Albania,ALB,342,1
Albania,ALB,346,1
Albania,ALB,522,1
Albania,ALB,1237,2
Albania,ALB,1273,1
Albania,ALB,1380,1
Albania,ALB,1833,1
Albania,ALB,1851,3
Albania,ALB,1854,1
Albania,ALB,1855,1
Albania,ALB,1858,2
Albania,ALB,1860,1
Albania,ALB,1862,1
Albania,ALB,1866,3
Albania,ALB,1869,1
Albania,ALB,1893,1
Albania,ALB,1895,3
Albania,ALB,1897,1
Albania,ALB,1905,1
Albania,ALB,1906,1
Albania,ALB,1907,1
Albania,ALB,1911,1
Albania,ALB,1920,1
Albania,ALB,1926,1
Albania,ALB,1930,3
Albania,ALB,1931,1
Albania,ALB,1942,1
Albania,ALB,1959,1
Albania,ALB,1962,1
Albania,ALB,1967,2
Albania,ALB,1969,1
Albania,ALB,1988,1
Albania,ALB,1997,1
Albania,ALB,1998,1
Albania,ALB,2005,1
Albania,ALB,2006,1
Albania,ALB,2007,1
Albania,ALB,2014,1
Albania,ALB,2019,3
Albania,ALB,2024,1
Algeria,DZA,1359,1
Algeria,DZA,1365,1
Algeria,DZA,1716,2
Algeria,DZA,1790,1
Algeria,DZA,1802,1
Algeria,DZA,1819,1
Algeria,DZA,1825,1
Algeria,DZA,1855,1
Algeria,DZA,1856,2
Algeria,DZA,1857,1
Algeria,DZA,1867,1
Algeria,DZA,1869,1
Algeria,DZA,1885,2
Algeria,DZA,1887,1
Algeria,DZA,1891,1
Algeria,DZA,1910,1
Algeria,DZA,1922,1
Algeria,DZA,1924,1
Algeria,DZA,1937,1
Algeria,DZA,1943,1
Algeria,DZA,1946,1
Algeria,DZA,1947,1
Algeria,DZA,1954,4
Algeria,DZA,1959,1
Algeria,DZA,1960,1
Algeria,DZA,1965,1
Algeria,DZA,1967,1
Algeria,DZA,1968,1
Algeria,DZA,1975,1
Algeria,DZA,1980,1
Algeria,DZA,1985,1
Algeria,DZA,1987,1
Algeria,DZA,1988,1
Algeria,DZA,1989,1
Algeria,DZA,1994,1
Algeria,DZA,1999,1
Algeria,DZA,2003,2
Algeria,DZA,2004,3
Algeria,DZA,2006,1
Algeria,DZA,2008,2
Algeria,DZA,2010,1
Algeria,DZA,2013,2
Algeria,DZA,2014,2
Algeria,DZA,2016,1
Algeria,DZA,2021,1
Antarctica,ATA,1973,1
Antarctica,ATA,1998,1
Antarctica,ATA,2003,1
Antarctica,ATA,2013,1
Antarctica,ATA,2021,1
Antigua and Barbuda,ATG,1690,1
Antigua and Barbuda,ATG,1802,1
Antigua and Barbuda,ATG,1974,1
Argentina,ARG,1692,1
Argentina,ARG,1782,1
Argentina,ARG,1817,1
Argentina,ARG,1826,1
Argentina,ARG,1844,1
Argentina,ARG,1861,1
Argentina,ARG,1863,1
Argentina,ARG,1871,1
Argentina,ARG,1874,1
Argentina,ARG,1892,1
Argentina,ARG,1894,1
Argentina,ARG,1898,1
Argentina,ARG,1899,1
Argentina,ARG,1903,1
Argentina,ARG,1908,1
Argentina,ARG,1912,1
Argentina,ARG,1916,1
Argentina,ARG,1920,1
Argentina,ARG,1927,1
Argentina,ARG,1929,1
Argentina,ARG,1930,1
Argentina,ARG,1934,1
Argentina,ARG,1936,1
Argentina,ARG,1940,1
Argentina,ARG,1942,1
Argentina,ARG,1944,1
Argentina,ARG,1948,1
Argentina,ARG,1952,1
Argentina,ARG,1959,1
Argentina,ARG,1974,1
Argentina,ARG,1977,1
Argentina,ARG,1985,1
Argentina,ARG,2002,1
Argentina,ARG,2004,1
Argentina,ARG,2006,1
Argentina,ARG,2008,1
Argentina,ARG,2010,1
Argentina,ARG,2015,1
Argentina,ARG,2021,1
Armenia,ARM,735,1
Armenia,ARM,851,1
Armenia,ARM,854,1
Armenia,ARM,856,1
Armenia,ARM,893,1
Armenia,ARM,1683,1
Armenia,ARM,1692,1
Armenia,ARM,1880,1
Armenia,ARM,1931,1
Armenia,ARM,1968,2
Armenia,ARM,1988,1
Armenia,ARM,1998,1
Asia,OWID_ASI,-2150,1
Asia,OWID_ASI,-2000,2
Asia,OWID_ASI,-1566,1
Asia,OWID_ASI,-1365,1
Asia,OWID_ASI,-1250,1
Asia,OWID_ASI,-1050,1
Asia,OWID_ASI,-759,1
Asia,OWID_ASI,-590,1
Asia,OWID_ASI,-525,1
Asia,OWID_ASI,-400,1
Asia,OWID_ASI,-326,1
Asia,OWID_ASI,-282,1
Asia,OWID_ASI,-250,1
Asia,OWID_ASI,-193,1
Asia,OWID_ASI,-186,1
Asia,OWID_ASI,-70,1
Asia,OWID_ASI,-50,1
Asia,OWID_ASI,-47,1
Asia,OWID_ASI,-33,1
Asia,OWID_ASI,-31,1
Asia,OWID_ASI,-26,1
Asia,OWID_ASI,10,1
Asia,OWID_ASI,11,1
Asia,OWID_ASI,17,1
Asia,OWID_ASI,25,1
Asia,OWID_ASI,27,1
Asia,OWID_ASI,29,1
Asia,OWID_ASI,33,1
Asia,OWID_ASI,37,1
Asia,OWID_ASI,46,1
Asia,OWID_ASI,50,1
Asia,OWID_ASI,52,1
Asia,OWID_ASI,60,1
Asia,OWID_ASI,68,1
Asia,OWID_ASI,89,1
Asia,OWID_ASI,93,1
Asia,OWID_ASI,100,1
Asia,OWID_ASI,105,1
Asia,OWID_ASI,109,1
Asia,OWID_ASI,115,1
Asia,OWID_ASI,120,1
Asia,OWID_ASI,123,1
Asia,OWID_ASI,128,1
Asia,OWID_ASI,138,1
Asia,OWID_ASI,143,1
Asia,OWID_ASI,173,1
Asia,OWID_ASI,177,1
Asia,OWID_ASI,180,1
Asia,OWID_ASI,181,1
Asia,OWID_ASI,253,1
Asia,OWID_ASI,262,1
Asia,OWID_ASI,294,2
Asia,OWID_ASI,304,1
Asia,OWID_ASI,306,1
Asia,OWID_ASI,315,1
Asia,OWID_ASI,319,1
Asia,OWID_ASI,340,1
Asia,OWID_ASI,341,2
Asia,OWID_ASI,344,2
Asia,OWID_ASI,348,1
Asia,OWID_ASI,350,1
Asia,OWID_ASI,355,1
Asia,OWID_ASI,358,1
Asia,OWID_ASI,362,2
Asia,OWID_ASI,367,1
Asia,OWID_ASI,368,2
Asia,OWID_ASI,394,1
Asia,OWID_ASI,395,1
Asia,OWID_ASI,407,1
Asia,OWID_ASI,419,1
Asia,OWID_ASI,425,1
Asia,OWID_ASI,427,1
Asia,OWID_ASI,440,1
Asia,OWID_ASI,447,1
Asia,OWID_ASI,450,1
Asia,OWID_ASI,457,1
Asia,OWID_ASI,458,1
Asia,OWID_ASI,460,2
Asia,OWID_ASI,477,1
Asia,OWID_ASI,478,1
Asia,OWID_ASI,484,1
Asia,OWID_ASI,494,1
Asia,OWID_ASI,499,1
Asia,OWID_ASI,500,1
Asia,OWID_ASI,501,1
Asia,OWID_ASI,510,1
Asia,OWID_ASI,512,1
Asia,OWID_ASI,522,1
Asia,OWID_ASI,525,1
Asia,OWID_ASI,528,1
Asia,OWID_ASI,533,1
Asia,OWID_ASI,543,1
Asia,OWID_ASI,551,1
Asia,OWID_ASI,552,1
Asia,OWID_ASI,553,1
Asia,OWID_ASI,555,1
Asia,OWID_ASI,557,3
Asia,OWID_ASI,558,1
Asia,OWID_ASI,565,1
Asia,OWID_ASI,579,1
Asia,OWID_ASI,581,1
Asia,OWID_ASI,587,1
Asia,OWID_ASI,600,1
Asia,OWID_ASI,634,1
Asia,OWID_ASI,649,1
Asia,OWID_ASI,662,1
Asia,OWID_ASI,664,1
Asia,OWID_ASI,678,1
Asia,OWID_ASI,684,1
Asia,OWID_ASI,688,1
Asia,OWID_ASI,701,1
Asia,OWID_ASI,704,1
Asia,OWID_ASI,713,1
Asia,OWID_ASI,715,1
Asia,OWID_ASI,716,1
Asia,OWID_ASI,734,1
Asia,OWID_ASI,735,1
Asia,OWID_ASI,740,1
Asia,OWID_ASI,742,1
Asia,OWID_ASI,743,1
Asia,OWID_ASI,744,1
Asia,OWID_ASI,745,2
Asia,OWID_ASI,746,1
Asia,OWID_ASI,748,1
Asia,OWID_ASI,749,1
Asia,OWID_ASI,758,1
Asia,OWID_ASI,763,1
Asia,OWID_ASI,766,1
Asia,OWID_ASI,777,1
Asia,OWID_ASI,778,1
Asia,OWID_ASI,780,1
Asia,OWID_ASI,788,1
Asia,OWID_ASI,803,1
Asia,OWID_ASI,814,1
Asia,OWID_ASI,818,2
Asia,OWID_ASI,820,1
Asia,OWID_ASI,835,1
Asia,OWID_ASI,838,1
Asia,OWID_ASI,844,1
Asia,OWID_ASI,845,1
Asia,OWID_ASI,846,1
Asia,OWID_ASI,847,2
Asia,OWID_ASI,850,2
Asia,OWID_ASI,851,1
Asia,OWID_ASI,854,1
Asia,OWID_ASI,855,1
Asia,OWID_ASI,856,2
Asia,OWID_ASI,858,2
Asia,OWID_ASI,859,1
Asia,OWID_ASI,860,1
Asia,OWID_ASI,863,4
Asia,OWID_ASI,864,1
Asia,OWID_ASI,869,2
Asia,OWID_ASI,871,1
Asia,OWID_ASI,876,1
Asia,OWID_ASI,878,1
Asia,OWID_ASI,887,2
Asia,OWID_ASI,891,1
Asia,OWID_ASI,893,1
Asia,OWID_ASI,898,1
Asia,OWID_ASI,910,1
Asia,OWID_ASI,912,1
Asia,OWID_ASI,922,1
Asia,OWID_ASI,942,2
Asia,OWID_ASI,943,1
Asia,OWID_ASI,951,1
Asia,OWID_ASI,953,1
Asia,OWID_ASI,956,1
Asia,OWID_ASI,957,2
Asia,OWID_ASI,958,2
Asia,OWID_ASI,967,1
Asia,OWID_ASI,972,1
Asia,OWID_ASI,977,1
Asia,OWID_ASI,978,1
Asia,OWID_ASI,986,1
Asia,OWID_ASI,989,1
Asia,OWID_ASI,991,1
Asia,OWID_ASI,999,2
Asia,OWID_ASI,1000,1
Asia,OWID_ASI,1001,1
Asia,OWID_ASI,1003,1
Asia,OWID_ASI,1007,1
Asia,OWID_ASI,1008,1
Asia,OWID_ASI,1010,1
Asia,OWID_ASI,1022,1
Asia,OWID_ASI,1026,1
Asia,OWID_ASI,1033,1
Asia,OWID_ASI,1036,2
Asia,OWID_ASI,1037,1
Asia,OWID_ASI,1038,1
Asia,OWID_ASI,1039,1
Asia,OWID_ASI,1042,2
Asia,OWID_ASI,1045,1
Asia,OWID_ASI,1046,1
Asia,OWID_ASI,1052,2
Asia,OWID_ASI,1057,1
Asia,OWID_ASI,1058,1
Asia,OWID_ASI,1063,2
Asia,OWID_ASI,1064,1
Asia,OWID_ASI,1065,1
Asia,OWID_ASI,1066,1
Asia,OWID_ASI,1067,1
Asia,OWID_ASI,1068,2
Asia,OWID_ASI,1072,1
Asia,OWID_ASI,1076,1
Asia,OWID_ASI,1082,1
Asia,OWID_ASI,1085,2
Asia,OWID_ASI,1086,1
Asia,OWID_ASI,1088,2
Asia,OWID_ASI,1089,1
Asia,OWID_ASI,1091,1
Asia,OWID_ASI,1096,1
Asia,OWID_ASI,1099,1
Asia,OWID_ASI,1101,1
Asia,OWID_ASI,1102,2
Asia,OWID_ASI,1106,1
Asia,OWID_ASI,1109,1
Asia,OWID_ASI,1111,1
Asia,OWID_ASI,1114,2
Asia,OWID_ASI,1115,3
Asia,OWID_ASI,1119,1
Asia,OWID_ASI,1125,1
Asia,OWID_ASI,1130,2
Asia,OWID_ASI,1137,1
Asia,OWID_ASI,1139,1
Asia,OWID_ASI,1143,2
Asia,OWID_ASI,1149,1
Asia,OWID_ASI,1151,1
Asia,OWID_ASI,1155,1
Asia,OWID_ASI,1156,1
Asia,OWID_ASI,1157,1
Asia,OWID_ASI,1158,1
Asia,OWID_ASI,1160,1
Asia,OWID_ASI,1169,1
Asia,OWID_ASI,1171,1
Asia,OWID_ASI,1175,2
Asia,OWID_ASI,1176,1
Asia,OWID_ASI,1179,1
Asia,OWID_ASI,1182,1
Asia,OWID_ASI,1183,1
Asia,OWID_ASI,1202,2
Asia,OWID_ASI,1208,2
Asia,OWID_ASI,1209,2
Asia,OWID_ASI,1219,1
Asia,OWID_ASI,1227,1
Asia,OWID_ASI,1231,1
Asia,OWID_ASI,1237,1
Asia,OWID_ASI,1241,1
Asia,OWID_ASI,1255,1
Asia,OWID_ASI,1257,2
Asia,OWID_ASI,1267,1
Asia,OWID_ASI,1268,1
Asia,OWID_ASI,1269,1
Asia,OWID_ASI,1272,1
Asia,OWID_ASI,1275,1
Asia,OWID_ASI,1280,1
Asia,OWID_ASI,1281,1
Asia,OWID_ASI,1283,1
Asia,OWID_ASI,1284,1
Asia,OWID_ASI,1289,1
Asia,OWID_ASI,1290,1
Asia,OWID_ASI,1291,2
Asia,OWID_ASI,1293,2
Asia,OWID_ASI,1296,1
Asia,OWID_ASI,1300,1
Asia,OWID_ASI,1301,1
Asia,OWID_ASI,1303,1
Asia,OWID_ASI,1304,1
Asia,OWID_ASI,1305,1
Asia,OWID_ASI,1306,2
Asia,OWID_ASI,1310,2
Asia,OWID_ASI,1314,1
Asia,OWID_ASI,1319,1
Asia,OWID_ASI,1327,1
Asia,OWID_ASI,1331,1
Asia,OWID_ASI,1332,1
Asia,OWID_ASI,1336,2
Asia,OWID_ASI,1337,1
Asia,OWID_ASI,1339,1
Asia,OWID_ASI,1340,1
Asia,OWID_ASI,1341,1
Asia,OWID_ASI,1343,2
Asia,OWID_ASI,1344,2
Asia,OWID_ASI,1347,1
Asia,OWID_ASI,1350,1
Asia,OWID_ASI,1351,1
Asia,OWID_ASI,1352,1
Asia,OWID_ASI,1354,2
Asia,OWID_ASI,1358,1
Asia,OWID_ASI,1360,2
Asia,OWID_ASI,1361,2
Asia,OWID_ASI,1367,1
Asia,OWID_ASI,1368,1
Asia,OWID_ASI,1372,1
Asia,OWID_ASI,1377,1
Asia,OWID_ASI,1382,1
Asia,OWID_ASI,1385,1
Asia,OWID_ASI,1387,1
Asia,OWID_ASI,1389,3
Asia,OWID_ASI,1390,1
Asia,OWID_ASI,1400,2
Asia,OWID_ASI,1402,1
Asia,OWID_ASI,1403,2
Asia,OWID_ASI,1404,1
Asia,OWID_ASI,1405,1
Asia,OWID_ASI,1406,1
Asia,OWID_ASI,1407,1
Asia,OWID_ASI,1408,2
Asia,OWID_ASI,1419,1
Asia,OWID_ASI,1426,1
Asia,OWID_ASI,1433,1
Asia,OWID_ASI,1440,2
Asia,OWID_ASI,1441,2
Asia,OWID_ASI,1444,1
Asia,OWID_ASI,1445,1
Asia,OWID_ASI,1448,1
Asia,OWID_ASI,1455,1
Asia,OWID_ASI,1456,1
Asia,OWID_ASI,1457,1
Asia,OWID_ASI,1458,2
Asia,OWID_ASI,1463,1
Asia,OWID_ASI,1467,1
Asia,OWID_ASI,1475,1
Asia,OWID_ASI,1478,1
Asia,OWID_ASI,1481,1
Asia,OWID_ASI,1482,2
Asia,OWID_ASI,1483,1
Asia,OWID_ASI,1484,2
Asia,OWID_ASI,1485,2
Asia,OWID_ASI,1487,1
Asia,OWID_ASI,1488,1
Asia,OWID_ASI,1489,1
Asia,OWID_ASI,1490,1
Asia,OWID_ASI,1493,1
Asia,OWID_ASI,1494,1
Asia,OWID_ASI,1495,2
Asia,OWID_ASI,1497,1
Asia,OWID_ASI,1498,3
Asia,OWID_ASI,1499,1
Asia,OWID_ASI,1500,1
Asia,OWID_ASI,1501,3
Asia,OWID_ASI,1502,1
Asia,OWID_ASI,1505,3
Asia,OWID_ASI,1507,1
Asia,OWID_ASI,1509,3
Asia,OWID_ASI,1510,2
Asia,OWID_ASI,1511,1
Asia,OWID_ASI,1512,1
Asia,OWID_ASI,1514,1
Asia,OWID_ASI,1515,2
Asia,OWID_ASI,1517,1
Asia,OWID_ASI,1518,1
Asia,OWID_ASI,1520,2
Asia,OWID_ASI,1524,1
Asia,OWID_ASI,1527,1
Asia,OWID_ASI,1531,1
Asia,OWID_ASI,1535,1
Asia,OWID_ASI,1536,1
Asia,OWID_ASI,1539,1
Asia,OWID_ASI,1542,1
Asia,OWID_ASI,1545,2
Asia,OWID_ASI,1546,1
Asia,OWID_ASI,1549,1
Asia,OWID_ASI,1550,1
Asia,OWID_ASI,1551,1
Asia,OWID_ASI,1553,1
Asia,OWID_ASI,1555,1
Asia,OWID_ASI,1556,3
Asia,OWID_ASI,1560,2
Asia,OWID_ASI,1561,2
Asia,OWID_ASI,1566,1
Asia,OWID_ASI,1568,2
Asia,OWID_ASI,1570,1
Asia,OWID_ASI,1571,1
Asia,OWID_ASI,1573,1
Asia,OWID_ASI,1574,1
Asia,OWID_ASI,1577,2
Asia,OWID_ASI,1579,1
Asia,OWID_ASI,1586,2
Asia,OWID_ASI,1588,3
Asia,OWID_ASI,1589,1
Asia,OWID_ASI,1590,1
Asia,OWID_ASI,1596,1
Asia,OWID_ASI,1597,1
Asia,OWID_ASI,1598,1
Asia,OWID_ASI,1599,1
Asia,OWID_ASI,1600,2
Asia,OWID_ASI,1601,1
Asia,OWID_ASI,1602,1
Asia,OWID_ASI,1604,1
Asia,OWID_ASI,1605,3
Asia,OWID_ASI,1606,1
Asia,OWID_ASI,1608,1
Asia,OWID_ASI,1609,1
Asia,OWID_ASI,1610,1
Asia,OWID_ASI,1611,4
Asia,OWID_ASI,1613,1
Asia,OWID_ASI,1614,2
Asia,OWID_ASI,1615,1
Asia,OWID_ASI,1616,3
Asia,OWID_ASI,1618,3
Asia,OWID_ASI,1619,2
Asia,OWID_ASI,1620,2
Asia,OWID_ASI,1621,1
Asia,OWID_ASI,1622,1
Asia,OWID_ASI,1626,1
Asia,OWID_ASI,1627,2
Asia,OWID_ASI,1628,2
Asia,OWID_ASI,1629,1
Asia,OWID_ASI,1630,2
Asia,OWID_ASI,1631,3
Asia,OWID_ASI,1633,2
Asia,OWID_ASI,1634,3
Asia,OWID_ASI,1636,1
Asia,OWID_ASI,1639,1
Asia,OWID_ASI,1640,3
Asia,OWID_ASI,1641,3
Asia,OWID_ASI,1642,2
Asia,OWID_ASI,1643,1
Asia,OWID_ASI,1644,1
Asia,OWID_ASI,1645,2
Asia,OWID_ASI,1646,4
Asia,OWID_ASI,1647,1
Asia,OWID_ASI,1648,2
Asia,OWID_ASI,1649,2
Asia,OWID_ASI,1650,1
Asia,OWID_ASI,1652,1
Asia,OWID_ASI,1653,2
Asia,OWID_ASI,1654,1
Asia,OWID_ASI,1656,1
Asia,OWID_ASI,1657,2
Asia,OWID_ASI,1658,2
Asia,OWID_ASI,1659,2
Asia,OWID_ASI,1661,1
Asia,OWID_ASI,1662,2
Asia,OWID_ASI,1664,3
Asia,OWID_ASI,1665,2
Asia,OWID_ASI,1666,3
Asia,OWID_ASI,1667,5
Asia,OWID_ASI,1668,6
Asia,OWID_ASI,1669,1
Asia,OWID_ASI,1670,4
Asia,OWID_ASI,1671,2
Asia,OWID_ASI,1673,4
Asia,OWID_ASI,1674,2
Asia,OWID_ASI,1675,1
Asia,OWID_ASI,1676,1
Asia,OWID_ASI,1677,4
Asia,OWID_ASI,1678,4
Asia,OWID_ASI,1679,4
Asia,OWID_ASI,1680,2
Asia,OWID_ASI,1681,2
Asia,OWID_ASI,1683,3
Asia,OWID_ASI,1687,1
Asia,OWID_ASI,1688,3
Asia,OWID_ASI,1690,2
Asia,OWID_ASI,1692,1
Asia,OWID_ASI,1694,2
Asia,OWID_ASI,1695,1
Asia,OWID_ASI,1696,2
Asia,OWID_ASI,1698,1
Asia,OWID_ASI,1699,1
Asia,OWID_ASI,1700,2
Asia,OWID_ASI,1703,3
Asia,OWID_ASI,1704,3
Asia,OWID_ASI,1707,3
Asia,OWID_ASI,1708,2
Asia,OWID_ASI,1709,1
Asia,OWID_ASI,1710,2
Asia,OWID_ASI,1711,3
Asia,OWID_ASI,1713,3
Asia,OWID_ASI,1714,2
Asia,OWID_ASI,1715,2
Asia,OWID_ASI,1716,2
Asia,OWID_ASI,1717,1
Asia,OWID_ASI,1718,1
Asia,OWID_ASI,1719,1
Asia,OWID_ASI,1720,3
Asia,OWID_ASI,1721,4
Asia,OWID_ASI,1722,1
Asia,OWID_ASI,1725,2
Asia,OWID_ASI,1726,1
Asia,OWID_ASI,1727,2
Asia,OWID_ASI,1728,1
Asia,OWID_ASI,1729,1
Asia,OWID_ASI,1730,3
Asia,OWID_ASI,1731,1
Asia,OWID_ASI,1732,1
Asia,OWID_ASI,1733,1
Asia,OWID_ASI,1735,1
Asia,OWID_ASI,1736,1
Asia,OWID_ASI,1737,2
Asia,OWID_ASI,1738,2
Asia,OWID_ASI,1739,2
Asia,OWID_ASI,1743,3
Asia,OWID_ASI,1744,1
Asia,OWID_ASI,1747,1
Asia,OWID_ASI,1748,4
Asia,OWID_ASI,1749,1
Asia,OWID_ASI,1750,2
Asia,OWID_ASI,1751,2
Asia,OWID_ASI,1752,2
Asia,OWID_ASI,1754,4
Asia,OWID_ASI,1755,3
Asia,OWID_ASI,1757,1
Asia,OWID_ASI,1759,2
Asia,OWID_ASI,1761,2
Asia,OWID_ASI,1762,2
Asia,OWID_ASI,1763,5
Asia,OWID_ASI,1765,1
Asia,OWID_ASI,1766,4
Asia,OWID_ASI,1767,2
Asia,OWID_ASI,1768,1
Asia,OWID_ASI,1769,3
Asia,OWID_ASI,1770,4
Asia,OWID_ASI,1771,2
Asia,OWID_ASI,1772,2
Asia,OWID_ASI,1775,1
Asia,OWID_ASI,1776,1
Asia,OWID_ASI,1778,3
Asia,OWID_ASI,1779,1
Asia,OWID_ASI,1780,1
Asia,OWID_ASI,1781,1
Asia,OWID_ASI,1782,2
Asia,OWID_ASI,1783,1
Asia,OWID_ASI,1784,2
Asia,OWID_ASI,1785,1
Asia,OWID_ASI,1786,2
Asia,OWID_ASI,1787,2
Asia,OWID_ASI,1789,2
Asia,OWID_ASI,1791,3
Asia,OWID_ASI,1792,4
Asia,OWID_ASI,1793,3
Asia,OWID_ASI,1794,1
Asia,OWID_ASI,1796,2
Asia,OWID_ASI,1797,1
Asia,OWID_ASI,1799,3
Asia,OWID_ASI,1800,1
Asia,OWID_ASI,1802,2
Asia,OWID_ASI,1803,2
Asia,OWID_ASI,1804,1
Asia,OWID_ASI,1805,1
Asia,OWID_ASI,1806,1
Asia,OWID_ASI,1808,3
Asia,OWID_ASI,1809,1
Asia,OWID_ASI,1810,1
Asia,OWID_ASI,1811,4
Asia,OWID_ASI,1812,2
Asia,OWID_ASI,1813,1
Asia,OWID_ASI,1814,4
Asia,OWID_ASI,1815,4
Asia,OWID_ASI,1816,2
Asia,OWID_ASI,1817,1
Asia,OWID_ASI,1818,2
Asia,OWID_ASI,1819,2
Asia,OWID_ASI,1820,4
Asia,OWID_ASI,1822,3
Asia,OWID_ASI,1823,3
Asia,OWID_ASI,1824,4
Asia,OWID_ASI,1825,2
Asia,OWID_ASI,1826,1
Asia,OWID_ASI,1827,3
Asia,OWID_ASI,1828,6
Asia,OWID_ASI,1829,3
Asia,OWID_ASI,1830,6
Asia,OWID_ASI,1831,1
Asia,OWID_ASI,1832,1
Asia,OWID_ASI,1833,5
Asia,OWID_ASI,1834,6
Asia,OWID_ASI,1835,3
Asia,OWID_ASI,1836,2
Asia,OWID_ASI,1837,4
Asia,OWID_ASI,1838,2
Asia,OWID_ASI,1839,5
Asia,OWID_ASI,1840,4
Asia,OWID_ASI,1841,2
Asia,OWID_ASI,1842,4
Asia,OWID_ASI,1843,6
Asia,OWID_ASI,1844,3
Asia,OWID_ASI,1845,4
Asia,OWID_ASI,1846,3
Asia,OWID_ASI,1847,3
Asia,OWID_ASI,1848,1
Asia,OWID_ASI,1850,3
Asia,OWID_ASI,1851,4
Asia,OWID_ASI,1852,11
Asia,OWID_ASI,1853,4
Asia,OWID_ASI,1854,7
Asia,OWID_ASI,1855,10
Asia,OWID_ASI,1856,4
Asia,OWID_ASI,1857,8
Asia,OWID_ASI,1858,5
Asia,OWID_ASI,1859,9
Asia,OWID_ASI,1860,2
Asia,OWID_ASI,1861,7
Asia,OWID_ASI,1862,5
Asia,OWID_ASI,1863,11
Asia,OWID_ASI,1864,4
Asia,OWID_ASI,1865,5
Asia,OWID_ASI,1866,3
Asia,OWID_ASI,1867,3
Asia,OWID_ASI,1868,6
Asia,OWID_ASI,1869,6
Asia,OWID_ASI,1870,2
Asia,OWID_ASI,1871,4
Asia,OWID_ASI,1872,9
Asia,OWID_ASI,1874,5
Asia,OWID_ASI,1875,6
Asia,OWID_ASI,1876,4
Asia,OWID_ASI,1878,3
Asia,OWID_ASI,1879,4
Asia,OWID_ASI,1880,12
Asia,OWID_ASI,1881,10
Asia,OWID_ASI,1882,4
Asia,OWID_ASI,1883,4
Asia,OWID_ASI,1884,3
Asia,OWID_ASI,1885,11
Asia,OWID_ASI,1886,1
Asia,OWID_ASI,1887,5
Asia,OWID_ASI,1888,6
Asia,OWID_ASI,1889,5
Asia,OWID_ASI,1890,5
Asia,OWID_ASI,1891,5
Asia,OWID_ASI,1892,6
Asia,OWID_ASI,1893,8
Asia,OWID_ASI,1894,8
Asia,OWID_ASI,1895,7
Asia,OWID_ASI,1896,12
Asia,OWID_ASI,1897,15
Asia,OWID_ASI,1898,4
Asia,OWID_ASI,1899,5
Asia,OWID_ASI,1900,5
Asia,OWID_ASI,1901,10
Asia,OWID_ASI,1902,8
Asia,OWID_ASI,1903,10
Asia,OWID_ASI,1904,7
Asia,OWID_ASI,1905,14
Asia,OWID_ASI,1906,7
Asia,OWID_ASI,1907,9
Asia,OWID_ASI,1908,6
Asia,OWID_ASI,1909,16
Asia,OWID_ASI,1910,8
Asia,OWID_ASI,1911,10
Asia,OWID_ASI,1912,4
Asia,OWID_ASI,1913,5
Asia,OWID_ASI,1914,8
Asia,OWID_ASI,1915,7
Asia,OWID_ASI,1916,10
Asia,OWID_ASI,1917,10
Asia,OWID_ASI,1918,8
Asia,OWID_ASI,1919,4
Asia,OWID_ASI,1920,4
Asia,OWID_ASI,1921,8
Asia,OWID_ASI,1922,10
Asia,OWID_ASI,1923,14
Asia,OWID_ASI,1924,9
Asia,OWID_ASI,1925,11
Asia,OWID_ASI,1926,7
Asia,OWID_ASI,1927,10
Asia,OWID_ASI,1928,8
Asia,OWID_ASI,1929,10
Asia,OWID_ASI,1930,17
Asia,OWID_ASI,1931,11
Asia,OWID_ASI,1932,9
Asia,OWID_ASI,1933,7
Asia,OWID_ASI,1934,7
Asia,OWID_ASI,1935,18
Asia,OWID_ASI,1936,14
Asia,OWID_ASI,1937,8
Asia,OWID_ASI,1938,17
Asia,OWID_ASI,1939,10
Asia,OWID_ASI,1940,7
Asia,OWID_ASI,1941,11
Asia,OWID_ASI,1942,9
Asia,OWID_ASI,1943,12
Asia,OWID_ASI,1944,8
Asia,OWID_ASI,1945,9
Asia,OWID_ASI,1946,10
Asia,OWID_ASI,1947,8
Asia,OWID_ASI,1948,10
Asia,OWID_ASI,1949,9
Asia,OWID_ASI,1950,8
Asia,OWID_ASI,1951,6
Asia,OWID_ASI,1952,11
Asia,OWID_ASI,1953,7
Asia,OWID_ASI,1954,10
Asia,OWID_ASI,1955,10
Asia,OWID_ASI,1956,11
Asia,OWID_ASI,1957,15
Asia,OWID_ASI,1958,8
Asia,OWID_ASI,1959,9
Asia,OWID_ASI,1960,10
Asia,OWID_ASI,1961,20
Asia,OWID_ASI,1962,15
Asia,OWID_ASI,1963,14
Asia,OWID_ASI,1964,12
Asia,OWID_ASI,1965,8
Asia,OWID_ASI,1966,21
Asia,OWID_ASI,1967,13
Asia,OWID_ASI,1968,20
Asia,OWID_ASI,1969,13
Asia,OWID_ASI,1970,13
Asia,OWID_ASI,1971,12
Asia,OWID_ASI,1972,14
Asia,OWID_ASI,1973,6
Asia,OWID_ASI,1974,8
Asia,OWID_ASI,1975,13
Asia,OWID_ASI,1976,20
Asia,OWID_ASI,1977,12
Asia,OWID_ASI,1978,15
Asia,OWID_ASI,1979,15
Asia,OWID_ASI,1980,10
Asia,OWID_ASI,1981,8
Asia,OWID_ASI,1982,14
Asia,OWID_ASI,1983,24
Asia,OWID_ASI,1984,13
Asia,OWID_ASI,1985,11
Asia,OWID_ASI,1986,13
Asia,OWID_ASI,1987,13
Asia,OWID_ASI,1988,15
Asia,OWID_ASI,1989,20
Asia,OWID_ASI,1990,28
Asia,OWID_ASI,1991,21
Asia,OWID_ASI,1992,14
Asia,OWID_ASI,1993,13
Asia,OWID_ASI,1994,19
Asia,OWID_ASI,1995,13
Asia,OWID_ASI,1996,10
Asia,OWID_ASI,1997,21
Asia,OWID_ASI,1998,20
Asia,OWID_ASI,1999,22
Asia,OWID_ASI,2000,24
Asia,OWID_ASI,2001,14
Asia,OWID_ASI,2002,29
Asia,OWID_ASI,2003,43
Asia,OWID_ASI,2004,49
Asia,OWID_ASI,2005,43
Asia,OWID_ASI,2006,41
Asia,OWID_ASI,2007,36
Asia,OWID_ASI,2008,45
Asia,OWID_ASI,2009,36
Asia,OWID_ASI,2010,32
Asia,OWID_ASI,2011,36
Asia,OWID_ASI,2012,31
Asia,OWID_ASI,2013,32
Asia,OWID_ASI,2014,20
Asia,OWID_ASI,2015,25
Asia,OWID_ASI,2016,24
Asia,OWID_ASI,2017,36
Asia,OWID_ASI,2018,36
Asia,OWID_ASI,2019,38
Asia,OWID_ASI,2020,14
Asia,OWID_ASI,2021,20
Asia,OWID_ASI,2022,21
Asia,OWID_ASI,2023,31
Asia,OWID_ASI,2024,21
Atlantic Ocean (NOAA/NCEI),,1755,1
Atlantic Ocean (NOAA/NCEI),,1925,1
Atlantic Ocean (NOAA/NCEI),,1941,1
Atlantic Ocean (NOAA/NCEI),,1954,1
Atlantic Ocean (NOAA/NCEI),,1975,1
Atlantic Ocean (NOAA/NCEI),,2006,1
Atlantic Ocean (NOAA/NCEI),,2008,1
Australia,AUS,1859,1
Australia,AUS,1897,1
Australia,AUS,1899,1
Australia,AUS,1906,1
Australia,AUS,1924,2
Australia,AUS,1926,1
Australia,AUS,1943,1
Australia,AUS,1954,1
Australia,AUS,1961,1
Australia,AUS,1968,1
Australia,AUS,1970,1
Australia,AUS,1973,1
Australia,AUS,1979,1
Australia,AUS,1987,1
Australia,AUS,1988,2
Australia,AUS,1989,2
Australia,AUS,1994,1
Australia,AUS,2000,1
Australia,AUS,2004,1
Australia,AUS,2009,1
Australia,AUS,2010,1
Australia,AUS,2014,1
Australia,AUS,2021,1
Austria,AUT,1348,1
Austria,AUT,1556,1
Austria,AUT,1590,1
Austria,AUT,1670,1
Austria,AUT,1689,1
Austria,AUT,1690,1
Austria,AUT,1998,1
Austria,AUT,2024,1
Azerbaijan,AZE,427,1
Azerbaijan,AZE,1139,1
Azerbaijan,AZE,1667,1
Azerbaijan,AZE,1668,1
Azerbaijan,AZE,1671,1
Azerbaijan,AZE,1828,1
Azerbaijan,AZE,1842,1
Azerbaijan,AZE,1859,1
Azerbaijan,AZE,1869,1
Azerbaijan,AZE,1872,1
Azerbaijan,AZE,1902,1
Azerbaijan,AZE,1999,1
Azerbaijan,AZE,2000,1
Azerbaijan,AZE,2012,1
Azerbaijan,AZE,2017,1
Azerbaijan,AZE,2018,1
Azerbaijan,AZE,2019,1
Bangladesh,BGD,1762,1
Bangladesh,BGD,1842,1
Bangladesh,BGD,1868,1
Bangladesh,BGD,1874,1
Bangladesh,BGD,1885,1
Bangladesh,BGD,1918,1
Bangladesh,BGD,1923,1
Bangladesh,BGD,1930,1
Bangladesh,BGD,1988,1
Bangladesh,BGD,1989,1
Bangladesh,BGD,1999,1
Bangladesh,BGD,2001,1
Bangladesh,BGD,2002,1
Bangladesh,BGD,2003,1
Bangladesh,BGD,2007,1
Bangladesh,BGD,2008,1
Bangladesh,BGD,2010,1
Barbados,BRB,1831,1
Belgium,BEL,1983,1
Bering Sea (NOAA/NCEI),,1991,1
Bhutan,BTN,2003,1
Bhutan,BTN,2006,1
Bhutan,BTN,2009,3
Bolivia,BOL,1582,1
Bolivia,BOL,1650,1
Bolivia,BOL,1662,1
Bolivia,BOL,1678,1
Bolivia,BOL,1884,2
Bolivia,BOL,1899,1
Bolivia,BOL,1909,2
Bolivia,BOL,1914,1
Bolivia,BOL,1916,1
Bolivia,BOL,1947,1
Bolivia,BOL,1948,1
Bolivia,BOL,1957,1
Bolivia,BOL,1958,1
Bolivia,BOL,1959,1
Bolivia,BOL,1970,1
Bolivia,BOL,1994,1
Bolivia,BOL,1998,1
Bosnia and Herzegovina,BIH,1386,1
Bosnia and Herzegovina,BIH,1943,1
Bosnia and Herzegovina,BIH,1962,1
Bosnia and Herzegovina,BIH,1969,2
Bosnia and Herzegovina,BIH,1981,1
Bosnia and Herzegovina,BIH,1984,1
Bosnia and Herzegovina,BIH,1986,1
Bosnia and Herzegovina,BIH,1990,1
Bosnia and Herzegovina,BIH,2015,1
Bosnia and Herzegovina,BIH,2022,1
Brazil,BRA,1666,1
Brazil,BRA,1789,1
Brazil,BRA,1919,1
Brazil,BRA,1922,1
Brazil,BRA,1950,1
Brazil,BRA,1963,1
Brazil,BRA,1968,1
Brazil,BRA,1980,1
Brazil,BRA,1986,1
Brazil,BRA,2007,1
Brazil,BRA,2008,2
Brazil,BRA,2012,1
British Virgin Islands,VGB,1871,1
Bulgaria,BGR,-50,1
Bulgaria,BGR,1444,1
Bulgaria,BGR,1641,1
Bulgaria,BGR,1750,1
Bulgaria,BGR,1818,1
Bulgaria,BGR,1858,1
Bulgaria,BGR,1901,2
Bulgaria,BGR,1904,2
Bulgaria,BGR,1905,1
Bulgaria,BGR,1913,1
Bulgaria,BGR,1928,2
Bulgaria,BGR,1986,1
Bulgaria,BGR,2003,1
Bulgaria,BGR,2006,1
Bulgaria,BGR,2012,1
Burundi,BDI,2004,1
Cameroon,CMR,1909,1
Cameroon,CMR,1945,1
Canada,CAN,1663,1
Canada,CAN,1774,1
Canada,CAN,1823,1
Canada,CAN,1842,1
Canada,CAN,1864,1
Canada,CAN,1870,1
Canada,CAN,1928,1
Canada,CAN,1929,2
Canada,CAN,1933,1
Canada,CAN,1938,1
Canada,CAN,1946,1
Canada,CAN,1949,1
Canada,CAN,1970,1
Canada,CAN,1982,2
Canada,CAN,1988,1
Canada,CAN,2001,1
Canada,CAN,2004,1
Canada,CAN,2010,1
Canada,CAN,2012,1
Canada,CAN,2017,1
Central African Republic,CAF,1921,1
Chile,CHL,1520,1
Chile,CHL,1543,1
Chile,CHL,1562,1
Chile,CHL,1570,1
Chile,CHL,1575,1
Chile,CHL,1604,1
Chile,CHL,1615,1
Chile,CHL,1633,1
Chile,CHL,1639,1
Chile,CHL,1647,1
Chile,CHL,1657,2
Chile,CHL,1681,1
Chile,CHL,1687,1
Chile,CHL,1705,1
Chile,CHL,1730,1
Chile,CHL,1737,1
Chile,CHL,1742,1
Chile,CHL,1751,1
Chile,CHL,1765,1
Chile,CHL,1796,1
Chile,CHL,1798,1
Chile,CHL,1811,1
Chile,CHL,1819,3
Chile,CHL,1822,2
Chile,CHL,1829,1
Chile,CHL,1831,1
Chile,CHL,1833,1
Chile,CHL,1835,1
Chile,CHL,1836,1
Chile,CHL,1837,1
Chile,CHL,1838,1
Chile,CHL,1843,1
Chile,CHL,1845,1
Chile,CHL,1846,1
Chile,CHL,1847,3
Chile,CHL,1849,1
Chile,CHL,1851,2
Chile,CHL,1855,1
Chile,CHL,1858,1
Chile,CHL,1859,1
Chile,CHL,1868,4
Chile,CHL,1869,6
Chile,CHL,1870,1
Chile,CHL,1871,4
Chile,CHL,1873,2
Chile,CHL,1877,5
Chile,CHL,1878,5
Chile,CHL,1880,1
Chile,CHL,1881,2
Chile,CHL,1882,2
Chile,CHL,1885,1
Chile,CHL,1892,1
Chile,CHL,1895,1
Chile,CHL,1896,1
Chile,CHL,1898,1
Chile,CHL,1903,2
Chile,CHL,1906,2
Chile,CHL,1909,1
Chile,CHL,1911,1
Chile,CHL,1914,1
Chile,CHL,1918,2
Chile,CHL,1920,1
Chile,CHL,1922,2
Chile,CHL,1923,2
Chile,CHL,1925,1
Chile,CHL,1926,1
Chile,CHL,1927,1
Chile,CHL,1928,2
Chile,CHL,1929,1
Chile,CHL,1930,1
Chile,CHL,1931,1
Chile,CHL,1933,2
Chile,CHL,1934,1
Chile,CHL,1936,1
Chile,CHL,1939,2
Chile,CHL,1940,2
Chile,CHL,1943,1
Chile,CHL,1946,1
Chile,CHL,1948,1
Chile,CHL,1949,3
Chile,CHL,1950,2
Chile,CHL,1953,2
Chile,CHL,1955,1
Chile,CHL,1956,2
Chile,CHL,1957,1
Chile,CHL,1958,1
Chile,CHL,1960,3
Chile,CHL,1961,1
Chile,CHL,1962,1
Chile,CHL,1965,4
Chile,CHL,1966,1
Chile,CHL,1967,2
Chile,CHL,1970,3
Chile,CHL,1971,2
Chile,CHL,1972,2
Chile,CHL,1973,1
Chile,CHL,1974,1
Chile,CHL,1975,2
Chile,CHL,1976,1
Chile,CHL,1978,1
Chile,CHL,1981,1
Chile,CHL,1983,1
Chile,CHL,1985,3
Chile,CHL,1986,1
Chile,CHL,1987,2
Chile,CHL,1988,1
Chile,CHL,1995,2
Chile,CHL,1996,1
Chile,CHL,1997,1
Chile,CHL,2002,3
Chile,CHL,2003,1
Chile,CHL,2004,2
Chile,CHL,2005,2
Chile,CHL,2007,3
Chile,CHL,2010,2
Chile,CHL,2011,1
Chile,CHL,2012,3
Chile,CHL,2014,4
Chile,CHL,2015,2
Chile,CHL,2016,1
Chile,CHL,2017,2
Chile,CHL,2019,4
Chile,CHL,2020,1
Chile,CHL,2024,1
China,CHN,-193,1
China,CHN,-186,1
China,CHN,-70,1
China,CHN,-47,1
China,CHN,-26,1
China,CHN,46,1
China,CHN,128,1
China,CHN,138,1
China,CHN,143,1
China,CHN,173,1
China,CHN,180,1
China,CHN,294,2
China,CHN,319,1
China,CHN,344,1
China,CHN,499,1
China,CHN,512,1
China,CHN,600,1
China,CHN,649,1
China,CHN,734,1
China,CHN,777,1
China,CHN,778,1
China,CHN,788,1
China,CHN,814,1
China,CHN,820,1
China,CHN,876,1
China,CHN,999,2
China,CHN,1000,1
China,CHN,1001,1
China,CHN,1022,1
China,CHN,1037,1
China,CHN,1038,1
China,CHN,1057,1
China,CHN,1067,1
China,CHN,1068,1
China,CHN,1102,1
China,CHN,1125,1
China,CHN,1143,1
China,CHN,1202,1
China,CHN,1209,1
China,CHN,1219,1
China,CHN,1227,1
China,CHN,1289,1
China,CHN,1290,1
China,CHN,1291,1
China,CHN,1303,1
China,CHN,1305,1
China,CHN,1306,1
China,CHN,1310,1
China,CHN,1314,1
China,CHN,1327,1
China,CHN,1337,1
China,CHN,1340,1
China,CHN,1343,1
China,CHN,1347,1
China,CHN,1351,1
China,CHN,1352,1
China,CHN,1361,1
China,CHN,1368,1
China,CHN,1372,1
China,CHN,1440,1
China,CHN,1445,1
China,CHN,1478,1
China,CHN,1481,1
China,CHN,1484,1
China,CHN,1487,1
China,CHN,1488,1
China,CHN,1494,1
China,CHN,1495,1
China,CHN,1499,1
China,CHN,1500,1
China,CHN,1501,1
China,CHN,1502,1
China,CHN,1505,1
China,CHN,1507,1
China,CHN,1509,1
China,CHN,1511,1
China,CHN,1512,1
China,CHN,1514,1
China,CHN,1515,2
China,CHN,1517,1
China,CHN,1520,1
China,CHN,1531,1
China,CHN,1535,1
China,CHN,1536,1
China,CHN,1539,1
China,CHN,1545,1
China,CHN,1551,1
China,CHN,1556,1
China,CHN,1560,2
China,CHN,1561,2
China,CHN,1568,2
China,CHN,1571,1
China,CHN,1573,1
China,CHN,1577,1
China,CHN,1579,1
China,CHN,1586,1
China,CHN,1588,1
China,CHN,1590,1
China,CHN,1600,1
China,CHN,1604,1
China,CHN,1605,1
China,CHN,1606,1
China,CHN,1609,1
China,CHN,1611,1
China,CHN,1614,1
China,CHN,1618,1
China,CHN,1621,1
China,CHN,1622,1
China,CHN,1626,1
China,CHN,1627,1
China,CHN,1628,1
China,CHN,1630,1
China,CHN,1631,3
China,CHN,1634,3
China,CHN,1640,1
China,CHN,1641,1
China,CHN,1642,1
China,CHN,1652,1
China,CHN,1654,1
China,CHN,1657,1
China,CHN,1658,1
China,CHN,1664,1
China,CHN,1668,1
China,CHN,1670,1
China,CHN,1677,1
China,CHN,1679,2
China,CHN,1680,1
China,CHN,1683,1
China,CHN,1688,1
China,CHN,1695,1
China,CHN,1704,2
China,CHN,1709,1
China,CHN,1710,1
China,CHN,1713,2
China,CHN,1716,1
China,CHN,1718,1
China,CHN,1720,1
China,CHN,1725,2
China,CHN,1730,1
China,CHN,1733,1
China,CHN,1738,2
China,CHN,1739,1
China,CHN,1748,4
China,CHN,1750,1
China,CHN,1751,1
China,CHN,1755,2
China,CHN,1761,2
China,CHN,1763,1
China,CHN,1765,1
China,CHN,1767,1
China,CHN,1770,1
China,CHN,1785,1
China,CHN,1786,2
China,CHN,1789,2
China,CHN,1791,1
China,CHN,1792,1
China,CHN,1793,1
China,CHN,1799,1
China,CHN,1803,1
China,CHN,1806,1
China,CHN,1811,1
China,CHN,1812,1
China,CHN,1814,2
China,CHN,1815,1
China,CHN,1816,1
China,CHN,1817,1
China,CHN,1819,1
China,CHN,1820,1
China,CHN,1822,1
China,CHN,1827,1
China,CHN,1829,2
China,CHN,1830,1
China,CHN,1831,1
China,CHN,1833,1
China,CHN,1834,3
China,CHN,1837,1
China,CHN,1839,2
China,CHN,1842,1
China,CHN,1850,2
China,CHN,1852,1
China,CHN,1854,1
China,CHN,1855,2
China,CHN,1856,1
China,CHN,1861,1
China,CHN,1862,1
China,CHN,1863,2
China,CHN,1868,1
China,CHN,1870,1
China,CHN,1876,1
China,CHN,1878,1
China,CHN,1879,1
China,CHN,1880,1
China,CHN,1881,1
China,CHN,1882,1
China,CHN,1883,1
China,CHN,1884,1
China,CHN,1885,2
China,CHN,1887,1
China,CHN,1888,3
China,CHN,1890,1
China,CHN,1891,1
China,CHN,1893,4
China,CHN,1895,1
China,CHN,1896,3
China,CHN,1898,2
China,CHN,1901,1
China,CHN,1902,2
China,CHN,1904,1
China,CHN,1905,1
China,CHN,1906,4
China,CHN,1909,1
China,CHN,1910,1
China,CHN,1911,2
China,CHN,1913,2
China,CHN,1914,1
China,CHN,1915,1
China,CHN,1917,4
China,CHN,1918,2
China,CHN,1920,1
China,CHN,1921,2
China,CHN,1923,1
China,CHN,1924,1
China,CHN,1925,2
China,CHN,1926,1
China,CHN,1927,4
China,CHN,1928,1
China,CHN,1929,1
China,CHN,1930,3
China,CHN,1931,1
China,CHN,1932,4
China,CHN,1933,2
China,CHN,1934,2
China,CHN,1935,2
China,CHN,1936,6
China,CHN,1937,3
China,CHN,1938,1
China,CHN,1939,1
China,CHN,1940,4
China,CHN,1941,4
China,CHN,1942,2
China,CHN,1943,2
China,CHN,1944,2
China,CHN,1945,1
China,CHN,1947,3
China,CHN,1948,4
China,CHN,1949,2
China,CHN,1950,2
China,CHN,1951,2
China,CHN,1952,5
China,CHN,1953,1
China,CHN,1954,4
China,CHN,1955,6
China,CHN,1956,2
China,CHN,1957,1
China,CHN,1958,2
China,CHN,1959,3
China,CHN,1960,3
China,CHN,1961,5
China,CHN,1962,6
China,CHN,1963,4
China,CHN,1964,2
China,CHN,1965,3
China,CHN,1966,12
China,CHN,1967,5
China,CHN,1969,4
China,CHN,1970,1
China,CHN,1971,1
China,CHN,1973,2
China,CHN,1974,2
China,CHN,1975,1
China,CHN,1976,4
China,CHN,1979,2
China,CHN,1981,1
China,CHN,1982,2
China,CHN,1983,3
China,CHN,1985,2
China,CHN,1987,3
China,CHN,1988,4
China,CHN,1989,5
China,CHN,1990,3
China,CHN,1991,2
China,CHN,1992,1
China,CHN,1993,3
China,CHN,1994,2
China,CHN,1995,2
China,CHN,1996,3
China,CHN,1997,6
China,CHN,1998,6
China,CHN,1999,4
China,CHN,2000,3
China,CHN,2001,5
China,CHN,2002,3
China,CHN,2003,14
China,CHN,2004,5
China,CHN,2005,7
China,CHN,2006,8
China,CHN,2007,4
China,CHN,2008,15
China,CHN,2009,6
China,CHN,2010,5
China,CHN,2011,10
China,CHN,2012,6
China,CHN,2013,10
China,CHN,2014,9
China,CHN,2015,6
China,CHN,2016,5
China,CHN,2017,6
China,CHN,2018,4
China,CHN,2019,7
China,CHN,2020,3
China,CHN,2021,4
China,CHN,2022,5
China,CHN,2023,3
China,CHN,2024,1
Colombia,COL,1566,1
Colombia,COL,1644,1
Colombia,COL,1735,1
Colombia,COL,1743,1
Colombia,COL,1751,1
Colombia,COL,1766,1
Colombia,COL,1785,1
Colombia,COL,1796,1
Colombia,COL,1799,1
Colombia,COL,1805,1
Colombia,COL,1825,1
Colombia,COL,1826,1
Colombia,COL,1827,1
Colombia,COL,1834,3
Colombia,COL,1845,1
Colombia,COL,1851,1
Colombia,COL,1868,1
Colombia,COL,1869,1
Colombia,COL,1875,1
Colombia,COL,1877,1
Colombia,COL,1878,1
Colombia,COL,1883,1
Colombia,COL,1885,1
Colombia,COL,1900,1
Colombia,COL,1903,1
Colombia,COL,1904,1
Colombia,COL,1906,4
Colombia,COL,1917,1
Colombia,COL,1922,1
Colombia,COL,1923,2
Colombia,COL,1935,1
Colombia,COL,1936,1
Colombia,COL,1938,1
Colombia,COL,1942,1
Colombia,COL,1947,1
Colombia,COL,1950,1
Colombia,COL,1955,1
Colombia,COL,1958,2
Colombia,COL,1961,2
Colombia,COL,1962,1
Colombia,COL,1966,1
Colombia,COL,1967,2
Colombia,COL,1970,1
Colombia,COL,1973,1
Colombia,COL,1974,2
Colombia,COL,1977,1
Colombia,COL,1979,2
Colombia,COL,1980,1
Colombia,COL,1981,1
Colombia,COL,1983,1
Colombia,COL,1991,1
Colombia,COL,1992,2
Colombia,COL,1994,1
Colombia,COL,1995,2
Colombia,COL,1999,1
Colombia,COL,2004,1
Colombia,COL,2007,2
Colombia,COL,2008,1
Colombia,COL,2013,1
Colombia,COL,2014,1
Colombia,COL,2015,1
Colombia,COL,2017,1
Colombia,COL,2018,1
Colombia,COL,2019,1
Colombia,COL,2021,1
Colombia,COL,2023,1
Colombia,COL,2024,1
Comoros,COM,2018,1
Congo,COG,1820,1
Congo,COG,1960,1
Congo,COG,1992,1
Congo,COG,2002,1
Congo,COG,2005,1
Congo,COG,2008,1
Congo,COG,2021,1
Costa Rica,CRI,1579,1
Costa Rica,CRI,1746,1
Costa Rica,CRI,1798,1
Costa Rica,CRI,1822,1
Costa Rica,CRI,1841,1
Costa Rica,CRI,1854,2
Costa Rica,CRI,1881,1
Costa Rica,CRI,1882,1
Costa Rica,CRI,1888,1
Costa Rica,CRI,1900,1
Costa Rica,CRI,1905,1
Costa Rica,CRI,1910,2
Costa Rica,CRI,1916,1
Costa Rica,CRI,1924,1
Costa Rica,CRI,1941,2
Costa Rica,CRI,1950,1
Costa Rica,CRI,1952,2
Costa Rica,CRI,1955,1
Costa Rica,CRI,1973,1
Costa Rica,CRI,1983,2
Costa Rica,CRI,1990,3
Costa Rica,CRI,1991,2
Costa Rica,CRI,1993,1
Costa Rica,CRI,2004,1
Costa Rica,CRI,2008,1
Costa Rica,CRI,2009,1
Costa Rica,CRI,2012,1
Costa Rica,CRI,2016,1
Costa Rica,CRI,2017,1
Cote d'Ivoire,CIV,1879,1
Cote d'Ivoire,CIV,1889,1
Croatia,HRV,1280,2
Croatia,HRV,1300,1
Croatia,HRV,1323,1
Croatia,HRV,1343,1
Croatia,HRV,1387,1
Croatia,HRV,1390,1
Croatia,HRV,1399,1
Croatia,HRV,1418,1
Croatia,HRV,1451,1
Croatia,HRV,1459,1
Croatia,HRV,1471,1
Croatia,HRV,1479,1
Croatia,HRV,1482,1
Croatia,HRV,1496,1
Croatia,HRV,1502,1
Croatia,HRV,1504,1
Croatia,HRV,1516,2
Croatia,HRV,1520,1
Croatia,HRV,1530,1
Croatia,HRV,1574,1
Croatia,HRV,1590,2
Croatia,HRV,1632,1
Croatia,HRV,1639,1
Croatia,HRV,1648,1
Croatia,HRV,1667,1
Croatia,HRV,1717,1
Croatia,HRV,1721,1
Croatia,HRV,1738,1
Croatia,HRV,1750,1
Croatia,HRV,1757,1
Croatia,HRV,1768,1
Croatia,HRV,1775,1
Croatia,HRV,1823,2
Croatia,HRV,1838,1
Croatia,HRV,1843,1
Croatia,HRV,1850,1
Croatia,HRV,1870,1
Croatia,HRV,1878,1
Croatia,HRV,1880,1
Croatia,HRV,1898,1
Croatia,HRV,1923,1
Croatia,HRV,1942,1
Croatia,HRV,1962,2
Croatia,HRV,1964,1
Croatia,HRV,1970,1
Croatia,HRV,1996,1
Croatia,HRV,2020,2
Cuba,CUB,1678,1
Cuba,CUB,1682,1
Cuba,CUB,1693,1
Cuba,CUB,1760,1
Cuba,CUB,1766,1
Cuba,CUB,1775,1
Cuba,CUB,1810,1
Cuba,CUB,1826,1
Cuba,CUB,1852,1
Cuba,CUB,1880,1
Cuba,CUB,1932,1
Cuba,CUB,1939,1
Cuba,CUB,1992,1
Cuba,CUB,2020,1
Cuba,CUB,2024,1
Cyprus,CYP,-26,1
Cyprus,CYP,-15,1
Cyprus,CYP,76,1
Cyprus,CYP,300,1
Cyprus,CYP,1222,1
Cyprus,CYP,1941,1
Cyprus,CYP,1953,1
Cyprus,CYP,1995,1
Czechia,CZE,2008,1
Djibouti,DJI,1989,1
Dominican Republic,DOM,1502,1
Dominican Republic,DOM,1564,1
Dominican Republic,DOM,1615,1
Dominican Republic,DOM,1673,1
Dominican Republic,DOM,1684,1
Dominican Republic,DOM,1691,1
Dominican Republic,DOM,1751,2
Dominican Republic,DOM,1776,1
Dominican Republic,DOM,1783,1
Dominican Republic,DOM,1897,1
Dominican Republic,DOM,1916,1
Dominican Republic,DOM,1946,2
Dominican Republic,DOM,1953,1
Dominican Republic,DOM,1971,1
Dominican Republic,DOM,1984,1
Dominican Republic,DOM,2003,2
Ecuador,ECU,1556,1
Ecuador,ECU,1575,1
Ecuador,ECU,1587,1
Ecuador,ECU,1590,1
Ecuador,ECU,1627,1
Ecuador,ECU,1640,1
Ecuador,ECU,1641,1
Ecuador,ECU,1645,1
Ecuador,ECU,1660,1
Ecuador,ECU,1662,1
Ecuador,ECU,1674,1
Ecuador,ECU,1687,1
Ecuador,ECU,1689,1
Ecuador,ECU,1698,2
Ecuador,ECU,1736,1
Ecuador,ECU,1755,1
Ecuador,ECU,1757,1
Ecuador,ECU,1797,1
Ecuador,ECU,1808,1
Ecuador,ECU,1859,1
Ecuador,ECU,1868,2
Ecuador,ECU,1901,1
Ecuador,ECU,1904,1
Ecuador,ECU,1906,3
Ecuador,ECU,1913,1
Ecuador,ECU,1914,1
Ecuador,ECU,1923,1
Ecuador,ECU,1924,1
Ecuador,ECU,1929,1
Ecuador,ECU,1933,1
Ecuador,ECU,1938,1
Ecuador,ECU,1942,1
Ecuador,ECU,1943,1
Ecuador,ECU,1944,1
Ecuador,ECU,1949,1
Ecuador,ECU,1950,1
Ecuador,ECU,1956,1
Ecuador,ECU,1960,1
Ecuador,ECU,1969,1
Ecuador,ECU,1976,1
Ecuador,ECU,1980,1
Ecuador,ECU,1987,2
Ecuador,ECU,1989,1
Ecuador,ECU,1990,1
Ecuador,ECU,1995,1
Ecuador,ECU,1996,1
Ecuador,ECU,1998,1
Ecuador,ECU,2005,2
Ecuador,ECU,2007,2
Ecuador,ECU,2009,1
Ecuador,ECU,2010,1
Ecuador,ECU,2011,1
Ecuador,ECU,2014,1
Ecuador,ECU,2016,3
Ecuador,ECU,2018,1
Ecuador,ECU,2019,1
Ecuador,ECU,2022,2
Ecuador,ECU,2023,1
Egypt,EGY,-221,1
Egypt,EGY,-27,1
Egypt,EGY,857,1
Egypt,EGY,885,1
Egypt,EGY,1070,1
Egypt,EGY,1212,1
Egypt,EGY,1481,1
Egypt,EGY,1754,1
Egypt,EGY,1847,1
Egypt,EGY,1879,1
Egypt,EGY,1955,1
Egypt,EGY,1969,1
Egypt,EGY,1981,1
Egypt,EGY,1992,1
Egypt,EGY,1995,1
Egypt,EGY,2002,1
El Salvador,SLV,1575,1
El Salvador,SLV,1581,1
El Salvador,SLV,1594,1
El Salvador,SLV,1659,1
El Salvador,SLV,1707,1
El Salvador,SLV,1719,1
El Salvador,SLV,1765,1
El Salvador,SLV,1776,1
El Salvador,SLV,1798,1
El Salvador,SLV,1839,1
El Salvador,SLV,1854,1
El Salvador,SLV,1859,2
El Salvador,SLV,1873,2
El Salvador,SLV,1878,1
El Salvador,SLV,1879,1
El Salvador,SLV,1884,1
El Salvador,SLV,1902,1
El Salvador,SLV,1915,2
El Salvador,SLV,1917,1
El Salvador,SLV,1919,1
El Salvador,SLV,1932,2
El Salvador,SLV,1933,1
El Salvador,SLV,1936,1
El Salvador,SLV,1937,1
El Salvador,SLV,1951,1
El Salvador,SLV,1965,1
El Salvador,SLV,1982,1
El Salvador,SLV,1986,1
El Salvador,SLV,2001,3
El Salvador,SLV,2011,1
El Salvador,SLV,2014,1
El Salvador,SLV,2015,1
El Salvador,SLV,2017,1
El Salvador,SLV,2018,1
El Salvador,SLV,2019,1
El Salvador,SLV,2024,1
Eritrea,ERI,1733,1
Eritrea,ERI,1861,1
Eritrea,ERI,1875,1
Eritrea,ERI,1884,1
Eritrea,ERI,1915,1
Eritrea,ERI,1921,1
Ethiopia,ETH,1631,1
Ethiopia,ETH,1842,1
Ethiopia,ETH,1845,1
Ethiopia,ETH,1906,1
Ethiopia,ETH,1961,1
Ethiopia,ETH,1969,1
Ethiopia,ETH,1973,1
Ethiopia,ETH,2005,1
Ethiopia,ETH,2010,1
Europe,OWID_EUR,-1610,1
Europe,OWID_EUR,-1450,1
Europe,OWID_EUR,-550,1
Europe,OWID_EUR,-480,1
Europe,OWID_EUR,-479,1
Europe,OWID_EUR,-432,1
Europe,OWID_EUR,-426,1
Europe,OWID_EUR,-373,1
Europe,OWID_EUR,-364,1
Europe,OWID_EUR,-330,1
Europe,OWID_EUR,-282,1
Europe,OWID_EUR,-241,1
Europe,OWID_EUR,-227,1
Europe,OWID_EUR,-223,1
Europe,OWID_EUR,-217,1
Europe,OWID_EUR,-216,1
Europe,OWID_EUR,-210,1
Europe,OWID_EUR,-198,1
Europe,OWID_EUR,-177,1
Europe,OWID_EUR,-63,1
Europe,OWID_EUR,-60,1
Europe,OWID_EUR,-58,1
Europe,OWID_EUR,-50,1
Europe,OWID_EUR,-26,1
Europe,OWID_EUR,-15,1
Europe,OWID_EUR,23,1
Europe,OWID_EUR,52,1
Europe,OWID_EUR,55,1
Europe,OWID_EUR,57,1
Europe,OWID_EUR,62,1
Europe,OWID_EUR,63,1
Europe,OWID_EUR,76,1
Europe,OWID_EUR,79,1
Europe,OWID_EUR,103,1
Europe,OWID_EUR,142,1
Europe,OWID_EUR,155,1
Europe,OWID_EUR,170,1
Europe,OWID_EUR,177,1
Europe,OWID_EUR,243,1
Europe,OWID_EUR,251,1
Europe,OWID_EUR,258,1
Europe,OWID_EUR,300,1
Europe,OWID_EUR,324,1
Europe,OWID_EUR,334,1
Europe,OWID_EUR,342,1
Europe,OWID_EUR,344,1
Europe,OWID_EUR,346,1
Europe,OWID_EUR,361,1
Europe,OWID_EUR,365,1
Europe,OWID_EUR,369,1
Europe,OWID_EUR,382,1
Europe,OWID_EUR,438,1
Europe,OWID_EUR,448,1
Europe,OWID_EUR,470,1
Europe,OWID_EUR,518,1
Europe,OWID_EUR,521,1
Europe,OWID_EUR,522,1
Europe,OWID_EUR,527,1
Europe,OWID_EUR,551,2
Europe,OWID_EUR,554,1
Europe,OWID_EUR,558,1
Europe,OWID_EUR,567,1
Europe,OWID_EUR,614,1
Europe,OWID_EUR,720,1
Europe,OWID_EUR,743,1
Europe,OWID_EUR,778,1
Europe,OWID_EUR,793,1
Europe,OWID_EUR,796,1
Europe,OWID_EUR,801,1
Europe,OWID_EUR,802,1
Europe,OWID_EUR,811,1
Europe,OWID_EUR,842,1
Europe,OWID_EUR,847,1
Europe,OWID_EUR,853,1
Europe,OWID_EUR,854,1
Europe,OWID_EUR,856,1
Europe,OWID_EUR,881,1
Europe,OWID_EUR,894,1
Europe,OWID_EUR,896,2
Europe,OWID_EUR,963,1
Europe,OWID_EUR,985,1
Europe,OWID_EUR,990,1
Europe,OWID_EUR,1000,1
Europe,OWID_EUR,1001,1
Europe,OWID_EUR,1003,1
Europe,OWID_EUR,1013,1
Europe,OWID_EUR,1021,1
Europe,OWID_EUR,1048,1
Europe,OWID_EUR,1065,1
Europe,OWID_EUR,1086,1
Europe,OWID_EUR,1114,1
Europe,OWID_EUR,1117,2
Europe,OWID_EUR,1118,1
Europe,OWID_EUR,1125,1
Europe,OWID_EUR,1137,1
Europe,OWID_EUR,1151,1
Europe,OWID_EUR,1153,1
Europe,OWID_EUR,1155,1
Europe,OWID_EUR,1164,1
Europe,OWID_EUR,1169,1
Europe,OWID_EUR,1172,1
Europe,OWID_EUR,1180,1
Europe,OWID_EUR,1182,1
Europe,OWID_EUR,1184,1
Europe,OWID_EUR,1201,1
Europe,OWID_EUR,1222,2
Europe,OWID_EUR,1223,1
Europe,OWID_EUR,1227,1
Europe,OWID_EUR,1231,1
Europe,OWID_EUR,1233,1
Europe,OWID_EUR,1237,2
Europe,OWID_EUR,1248,1
Europe,OWID_EUR,1259,1
Europe,OWID_EUR,1273,2
Europe,OWID_EUR,1277,1
Europe,OWID_EUR,1279,1
Europe,OWID_EUR,1280,2
Europe,OWID_EUR,1286,1
Europe,OWID_EUR,1289,1
Europe,OWID_EUR,1295,2
Europe,OWID_EUR,1298,1
Europe,OWID_EUR,1300,2
Europe,OWID_EUR,1303,1
Europe,OWID_EUR,1306,1
Europe,OWID_EUR,1319,1
Europe,OWID_EUR,1320,1
Europe,OWID_EUR,1323,1
Europe,OWID_EUR,1328,1
Europe,OWID_EUR,1329,1
Europe,OWID_EUR,1341,1
Europe,OWID_EUR,1343,1
Europe,OWID_EUR,1344,1
Europe,OWID_EUR,1345,1
Europe,OWID_EUR,1346,1
Europe,OWID_EUR,1348,1
Europe,OWID_EUR,1349,1
Europe,OWID_EUR,1352,1
Europe,OWID_EUR,1356,2
Europe,OWID_EUR,1361,1
Europe,OWID_EUR,1374,1
Europe,OWID_EUR,1375,1
Europe,OWID_EUR,1380,1
Europe,OWID_EUR,1384,1
Europe,OWID_EUR,1386,1
Europe,OWID_EUR,1387,1
Europe,OWID_EUR,1389,1
Europe,OWID_EUR,1390,1
Europe,OWID_EUR,1391,1
Europe,OWID_EUR,1399,1
Europe,OWID_EUR,1402,1
Europe,OWID_EUR,1414,1
Europe,OWID_EUR,1417,1
Europe,OWID_EUR,1418,1
Europe,OWID_EUR,1427,1
Europe,OWID_EUR,1428,1
Europe,OWID_EUR,1431,1
Europe,OWID_EUR,1443,1
Europe,OWID_EUR,1444,1
Europe,OWID_EUR,1446,1
Europe,OWID_EUR,1447,1
Europe,OWID_EUR,1451,1
Europe,OWID_EUR,1454,2
Europe,OWID_EUR,1456,2
Europe,OWID_EUR,1459,1
Europe,OWID_EUR,1461,2
Europe,OWID_EUR,1464,1
Europe,OWID_EUR,1469,1
Europe,OWID_EUR,1471,1
Europe,OWID_EUR,1479,1
Europe,OWID_EUR,1481,4
Europe,OWID_EUR,1482,1
Europe,OWID_EUR,1483,1
Europe,OWID_EUR,1490,2
Europe,OWID_EUR,1491,1
Europe,OWID_EUR,1493,1
Europe,OWID_EUR,1494,3
Europe,OWID_EUR,1496,1
Europe,OWID_EUR,1501,1
Europe,OWID_EUR,1502,1
Europe,OWID_EUR,1504,3
Europe,OWID_EUR,1505,1
Europe,OWID_EUR,1508,1
Europe,OWID_EUR,1509,2
Europe,OWID_EUR,1510,2
Europe,OWID_EUR,1511,2
Europe,OWID_EUR,1512,1
Europe,OWID_EUR,1514,1
Europe,OWID_EUR,1516,3
Europe,OWID_EUR,1518,1
Europe,OWID_EUR,1520,1
Europe,OWID_EUR,1521,1
Europe,OWID_EUR,1522,2
Europe,OWID_EUR,1530,1
Europe,OWID_EUR,1531,2
Europe,OWID_EUR,1538,1
Europe,OWID_EUR,1542,2
Europe,OWID_EUR,1547,1
Europe,OWID_EUR,1550,1
Europe,OWID_EUR,1551,1
Europe,OWID_EUR,1555,2
Europe,OWID_EUR,1556,1
Europe,OWID_EUR,1561,2
Europe,OWID_EUR,1563,1
Europe,OWID_EUR,1564,1
Europe,OWID_EUR,1570,1
Europe,OWID_EUR,1571,1
Europe,OWID_EUR,1574,2
Europe,OWID_EUR,1580,1
Europe,OWID_EUR,1582,1
Europe,OWID_EUR,1584,3
Europe,OWID_EUR,1585,1
Europe,OWID_EUR,1587,1
Europe,OWID_EUR,1589,1
Europe,OWID_EUR,1590,3
Europe,OWID_EUR,1591,2
Europe,OWID_EUR,1593,1
Europe,OWID_EUR,1597,1
Europe,OWID_EUR,1598,1
Europe,OWID_EUR,1601,1
Europe,OWID_EUR,1604,1
Europe,OWID_EUR,1608,3
Europe,OWID_EUR,1609,2
Europe,OWID_EUR,1610,1
Europe,OWID_EUR,1612,2
Europe,OWID_EUR,1613,2
Europe,OWID_EUR,1614,2
Europe,OWID_EUR,1615,1
Europe,OWID_EUR,1616,1
Europe,OWID_EUR,1618,2
Europe,OWID_EUR,1619,1
Europe,OWID_EUR,1620,1
Europe,OWID_EUR,1622,3
Europe,OWID_EUR,1624,1
Europe,OWID_EUR,1625,1
Europe,OWID_EUR,1626,2
Europe,OWID_EUR,1627,1
Europe,OWID_EUR,1628,1
Europe,OWID_EUR,1629,2
Europe,OWID_EUR,1630,1
Europe,OWID_EUR,1631,1
Europe,OWID_EUR,1632,1
Europe,OWID_EUR,1633,1
Europe,OWID_EUR,1636,2
Europe,OWID_EUR,1638,2
Europe,OWID_EUR,1639,2
Europe,OWID_EUR,1640,3
Europe,OWID_EUR,1641,1
Europe,OWID_EUR,1644,2
Europe,OWID_EUR,1646,2
Europe,OWID_EUR,1648,1
Europe,OWID_EUR,1649,1
Europe,OWID_EUR,1650,2
Europe,OWID_EUR,1652,1
Europe,OWID_EUR,1654,2
Europe,OWID_EUR,1655,1
Europe,OWID_EUR,1657,1
Europe,OWID_EUR,1658,1
Europe,OWID_EUR,1659,1
Europe,OWID_EUR,1660,3
Europe,OWID_EUR,1661,1
Europe,OWID_EUR,1662,1
Europe,OWID_EUR,1665,1
Europe,OWID_EUR,1667,1
Europe,OWID_EUR,1669,1
Europe,OWID_EUR,1670,1
Europe,OWID_EUR,1672,3
Europe,OWID_EUR,1673,1
Europe,OWID_EUR,1674,2
Europe,OWID_EUR,1680,1
Europe,OWID_EUR,1682,1
Europe,OWID_EUR,1688,5
Europe,OWID_EUR,1689,1
Europe,OWID_EUR,1690,2
Europe,OWID_EUR,1693,2
Europe,OWID_EUR,1694,1
Europe,OWID_EUR,1695,2
Europe,OWID_EUR,1696,1
Europe,OWID_EUR,1699,1
Europe,OWID_EUR,1702,1
Europe,OWID_EUR,1703,3
Europe,OWID_EUR,1704,1
Europe,OWID_EUR,1706,2
Europe,OWID_EUR,1708,1
Europe,OWID_EUR,1711,1
Europe,OWID_EUR,1714,2
Europe,OWID_EUR,1717,1
Europe,OWID_EUR,1719,1
Europe,OWID_EUR,1720,3
Europe,OWID_EUR,1721,1
Europe,OWID_EUR,1722,2
Europe,OWID_EUR,1723,1
Europe,OWID_EUR,1725,1
Europe,OWID_EUR,1726,1
Europe,OWID_EUR,1727,1
Europe,OWID_EUR,1729,1
Europe,OWID_EUR,1730,3
Europe,OWID_EUR,1731,1
Europe,OWID_EUR,1732,2
Europe,OWID_EUR,1734,2
Europe,OWID_EUR,1737,3
Europe,OWID_EUR,1738,2
Europe,OWID_EUR,1739,2
Europe,OWID_EUR,1740,1
Europe,OWID_EUR,1741,3
Europe,OWID_EUR,1742,4
Europe,OWID_EUR,1743,1
Europe,OWID_EUR,1748,2
Europe,OWID_EUR,1750,4
Europe,OWID_EUR,1751,3
Europe,OWID_EUR,1752,2
Europe,OWID_EUR,1755,4
Europe,OWID_EUR,1756,1
Europe,OWID_EUR,1757,5
Europe,OWID_EUR,1758,1
Europe,OWID_EUR,1759,3
Europe,OWID_EUR,1761,2
Europe,OWID_EUR,1763,1
Europe,OWID_EUR,1764,1
Europe,OWID_EUR,1766,1
Europe,OWID_EUR,1767,2
Europe,OWID_EUR,1768,2
Europe,OWID_EUR,1769,3
Europe,OWID_EUR,1770,1
Europe,OWID_EUR,1772,2
Europe,OWID_EUR,1774,1
Europe,OWID_EUR,1775,1
Europe,OWID_EUR,1780,3
Europe,OWID_EUR,1781,1
Europe,OWID_EUR,1783,8
Europe,OWID_EUR,1784,4
Europe,OWID_EUR,1785,1
Europe,OWID_EUR,1786,2
Europe,OWID_EUR,1789,1
Europe,OWID_EUR,1790,1
Europe,OWID_EUR,1791,3
Europe,OWID_EUR,1792,1
Europe,OWID_EUR,1793,1
Europe,OWID_EUR,1796,1
Europe,OWID_EUR,1798,2
Europe,OWID_EUR,1799,3
Europe,OWID_EUR,1800,1
Europe,OWID_EUR,1801,1
Europe,OWID_EUR,1802,2
Europe,OWID_EUR,1804,4
Europe,OWID_EUR,1805,1
Europe,OWID_EUR,1806,2
Europe,OWID_EUR,1807,1
Europe,OWID_EUR,1808,1
Europe,OWID_EUR,1810,2
Europe,OWID_EUR,1812,3
Europe,OWID_EUR,1814,1
Europe,OWID_EUR,1815,2
Europe,OWID_EUR,1816,1
Europe,OWID_EUR,1817,3
Europe,OWID_EUR,1818,4
Europe,OWID_EUR,1819,2
Europe,OWID_EUR,1820,2
Europe,OWID_EUR,1821,2
Europe,OWID_EUR,1823,4
Europe,OWID_EUR,1825,1
Europe,OWID_EUR,1827,1
Europe,OWID_EUR,1828,1
Europe,OWID_EUR,1829,5
Europe,OWID_EUR,1830,2
Europe,OWID_EUR,1831,3
Europe,OWID_EUR,1832,2
Europe,OWID_EUR,1833,1
Europe,OWID_EUR,1834,2
Europe,OWID_EUR,1835,2
Europe,OWID_EUR,1836,2
Europe,OWID_EUR,1837,1
Europe,OWID_EUR,1838,2
Europe,OWID_EUR,1839,1
Europe,OWID_EUR,1840,2
Europe,OWID_EUR,1841,2
Europe,OWID_EUR,1842,1
Europe,OWID_EUR,1843,2
Europe,OWID_EUR,1845,1
Europe,OWID_EUR,1846,3
Europe,OWID_EUR,1847,2
Europe,OWID_EUR,1848,1
Europe,OWID_EUR,1849,2
Europe,OWID_EUR,1850,1
Europe,OWID_EUR,1851,6
Europe,OWID_EUR,1852,2
Europe,OWID_EUR,1853,5
Europe,OWID_EUR,1854,5
Europe,OWID_EUR,1855,3
Europe,OWID_EUR,1856,4
Europe,OWID_EUR,1857,2
Europe,OWID_EUR,1858,7
Europe,OWID_EUR,1859,2
Europe,OWID_EUR,1860,1
Europe,OWID_EUR,1861,2
Europe,OWID_EUR,1862,3
Europe,OWID_EUR,1863,3
Europe,OWID_EUR,1865,2
Europe,OWID_EUR,1866,7
Europe,OWID_EUR,1867,4
Europe,OWID_EUR,1868,1
Europe,OWID_EUR,1869,3
Europe,OWID_EUR,1870,7
Europe,OWID_EUR,1871,1
Europe,OWID_EUR,1872,2
Europe,OWID_EUR,1873,5
Europe,OWID_EUR,1875,5
Europe,OWID_EUR,1878,1
Europe,OWID_EUR,1879,1
Europe,OWID_EUR,1880,1
Europe,OWID_EUR,1881,4
Europe,OWID_EUR,1882,2
Europe,OWID_EUR,1883,1
Europe,OWID_EUR,1884,1
Europe,OWID_EUR,1885,3
Europe,OWID_EUR,1886,1
Europe,OWID_EUR,1887,4
Europe,OWID_EUR,1888,1
Europe,OWID_EUR,1889,3
Europe,OWID_EUR,1893,7
Europe,OWID_EUR,1894,4
Europe,OWID_EUR,1895,8
Europe,OWID_EUR,1896,3
Europe,OWID_EUR,1897,2
Europe,OWID_EUR,1898,4
Europe,OWID_EUR,1899,2
Europe,OWID_EUR,1900,1
Europe,OWID_EUR,1901,3
Europe,OWID_EUR,1902,3
Europe,OWID_EUR,1903,3
Europe,OWID_EUR,1904,6
Europe,OWID_EUR,1905,7
Europe,OWID_EUR,1906,2
Europe,OWID_EUR,1907,4
Europe,OWID_EUR,1908,2
Europe,OWID_EUR,1909,7
Europe,OWID_EUR,1910,1
Europe,OWID_EUR,1911,5
Europe,OWID_EUR,1912,2
Europe,OWID_EUR,1913,4
Europe,OWID_EUR,1914,4
Europe,OWID_EUR,1915,5
Europe,OWID_EUR,1916,4
Europe,OWID_EUR,1917,6
Europe,OWID_EUR,1918,3
Europe,OWID_EUR,1919,5
Europe,OWID_EUR,1920,3
Europe,OWID_EUR,1921,3
Europe,OWID_EUR,1922,4
Europe,OWID_EUR,1923,7
Europe,OWID_EUR,1924,5
Europe,OWID_EUR,1925,5
Europe,OWID_EUR,1926,8
Europe,OWID_EUR,1927,15
Europe,OWID_EUR,1928,9
Europe,OWID_EUR,1929,2
Europe,OWID_EUR,1930,10
Europe,OWID_EUR,1931,11
Europe,OWID_EUR,1932,2
Europe,OWID_EUR,1933,3
Europe,OWID_EUR,1934,2
Europe,OWID_EUR,1935,4
Europe,OWID_EUR,1936,2
Europe,OWID_EUR,1937,2
Europe,OWID_EUR,1938,1
Europe,OWID_EUR,1939,2
Europe,OWID_EUR,1940,2
Europe,OWID_EUR,1941,2
Europe,OWID_EUR,1942,2
Europe,OWID_EUR,1943,3
Europe,OWID_EUR,1944,1
Europe,OWID_EUR,1947,1
Europe,OWID_EUR,1948,4
Europe,OWID_EUR,1949,4
Europe,OWID_EUR,1950,1
Europe,OWID_EUR,1951,1
Europe,OWID_EUR,1952,1
Europe,OWID_EUR,1953,5
Europe,OWID_EUR,1954,3
Europe,OWID_EUR,1955,3
Europe,OWID_EUR,1956,7
Europe,OWID_EUR,1957,2
Europe,OWID_EUR,1958,6
Europe,OWID_EUR,1959,10
Europe,OWID_EUR,1960,1
Europe,OWID_EUR,1961,4
Europe,OWID_EUR,1962,9
Europe,OWID_EUR,1963,6
Europe,OWID_EUR,1964,3
Europe,OWID_EUR,1965,5
Europe,OWID_EUR,1966,4
Europe,OWID_EUR,1967,6
Europe,OWID_EUR,1968,8
Europe,OWID_EUR,1969,7
Europe,OWID_EUR,1970,4
Europe,OWID_EUR,1971,9
Europe,OWID_EUR,1972,5
Europe,OWID_EUR,1973,7
Europe,OWID_EUR,1974,2
Europe,OWID_EUR,1975,3
Europe,OWID_EUR,1976,6
Europe,OWID_EUR,1977,3
Europe,OWID_EUR,1978,13
Europe,OWID_EUR,1979,6
Europe,OWID_EUR,1980,7
Europe,OWID_EUR,1981,6
Europe,OWID_EUR,1982,2
Europe,OWID_EUR,1983,8
Europe,OWID_EUR,1984,10
Europe,OWID_EUR,1985,3
Europe,OWID_EUR,1986,5
Europe,OWID_EUR,1987,1
Europe,OWID_EUR,1988,3
Europe,OWID_EUR,1989,2
Europe,OWID_EUR,1990,7
Europe,OWID_EUR,1991,6
Europe,OWID_EUR,1992,2
Europe,OWID_EUR,1993,3
Europe,OWID_EUR,1994,2
Europe,OWID_EUR,1995,5
Europe,OWID_EUR,1996,1
Europe,OWID_EUR,1997,6
Europe,OWID_EUR,1998,5
Europe,OWID_EUR,1999,3
Europe,OWID_EUR,2000,5
Europe,OWID_EUR,2001,1
Europe,OWID_EUR,2002,8
Europe,OWID_EUR,2003,11
Europe,OWID_EUR,2004,9
Europe,OWID_EUR,2005,2
Europe,OWID_EUR,2006,11
Europe,OWID_EUR,2007,5
Europe,OWID_EUR,2008,7
Europe,OWID_EUR,2009,5
Europe,OWID_EUR,2010,1
Europe,OWID_EUR,2011,2
Europe,OWID_EUR,2012,5
Europe,OWID_EUR,2013,7
Europe,OWID_EUR,2014,5
Europe,OWID_EUR,2015,3
Europe,OWID_EUR,2016,5
Europe,OWID_EUR,2017,4
Europe,OWID_EUR,2018,7
Europe,OWID_EUR,2019,10
Europe,OWID_EUR,2020,4
Europe,OWID_EUR,2021,3
Europe,OWID_EUR,2022,3
Europe,OWID_EUR,2023,1
Europe,OWID_EUR,2024,4
European Union (27),OWID_EU27,-1610,1
European Union (27),OWID_EU27,-1450,1
European Union (27),OWID_EU27,-550,1
European Union (27),OWID_EU27,-480,1
European Union (27),OWID_EU27,-479,1
European Union (27),OWID_EU27,-432,1
European Union (27),OWID_EU27,-426,1
European Union (27),OWID_EU27,-373,1
European Union (27),OWID_EU27,-364,1
European Union (27),OWID_EU27,-330,1
European Union (27),OWID_EU27,-282,1
European Union (27),OWID_EU27,-241,1
European Union (27),OWID_EU27,-227,1
European Union (27),OWID_EU27,-223,1
European Union (27),OWID_EU27,-217,1
European Union (27),OWID_EU27,-216,1
European Union (27),OWID_EU27,-210,1
European Union (27),OWID_EU27,-198,1
European Union (27),OWID_EU27,-177,1
European Union (27),OWID_EU27,-60,1
European Union (27),OWID_EU27,-50,1
European Union (27),OWID_EU27,-26,1
European Union (27),OWID_EU27,-15,1
European Union (27),OWID_EU27,23,1
European Union (27),OWID_EU27,52,1
European Union (27),OWID_EU27,55,1
European Union (27),OWID_EU27,62,1
European Union (27),OWID_EU27,63,1
European Union (27),OWID_EU27,76,1
European Union (27),OWID_EU27,79,1
European Union (27),OWID_EU27,142,1
European Union (27),OWID_EU27,155,1
European Union (27),OWID_EU27,170,1
European Union (27),OWID_EU27,177,1
European Union (27),OWID_EU27,243,1
European Union (27),OWID_EU27,251,1
European Union (27),OWID_EU27,258,1
European Union (27),OWID_EU27,300,1
European Union (27),OWID_EU27,324,1
European Union (27),OWID_EU27,344,1
European Union (27),OWID_EU27,365,1
European Union (27),OWID_EU27,369,1
European Union (27),OWID_EU27,382,1
European Union (27),OWID_EU27,438,1
European Union (27),OWID_EU27,448,1
European Union (27),OWID_EU27,470,1
European Union (27),OWID_EU27,521,1
European Union (27),OWID_EU27,527,1
European Union (27),OWID_EU27,551,2
European Union (27),OWID_EU27,554,1
European Union (27),OWID_EU27,558,1
European Union (27),OWID_EU27,567,1
European Union (27),OWID_EU27,614,1
European Union (27),OWID_EU27,778,1
European Union (27),OWID_EU27,793,1
European Union (27),OWID_EU27,796,1
European Union (27),OWID_EU27,801,1
European Union (27),OWID_EU27,802,1
European Union (27),OWID_EU27,847,1
European Union (27),OWID_EU27,853,1
European Union (27),OWID_EU27,854,1
European Union (27),OWID_EU27,856,1
European Union (27),OWID_EU27,881,1
European Union (27),OWID_EU27,894,1
European Union (27),OWID_EU27,896,1
European Union (27),OWID_EU27,963,1
European Union (27),OWID_EU27,985,1
European Union (27),OWID_EU27,990,1
European Union (27),OWID_EU27,1000,1
European Union (27),OWID_EU27,1001,1
European Union (27),OWID_EU27,1003,1
European Union (27),OWID_EU27,1065,1
European Union (27),OWID_EU27,1086,1
European Union (27),OWID_EU27,1114,1
European Union (27),OWID_EU27,1117,2
European Union (27),OWID_EU27,1125,1
European Union (27),OWID_EU27,1137,1
European Union (27),OWID_EU27,1151,1
European Union (27),OWID_EU27,1153,1
European Union (27),OWID_EU27,1155,1
European Union (27),OWID_EU27,1169,1
European Union (27),OWID_EU27,1172,1
European Union (27),OWID_EU27,1180,1
European Union (27),OWID_EU27,1184,1
European Union (27),OWID_EU27,1201,1
European Union (27),OWID_EU27,1222,2
European Union (27),OWID_EU27,1223,1
European Union (27),OWID_EU27,1227,1
European Union (27),OWID_EU27,1231,1
European Union (27),OWID_EU27,1233,1
European Union (27),OWID_EU27,1248,1
European Union (27),OWID_EU27,1259,1
European Union (27),OWID_EU27,1273,1
European Union (27),OWID_EU27,1277,1
European Union (27),OWID_EU27,1279,1
European Union (27),OWID_EU27,1280,2
European Union (27),OWID_EU27,1286,1
European Union (27),OWID_EU27,1289,1
European Union (27),OWID_EU27,1298,1
European Union (27),OWID_EU27,1300,2
European Union (27),OWID_EU27,1303,1
European Union (27),OWID_EU27,1306,1
European Union (27),OWID_EU27,1319,1
European Union (27),OWID_EU27,1320,1
European Union (27),OWID_EU27,1323,1
European Union (27),OWID_EU27,1328,1
European Union (27),OWID_EU27,1329,1
European Union (27),OWID_EU27,1343,1
European Union (27),OWID_EU27,1344,1
European Union (27),OWID_EU27,1345,1
European Union (27),OWID_EU27,1348,1
European Union (27),OWID_EU27,1349,1
European Union (27),OWID_EU27,1352,1
European Union (27),OWID_EU27,1356,1
European Union (27),OWID_EU27,1361,1
European Union (27),OWID_EU27,1374,1
European Union (27),OWID_EU27,1384,1
European Union (27),OWID_EU27,1387,1
European Union (27),OWID_EU27,1389,1
European Union (27),OWID_EU27,1390,1
European Union (27),OWID_EU27,1399,1
European Union (27),OWID_EU27,1402,1
European Union (27),OWID_EU27,1414,1
European Union (27),OWID_EU27,1417,1
European Union (27),OWID_EU27,1418,1
European Union (27),OWID_EU27,1427,1
European Union (27),OWID_EU27,1428,1
European Union (27),OWID_EU27,1431,1
European Union (27),OWID_EU27,1443,1
European Union (27),OWID_EU27,1444,1
European Union (27),OWID_EU27,1446,1
European Union (27),OWID_EU27,1447,1
European Union (27),OWID_EU27,1451,1
European Union (27),OWID_EU27,1456,1
European Union (27),OWID_EU27,1459,1
European Union (27),OWID_EU27,1461,2
European Union (27),OWID_EU27,1464,1
European Union (27),OWID_EU27,1469,1
European Union (27),OWID_EU27,1471,1
European Union (27),OWID_EU27,1479,1
European Union (27),OWID_EU27,1481,4
European Union (27),OWID_EU27,1482,1
European Union (27),OWID_EU27,1483,1
European Union (27),OWID_EU27,1490,2
European Union (27),OWID_EU27,1491,1
European Union (27),OWID_EU27,1493,1
European Union (27),OWID_EU27,1494,3
European Union (27),OWID_EU27,1496,1
European Union (27),OWID_EU27,1501,1
European Union (27),OWID_EU27,1502,1
European Union (27),OWID_EU27,1504,2
European Union (27),OWID_EU27,1505,1
European Union (27),OWID_EU27,1508,1
European Union (27),OWID_EU27,1509,2
European Union (27),OWID_EU27,1510,2
European Union (27),OWID_EU27,1511,2
European Union (27),OWID_EU27,1514,1
European Union (27),OWID_EU27,1516,3
European Union (27),OWID_EU27,1518,1
European Union (27),OWID_EU27,1520,1
European Union (27),OWID_EU27,1521,1
European Union (27),OWID_EU27,1522,2
European Union (27),OWID_EU27,1530,1
European Union (27),OWID_EU27,1531,2
European Union (27),OWID_EU27,1538,1
European Union (27),OWID_EU27,1542,2
European Union (27),OWID_EU27,1547,1
European Union (27),OWID_EU27,1550,1
European Union (27),OWID_EU27,1551,1
European Union (27),OWID_EU27,1555,1
European Union (27),OWID_EU27,1556,1
European Union (27),OWID_EU27,1561,2
European Union (27),OWID_EU27,1564,1
European Union (27),OWID_EU27,1570,1
European Union (27),OWID_EU27,1571,1
European Union (27),OWID_EU27,1574,1
European Union (27),OWID_EU27,1582,1
European Union (27),OWID_EU27,1585,1
European Union (27),OWID_EU27,1587,1
European Union (27),OWID_EU27,1589,1
European Union (27),OWID_EU27,1590,3
European Union (27),OWID_EU27,1591,2
European Union (27),OWID_EU27,1593,1
European Union (27),OWID_EU27,1597,1
European Union (27),OWID_EU27,1598,1
European Union (27),OWID_EU27,1604,1
European Union (27),OWID_EU27,1609,2
European Union (27),OWID_EU27,1612,2
European Union (27),OWID_EU27,1613,2
European Union (27),OWID_EU27,1614,2
European Union (27),OWID_EU27,1618,1
European Union (27),OWID_EU27,1619,1
European Union (27),OWID_EU27,1620,1
European Union (27),OWID_EU27,1622,1
European Union (27),OWID_EU27,1624,1
European Union (27),OWID_EU27,1625,1
European Union (27),OWID_EU27,1626,2
European Union (27),OWID_EU27,1627,1
European Union (27),OWID_EU27,1628,1
European Union (27),OWID_EU27,1629,2
European Union (27),OWID_EU27,1630,1
European Union (27),OWID_EU27,1631,1
European Union (27),OWID_EU27,1632,1
European Union (27),OWID_EU27,1633,1
European Union (27),OWID_EU27,1636,2
European Union (27),OWID_EU27,1638,2
European Union (27),OWID_EU27,1639,2
European Union (27),OWID_EU27,1640,3
European Union (27),OWID_EU27,1641,1
European Union (27),OWID_EU27,1644,2
European Union (27),OWID_EU27,1646,2
European Union (27),OWID_EU27,1648,1
European Union (27),OWID_EU27,1649,1
European Union (27),OWID_EU27,1650,1
European Union (27),OWID_EU27,1654,2
European Union (27),OWID_EU27,1655,1
European Union (27),OWID_EU27,1657,1
European Union (27),OWID_EU27,1658,1
European Union (27),OWID_EU27,1659,1
European Union (27),OWID_EU27,1660,3
European Union (27),OWID_EU27,1661,1
European Union (27),OWID_EU27,1662,1
European Union (27),OWID_EU27,1665,1
European Union (27),OWID_EU27,1667,1
European Union (27),OWID_EU27,1669,1
European Union (27),OWID_EU27,1670,1
European Union (27),OWID_EU27,1672,3
European Union (27),OWID_EU27,1673,1
European Union (27),OWID_EU27,1674,2
European Union (27),OWID_EU27,1680,1
European Union (27),OWID_EU27,1682,1
European Union (27),OWID_EU27,1688,4
European Union (27),OWID_EU27,1689,1
European Union (27),OWID_EU27,1690,2
European Union (27),OWID_EU27,1693,2
European Union (27),OWID_EU27,1694,1
European Union (27),OWID_EU27,1695,2
European Union (27),OWID_EU27,1696,1
European Union (27),OWID_EU27,1699,1
European Union (27),OWID_EU27,1702,1
European Union (27),OWID_EU27,1703,3
European Union (27),OWID_EU27,1704,1
European Union (27),OWID_EU27,1706,1
European Union (27),OWID_EU27,1708,1
European Union (27),OWID_EU27,1711,1
European Union (27),OWID_EU27,1714,2
European Union (27),OWID_EU27,1717,1
European Union (27),OWID_EU27,1719,1
European Union (27),OWID_EU27,1720,2
European Union (27),OWID_EU27,1721,1
European Union (27),OWID_EU27,1722,2
European Union (27),OWID_EU27,1723,1
European Union (27),OWID_EU27,1726,1
European Union (27),OWID_EU27,1727,1
European Union (27),OWID_EU27,1729,1
European Union (27),OWID_EU27,1730,3
European Union (27),OWID_EU27,1731,1
European Union (27),OWID_EU27,1732,1
European Union (27),OWID_EU27,1738,2
European Union (27),OWID_EU27,1739,1
European Union (27),OWID_EU27,1741,3
European Union (27),OWID_EU27,1742,2
European Union (27),OWID_EU27,1743,1
European Union (27),OWID_EU27,1748,2
European Union (27),OWID_EU27,1750,4
European Union (27),OWID_EU27,1751,3
European Union (27),OWID_EU27,1752,2
European Union (27),OWID_EU27,1755,2
European Union (27),OWID_EU27,1756,1
European Union (27),OWID_EU27,1757,4
European Union (27),OWID_EU27,1758,1
European Union (27),OWID_EU27,1759,3
European Union (27),OWID_EU27,1761,1
European Union (27),OWID_EU27,1763,1
European Union (27),OWID_EU27,1764,1
European Union (27),OWID_EU27,1766,1
European Union (27),OWID_EU27,1767,2
European Union (27),OWID_EU27,1768,2
European Union (27),OWID_EU27,1769,1
European Union (27),OWID_EU27,1770,1
European Union (27),OWID_EU27,1772,2
European Union (27),OWID_EU27,1775,1
European Union (27),OWID_EU27,1780,1
European Union (27),OWID_EU27,1781,1
European Union (27),OWID_EU27,1783,8
European Union (27),OWID_EU27,1784,3
European Union (27),OWID_EU27,1785,1
European Union (27),OWID_EU27,1786,2
European Union (27),OWID_EU27,1789,1
European Union (27),OWID_EU27,1791,2
European Union (27),OWID_EU27,1793,1
European Union (27),OWID_EU27,1796,1
European Union (27),OWID_EU27,1798,2
European Union (27),OWID_EU27,1799,3
European Union (27),OWID_EU27,1800,1
European Union (27),OWID_EU27,1802,2
European Union (27),OWID_EU27,1804,4
European Union (27),OWID_EU27,1805,1
European Union (27),OWID_EU27,1806,2
European Union (27),OWID_EU27,1807,1
European Union (27),OWID_EU27,1808,1
European Union (27),OWID_EU27,1810,2
European Union (27),OWID_EU27,1812,3
European Union (27),OWID_EU27,1814,1
European Union (27),OWID_EU27,1815,2
European Union (27),OWID_EU27,1816,1
European Union (27),OWID_EU27,1817,3
European Union (27),OWID_EU27,1818,4
European Union (27),OWID_EU27,1819,1
European Union (27),OWID_EU27,1820,2
European Union (27),OWID_EU27,1821,2
European Union (27),OWID_EU27,1823,4
European Union (27),OWID_EU27,1825,1
European Union (27),OWID_EU27,1828,1
European Union (27),OWID_EU27,1829,4
European Union (27),OWID_EU27,1831,3
European Union (27),OWID_EU27,1832,2
European Union (27),OWID_EU27,1834,2
European Union (27),OWID_EU27,1835,1
European Union (27),OWID_EU27,1836,2
European Union (27),OWID_EU27,1837,1
European Union (27),OWID_EU27,1838,2
European Union (27),OWID_EU27,1840,2
European Union (27),OWID_EU27,1841,1
European Union (27),OWID_EU27,1842,1
European Union (27),OWID_EU27,1843,2
European Union (27),OWID_EU27,1845,1
European Union (27),OWID_EU27,1846,3
European Union (27),OWID_EU27,1847,1
European Union (27),OWID_EU27,1848,1
European Union (27),OWID_EU27,1850,1
European Union (27),OWID_EU27,1851,2
European Union (27),OWID_EU27,1852,2
European Union (27),OWID_EU27,1853,3
European Union (27),OWID_EU27,1854,4
European Union (27),OWID_EU27,1855,1
European Union (27),OWID_EU27,1856,4
European Union (27),OWID_EU27,1857,2
European Union (27),OWID_EU27,1858,4
European Union (27),OWID_EU27,1859,2
European Union (27),OWID_EU27,1861,2
European Union (27),OWID_EU27,1862,1
European Union (27),OWID_EU27,1863,3
European Union (27),OWID_EU27,1865,2
European Union (27),OWID_EU27,1866,4
European Union (27),OWID_EU27,1867,4
European Union (27),OWID_EU27,1868,1
European Union (27),OWID_EU27,1869,1
European Union (27),OWID_EU27,1870,7
European Union (27),OWID_EU27,1871,1
European Union (27),OWID_EU27,1872,1
European Union (27),OWID_EU27,1873,5
European Union (27),OWID_EU27,1875,3
European Union (27),OWID_EU27,1878,1
European Union (27),OWID_EU27,1879,1
European Union (27),OWID_EU27,1880,1
European Union (27),OWID_EU27,1881,4
European Union (27),OWID_EU27,1882,2
European Union (27),OWID_EU27,1883,1
European Union (27),OWID_EU27,1884,1
European Union (27),OWID_EU27,1885,1
European Union (27),OWID_EU27,1886,1
European Union (27),OWID_EU27,1887,4
European Union (27),OWID_EU27,1888,1
European Union (27),OWID_EU27,1889,3
European Union (27),OWID_EU27,1893,4
European Union (27),OWID_EU27,1894,4
European Union (27),OWID_EU27,1895,5
European Union (27),OWID_EU27,1896,1
European Union (27),OWID_EU27,1897,1
European Union (27),OWID_EU27,1898,4
European Union (27),OWID_EU27,1899,1
European Union (27),OWID_EU27,1901,2
European Union (27),OWID_EU27,1902,2
European Union (27),OWID_EU27,1903,3
European Union (27),OWID_EU27,1904,3
European Union (27),OWID_EU27,1905,4
European Union (27),OWID_EU27,1906,1
European Union (27),OWID_EU27,1907,2
European Union (27),OWID_EU27,1908,1
European Union (27),OWID_EU27,1909,7
European Union (27),OWID_EU27,1910,1
European Union (27),OWID_EU27,1911,3
European Union (27),OWID_EU27,1912,1
European Union (27),OWID_EU27,1913,2
European Union (27),OWID_EU27,1914,4
European Union (27),OWID_EU27,1915,3
European Union (27),OWID_EU27,1916,3
European Union (27),OWID_EU27,1917,5
European Union (27),OWID_EU27,1919,5
European Union (27),OWID_EU27,1920,1
European Union (27),OWID_EU27,1921,3
European Union (27),OWID_EU27,1922,2
European Union (27),OWID_EU27,1923,4
European Union (27),OWID_EU27,1924,2
European Union (27),OWID_EU27,1925,5
European Union (27),OWID_EU27,1926,6
European Union (27),OWID_EU27,1927,9
European Union (27),OWID_EU27,1928,9
European Union (27),OWID_EU27,1930,7
European Union (27),OWID_EU27,1931,9
European Union (27),OWID_EU27,1932,2
European Union (27),OWID_EU27,1933,3
European Union (27),OWID_EU27,1934,1
European Union (27),OWID_EU27,1935,3
European Union (27),OWID_EU27,1938,1
European Union (27),OWID_EU27,1939,2
European Union (27),OWID_EU27,1940,2
European Union (27),OWID_EU27,1941,2
European Union (27),OWID_EU27,1942,1
European Union (27),OWID_EU27,1943,1
European Union (27),OWID_EU27,1944,1
European Union (27),OWID_EU27,1947,1
European Union (27),OWID_EU27,1948,4
European Union (27),OWID_EU27,1949,3
European Union (27),OWID_EU27,1951,1
European Union (27),OWID_EU27,1953,4
European Union (27),OWID_EU27,1954,3
European Union (27),OWID_EU27,1955,3
European Union (27),OWID_EU27,1956,6
European Union (27),OWID_EU27,1957,1
European Union (27),OWID_EU27,1958,3
European Union (27),OWID_EU27,1959,4
European Union (27),OWID_EU27,1960,1
European Union (27),OWID_EU27,1961,1
European Union (27),OWID_EU27,1962,7
European Union (27),OWID_EU27,1963,2
European Union (27),OWID_EU27,1964,2
European Union (27),OWID_EU27,1965,4
European Union (27),OWID_EU27,1966,3
European Union (27),OWID_EU27,1967,3
European Union (27),OWID_EU27,1968,6
European Union (27),OWID_EU27,1969,2
European Union (27),OWID_EU27,1970,1
European Union (27),OWID_EU27,1971,2
European Union (27),OWID_EU27,1972,5
European Union (27),OWID_EU27,1973,4
European Union (27),OWID_EU27,1974,1
European Union (27),OWID_EU27,1975,1
European Union (27),OWID_EU27,1976,4
European Union (27),OWID_EU27,1977,3
European Union (27),OWID_EU27,1978,6
European Union (27),OWID_EU27,1979,3
European Union (27),OWID_EU27,1980,5
European Union (27),OWID_EU27,1981,5
European Union (27),OWID_EU27,1982,1
European Union (27),OWID_EU27,1983,5
European Union (27),OWID_EU27,1984,5
European Union (27),OWID_EU27,1985,2
European Union (27),OWID_EU27,1986,4
European Union (27),OWID_EU27,1987,1
European Union (27),OWID_EU27,1988,2
European Union (27),OWID_EU27,1989,1
European Union (27),OWID_EU27,1990,5
European Union (27),OWID_EU27,1991,4
European Union (27),OWID_EU27,1992,2
European Union (27),OWID_EU27,1993,1
European Union (27),OWID_EU27,1995,3
European Union (27),OWID_EU27,1996,1
European Union (27),OWID_EU27,1997,4
European Union (27),OWID_EU27,1998,3
European Union (27),OWID_EU27,1999,2
European Union (27),OWID_EU27,2000,2
European Union (27),OWID_EU27,2001,1
European Union (27),OWID_EU27,2002,6
European Union (27),OWID_EU27,2003,8
European Union (27),OWID_EU27,2004,8
European Union (27),OWID_EU27,2005,1
European Union (27),OWID_EU27,2006,7
European Union (27),OWID_EU27,2007,1
European Union (27),OWID_EU27,2008,2
European Union (27),OWID_EU27,2009,3
European Union (27),OWID_EU27,2011,1
European Union (27),OWID_EU27,2012,4
European Union (27),OWID_EU27,2013,3
European Union (27),OWID_EU27,2014,4
European Union (27),OWID_EU27,2015,1
European Union (27),OWID_EU27,2016,4
European Union (27),OWID_EU27,2017,3
European Union (27),OWID_EU27,2018,5
European Union (27),OWID_EU27,2019,6
European Union (27),OWID_EU27,2020,3
European Union (27),OWID_EU27,2021,3
European Union (27),OWID_EU27,2022,1
European Union (27),OWID_EU27,2023,1
European Union (27),OWID_EU27,2024,2
Fiji,FJI,1840,1
Fiji,FJI,1881,1
Fiji,FJI,1884,1
Fiji,FJI,1909,1
Fiji,FJI,1919,2
Fiji,FJI,1932,1
Fiji,FJI,1937,1
Fiji,FJI,1953,1
Fiji,FJI,1956,1
Fiji,FJI,1957,1
Fiji,FJI,1975,1
Fiji,FJI,1979,1
Fiji,FJI,1990,1
Fiji,FJI,1994,1
Fiji,FJI,2002,2
Fiji,FJI,2017,1
Fiji,FJI,2018,2
France,FRA,470,1
France,FRA,854,1
France,FRA,1003,1
France,FRA,1227,1
France,FRA,1286,1
France,FRA,1289,1
France,FRA,1494,2
France,FRA,1564,1
France,FRA,1593,1
France,FRA,1618,1
France,FRA,1644,1
France,FRA,1657,1
France,FRA,1660,1
France,FRA,1682,1
France,FRA,1708,1
France,FRA,1711,1
France,FRA,1750,1
France,FRA,1772,1
France,FRA,1799,1
France,FRA,1812,2
France,FRA,1814,1
France,FRA,1817,1
France,FRA,1854,2
France,FRA,1855,1
France,FRA,1863,1
France,FRA,1873,1
France,FRA,1909,1
France,FRA,1911,1
France,FRA,1928,1
France,FRA,1959,1
France,FRA,1962,1
France,FRA,1967,1
France,FRA,1972,1
France,FRA,1991,1
France,FRA,2002,1
France,FRA,2003,1
France,FRA,2006,2
France,FRA,2019,1
France,FRA,2023,1
French Guiana,GUF,1774,1
French Guiana,GUF,1885,1
French Polynesia,PYF,1848,1
Gabon,GAB,1974,1
Georgia,GEO,-50,1
Georgia,GEO,1088,1
Georgia,GEO,1275,1
Georgia,GEO,1283,1
Georgia,GEO,1350,1
Georgia,GEO,1811,1
Georgia,GEO,1868,1
Georgia,GEO,1905,1
Georgia,GEO,1920,1
Georgia,GEO,1986,1
Georgia,GEO,1991,3
Georgia,GEO,2002,1
Georgia,GEO,2009,1
Germany,DEU,1510,1
Germany,DEU,1619,1
Germany,DEU,1629,1
Germany,DEU,1640,1
Germany,DEU,1978,1
Germany,DEU,2002,1
Germany,DEU,2003,1
Germany,DEU,2004,1
Germany,DEU,2014,1
Ghana,GHA,1636,1
Ghana,GHA,1862,1
Ghana,GHA,1872,1
Ghana,GHA,1906,1
Ghana,GHA,1939,1
Greece,GRC,-1610,1
Greece,GRC,-550,1
Greece,GRC,-480,1
Greece,GRC,-479,1
Greece,GRC,-432,1
Greece,GRC,-426,1
Greece,GRC,-373,1
Greece,GRC,-330,1
Greece,GRC,-282,1
Greece,GRC,-227,1
Greece,GRC,-223,1
Greece,GRC,-198,1
Greece,GRC,23,1
Greece,GRC,52,1
Greece,GRC,55,1
Greece,GRC,62,1
Greece,GRC,142,1
Greece,GRC,155,1
Greece,GRC,170,1
Greece,GRC,251,1
Greece,GRC,365,1
Greece,GRC,438,1
Greece,GRC,448,1
Greece,GRC,521,1
Greece,GRC,527,1
Greece,GRC,551,2
Greece,GRC,554,1
Greece,GRC,796,1
Greece,GRC,856,1
Greece,GRC,1153,1
Greece,GRC,1303,1
Greece,GRC,1306,1
Greece,GRC,1384,1
Greece,GRC,1389,1
Greece,GRC,1402,1
Greece,GRC,1469,1
Greece,GRC,1481,3
Greece,GRC,1483,1
Greece,GRC,1490,1
Greece,GRC,1491,1
Greece,GRC,1493,1
Greece,GRC,1494,1
Greece,GRC,1501,1
Greece,GRC,1508,1
Greece,GRC,1514,1
Greece,GRC,1521,1
Greece,GRC,1555,1
Greece,GRC,1585,1
Greece,GRC,1591,1
Greece,GRC,1604,1
Greece,GRC,1609,1
Greece,GRC,1612,2
Greece,GRC,1613,1
Greece,GRC,1622,1
Greece,GRC,1625,1
Greece,GRC,1629,1
Greece,GRC,1630,1
Greece,GRC,1633,1
Greece,GRC,1636,2
Greece,GRC,1650,1
Greece,GRC,1655,1
Greece,GRC,1658,1
Greece,GRC,1660,1
Greece,GRC,1662,1
Greece,GRC,1665,1
Greece,GRC,1672,2
Greece,GRC,1673,1
Greece,GRC,1674,1
Greece,GRC,1688,1
Greece,GRC,1696,1
Greece,GRC,1704,1
Greece,GRC,1714,2
Greece,GRC,1722,1
Greece,GRC,1723,1
Greece,GRC,1729,1
Greece,GRC,1738,1
Greece,GRC,1741,2
Greece,GRC,1742,2
Greece,GRC,1748,1
Greece,GRC,1750,1
Greece,GRC,1751,1
Greece,GRC,1752,1
Greece,GRC,1759,2
Greece,GRC,1766,1
Greece,GRC,1767,1
Greece,GRC,1769,1
Greece,GRC,1770,1
Greece,GRC,1772,1
Greece,GRC,1780,1
Greece,GRC,1785,1
Greece,GRC,1786,1
Greece,GRC,1791,1
Greece,GRC,1798,1
Greece,GRC,1804,2
Greece,GRC,1810,1
Greece,GRC,1815,2
Greece,GRC,1817,1
Greece,GRC,1820,2
Greece,GRC,1821,1
Greece,GRC,1823,1
Greece,GRC,1825,1
Greece,GRC,1829,2
Greece,GRC,1831,1
Greece,GRC,1840,1
Greece,GRC,1842,1
Greece,GRC,1843,1
Greece,GRC,1846,1
Greece,GRC,1851,1
Greece,GRC,1853,1
Greece,GRC,1856,2
Greece,GRC,1858,1
Greece,GRC,1861,1
Greece,GRC,1862,1
Greece,GRC,1863,2
Greece,GRC,1865,1
Greece,GRC,1866,4
Greece,GRC,1867,4
Greece,GRC,1869,1
Greece,GRC,1870,3
Greece,GRC,1872,1
Greece,GRC,1873,2
Greece,GRC,1875,2
Greece,GRC,1881,3
Greece,GRC,1885,1
Greece,GRC,1886,1
Greece,GRC,1887,1
Greece,GRC,1888,1
Greece,GRC,1889,2
Greece,GRC,1893,3
Greece,GRC,1894,3
Greece,GRC,1895,2
Greece,GRC,1898,2
Greece,GRC,1899,1
Greece,GRC,1902,2
Greece,GRC,1903,1
Greece,GRC,1904,1
Greece,GRC,1905,1
Greece,GRC,1909,1
Greece,GRC,1911,1
Greece,GRC,1912,1
Greece,GRC,1914,2
Greece,GRC,1915,2
Greece,GRC,1919,1
Greece,GRC,1922,1
Greece,GRC,1923,1
Greece,GRC,1926,1
Greece,GRC,1927,1
Greece,GRC,1928,3
Greece,GRC,1930,1
Greece,GRC,1931,2
Greece,GRC,1932,2
Greece,GRC,1933,1
Greece,GRC,1935,1
Greece,GRC,1938,1
Greece,GRC,1944,1
Greece,GRC,1947,1
Greece,GRC,1948,3
Greece,GRC,1949,2
Greece,GRC,1953,3
Greece,GRC,1954,2
Greece,GRC,1955,3
Greece,GRC,1956,3
Greece,GRC,1957,1
Greece,GRC,1960,1
Greece,GRC,1962,3
Greece,GRC,1965,4
Greece,GRC,1966,3
Greece,GRC,1967,2
Greece,GRC,1968,2
Greece,GRC,1972,2
Greece,GRC,1973,2
Greece,GRC,1975,1
Greece,GRC,1978,2
Greece,GRC,1979,2
Greece,GRC,1980,2
Greece,GRC,1981,4
Greece,GRC,1983,3
Greece,GRC,1984,2
Greece,GRC,1985,1
Greece,GRC,1986,2
Greece,GRC,1988,1
Greece,GRC,1990,1
Greece,GRC,1992,1
Greece,GRC,1993,1
Greece,GRC,1995,2
Greece,GRC,1997,1
Greece,GRC,1999,1
Greece,GRC,2000,2
Greece,GRC,2001,1
Greece,GRC,2002,1
Greece,GRC,2003,2
Greece,GRC,2004,2
Greece,GRC,2006,2
Greece,GRC,2007,1
Greece,GRC,2008,1
Greece,GRC,2009,1
Greece,GRC,2013,3
Greece,GRC,2014,3
Greece,GRC,2015,1
Greece,GRC,2017,1
Greece,GRC,2018,1
Greece,GRC,2019,1
Greece,GRC,2020,1
Greece,GRC,2021,3
Grenada,GRD,1822,1
Guadeloupe,GLP,1824,1
Guadeloupe,GLP,1843,1
Guadeloupe,GLP,1851,1
Guadeloupe,GLP,1870,1
Guadeloupe,GLP,1897,1
Guadeloupe,GLP,1969,1
Guadeloupe,GLP,1985,1
Guadeloupe,GLP,2004,1
Guadeloupe,GLP,2005,1
Guatemala,GTM,1565,1
Guatemala,GTM,1566,1
Guatemala,GTM,1576,1
Guatemala,GTM,1586,1
Guatemala,GTM,1607,1
Guatemala,GTM,1689,1
Guatemala,GTM,1717,1
Guatemala,GTM,1765,1
Guatemala,GTM,1773,2
Guatemala,GTM,1791,1
Guatemala,GTM,1816,1
Guatemala,GTM,1830,1
Guatemala,GTM,1862,1
Guatemala,GTM,1870,1
Guatemala,GTM,1874,1
Guatemala,GTM,1902,2
Guatemala,GTM,1917,1
Guatemala,GTM,1918,1
Guatemala,GTM,1921,1
Guatemala,GTM,1942,1
Guatemala,GTM,1950,1
Guatemala,GTM,1976,2
Guatemala,GTM,1978,1
Guatemala,GTM,1979,2
Guatemala,GTM,1980,1
Guatemala,GTM,1985,1
Guatemala,GTM,1986,1
Guatemala,GTM,1988,1
Guatemala,GTM,1991,1
Guatemala,GTM,1993,1
Guatemala,GTM,1998,1
Guatemala,GTM,1999,1
Guatemala,GTM,2007,1
Guatemala,GTM,2008,2
Guatemala,GTM,2011,1
Guatemala,GTM,2012,1
Guatemala,GTM,2013,1
Guatemala,GTM,2017,2
Guatemala,GTM,2022,1
Guinea,GIN,1983,1
Haiti,HTI,1701,1
Haiti,HTI,1751,2
Haiti,HTI,1770,1
Haiti,HTI,1775,2
Haiti,HTI,1784,1
Haiti,HTI,1793,1
Haiti,HTI,1842,1
Haiti,HTI,1860,2
Haiti,HTI,1864,1
Haiti,HTI,1887,1
Haiti,HTI,1952,1
Haiti,HTI,1953,1
Haiti,HTI,1994,1
Haiti,HTI,2010,1
Haiti,HTI,2018,1
Haiti,HTI,2021,1
Haiti,HTI,2022,1
Haiti,HTI,2023,1
High-income countries,OWID_HIC,-1610,1
High-income countries,OWID_HIC,-1566,1
High-income countries,OWID_HIC,-1450,1
High-income countries,OWID_HIC,-1250,1
High-income countries,OWID_HIC,-759,1
High-income countries,OWID_HIC,-550,1
High-income countries,OWID_HIC,-480,1
High-income countries,OWID_HIC,-479,1
High-income countries,OWID_HIC,-432,1
High-income countries,OWID_HIC,-426,1
High-income countries,OWID_HIC,-373,1
High-income countries,OWID_HIC,-364,1
High-income countries,OWID_HIC,-330,1
High-income countries,OWID_HIC,-282,1
High-income countries,OWID_HIC,-241,1
High-income countries,OWID_HIC,-227,1
High-income countries,OWID_HIC,-223,1
High-income countries,OWID_HIC,-217,1
High-income countries,OWID_HIC,-216,1
High-income countries,OWID_HIC,-210,1
High-income countries,OWID_HIC,-198,1
High-income countries,OWID_HIC,-177,1
High-income countries,OWID_HIC,-63,1
High-income countries,OWID_HIC,-60,1
High-income countries,OWID_HIC,-50,1
High-income countries,OWID_HIC,-33,1
High-income countries,OWID_HIC,-31,1
High-income countries,OWID_HIC,-26,1
High-income countries,OWID_HIC,-15,1
High-income countries,OWID_HIC,23,1
High-income countries,OWID_HIC,27,1
High-income countries,OWID_HIC,33,1
High-income countries,OWID_HIC,52,1
High-income countries,OWID_HIC,55,1
High-income countries,OWID_HIC,62,1
High-income countries,OWID_HIC,63,1
High-income countries,OWID_HIC,76,1
High-income countries,OWID_HIC,79,1
High-income countries,OWID_HIC,89,1
High-income countries,OWID_HIC,100,1
High-income countries,OWID_HIC,123,1
High-income countries,OWID_HIC,142,1
High-income countries,OWID_HIC,155,1
High-income countries,OWID_HIC,170,1
High-income countries,OWID_HIC,177,1
High-income countries,OWID_HIC,243,1
High-income countries,OWID_HIC,251,1
High-income countries,OWID_HIC,258,1
High-income countries,OWID_HIC,300,1
High-income countries,OWID_HIC,304,1
High-income countries,OWID_HIC,315,1
High-income countries,OWID_HIC,324,1
High-income countries,OWID_HIC,344,1
High-income countries,OWID_HIC,365,1
High-income countries,OWID_HIC,369,1
High-income countries,OWID_HIC,382,1
High-income countries,OWID_HIC,419,1
High-income countries,OWID_HIC,425,1
High-income countries,OWID_HIC,438,1
High-income countries,OWID_HIC,448,1
High-income countries,OWID_HIC,470,1
High-income countries,OWID_HIC,510,1
High-income countries,OWID_HIC,521,1
High-income countries,OWID_HIC,527,1
High-income countries,OWID_HIC,551,2
High-income countries,OWID_HIC,554,1
High-income countries,OWID_HIC,558,1
High-income countries,OWID_HIC,567,1
High-income countries,OWID_HIC,614,1
High-income countries,OWID_HIC,634,1
High-income countries,OWID_HIC,664,1
High-income countries,OWID_HIC,684,1
High-income countries,OWID_HIC,701,1
High-income countries,OWID_HIC,704,1
High-income countries,OWID_HIC,720,1
High-income countries,OWID_HIC,743,1
High-income countries,OWID_HIC,744,1
High-income countries,OWID_HIC,745,2
High-income countries,OWID_HIC,746,1
High-income countries,OWID_HIC,758,1
High-income countries,OWID_HIC,766,1
High-income countries,OWID_HIC,778,1
High-income countries,OWID_HIC,780,1
High-income countries,OWID_HIC,793,1
High-income countries,OWID_HIC,796,1
High-income countries,OWID_HIC,801,1
High-income countries,OWID_HIC,802,1
High-income countries,OWID_HIC,811,1
High-income countries,OWID_HIC,818,1
High-income countries,OWID_HIC,842,1
High-income countries,OWID_HIC,847,1
High-income countries,OWID_HIC,850,1
High-income countries,OWID_HIC,853,1
High-income countries,OWID_HIC,854,1
High-income countries,OWID_HIC,856,1
High-income countries,OWID_HIC,863,1
High-income countries,OWID_HIC,869,1
High-income countries,OWID_HIC,878,1
High-income countries,OWID_HIC,881,1
High-income countries,OWID_HIC,887,2
High-income countries,OWID_HIC,894,1
High-income countries,OWID_HIC,896,1
High-income countries,OWID_HIC,922,1
High-income countries,OWID_HIC,963,1
High-income countries,OWID_HIC,985,1
High-income countries,OWID_HIC,990,1
High-income countries,OWID_HIC,1000,1
High-income countries,OWID_HIC,1001,1
High-income countries,OWID_HIC,1003,1
High-income countries,OWID_HIC,1013,1
High-income countries,OWID_HIC,1021,1
High-income countries,OWID_HIC,1026,1
High-income countries,OWID_HIC,1048,1
High-income countries,OWID_HIC,1065,1
High-income countries,OWID_HIC,1068,1
High-income countries,OWID_HIC,1086,1
High-income countries,OWID_HIC,1088,1
High-income countries,OWID_HIC,1096,1
High-income countries,OWID_HIC,1099,1
High-income countries,OWID_HIC,1114,1
High-income countries,OWID_HIC,1117,2
High-income countries,OWID_HIC,1118,1
High-income countries,OWID_HIC,1125,1
High-income countries,OWID_HIC,1137,1
High-income countries,OWID_HIC,1151,1
High-income countries,OWID_HIC,1153,1
High-income countries,OWID_HIC,1155,1
High-income countries,OWID_HIC,1160,1
High-income countries,OWID_HIC,1164,1
High-income countries,OWID_HIC,1169,1
High-income countries,OWID_HIC,1172,1
High-income countries,OWID_HIC,1180,1
High-income countries,OWID_HIC,1182,1
High-income countries,OWID_HIC,1184,1
High-income countries,OWID_HIC,1201,1
High-income countries,OWID_HIC,1222,2
High-income countries,OWID_HIC,1223,1
High-income countries,OWID_HIC,1227,1
High-income countries,OWID_HIC,1231,1
High-income countries,OWID_HIC,1233,1
High-income countries,OWID_HIC,1241,1
High-income countries,OWID_HIC,1248,1
High-income countries,OWID_HIC,1257,2
High-income countries,OWID_HIC,1259,1
High-income countries,OWID_HIC,1273,1
High-income countries,OWID_HIC,1277,1
High-income countries,OWID_HIC,1279,1
High-income countries,OWID_HIC,1280,2
High-income countries,OWID_HIC,1286,1
High-income countries,OWID_HIC,1289,1
High-income countries,OWID_HIC,1293,2
High-income countries,OWID_HIC,1295,2
High-income countries,OWID_HIC,1298,1
High-income countries,OWID_HIC,1300,2
High-income countries,OWID_HIC,1303,1
High-income countries,OWID_HIC,1306,1
High-income countries,OWID_HIC,1319,1
High-income countries,OWID_HIC,1320,1
High-income countries,OWID_HIC,1323,1
High-income countries,OWID_HIC,1328,1
High-income countries,OWID_HIC,1329,1
High-income countries,OWID_HIC,1331,1
High-income countries,OWID_HIC,1341,1
High-income countries,OWID_HIC,1343,1
High-income countries,OWID_HIC,1344,1
High-income countries,OWID_HIC,1345,1
High-income countries,OWID_HIC,1346,1
High-income countries,OWID_HIC,1348,1
High-income countries,OWID_HIC,1349,1
High-income countries,OWID_HIC,1352,1
High-income countries,OWID_HIC,1356,2
High-income countries,OWID_HIC,1360,1
High-income countries,OWID_HIC,1361,2
High-income countries,OWID_HIC,1374,1
High-income countries,OWID_HIC,1375,1
High-income countries,OWID_HIC,1384,1
High-income countries,OWID_HIC,1387,1
High-income countries,OWID_HIC,1389,1
High-income countries,OWID_HIC,1390,1
High-income countries,OWID_HIC,1391,1
High-income countries,OWID_HIC,1399,1
High-income countries,OWID_HIC,1402,1
High-income countries,OWID_HIC,1403,1
High-income countries,OWID_HIC,1406,1
High-income countries,OWID_HIC,1408,1
High-income countries,OWID_HIC,1414,1
High-income countries,OWID_HIC,1417,1
High-income countries,OWID_HIC,1418,1
High-income countries,OWID_HIC,1427,1
High-income countries,OWID_HIC,1428,1
High-income countries,OWID_HIC,1431,1
High-income countries,OWID_HIC,1433,1
High-income countries,OWID_HIC,1443,1
High-income countries,OWID_HIC,1444,1
High-income countries,OWID_HIC,1446,1
High-income countries,OWID_HIC,1447,1
High-income countries,OWID_HIC,1448,1
High-income countries,OWID_HIC,1451,1
High-income countries,OWID_HIC,1454,2
High-income countries,OWID_HIC,1455,1
High-income countries,OWID_HIC,1456,1
High-income countries,OWID_HIC,1457,1
High-income countries,OWID_HIC,1458,1
High-income countries,OWID_HIC,1459,1
High-income countries,OWID_HIC,1461,2
High-income countries,OWID_HIC,1464,1
High-income countries,OWID_HIC,1469,1
High-income countries,OWID_HIC,1471,1
High-income countries,OWID_HIC,1479,1
High-income countries,OWID_HIC,1481,4
High-income countries,OWID_HIC,1482,1
High-income countries,OWID_HIC,1483,1
High-income countries,OWID_HIC,1490,2
High-income countries,OWID_HIC,1491,1
High-income countries,OWID_HIC,1493,1
High-income countries,OWID_HIC,1494,3
High-income countries,OWID_HIC,1495,1
High-income countries,OWID_HIC,1496,1
High-income countries,OWID_HIC,1497,1
High-income countries,OWID_HIC,1498,3
High-income countries,OWID_HIC,1500,1
High-income countries,OWID_HIC,1501,1
High-income countries,OWID_HIC,1502,1
High-income countries,OWID_HIC,1504,3
High-income countries,OWID_HIC,1505,1
High-income countries,OWID_HIC,1508,1
High-income countries,OWID_HIC,1509,2
High-income countries,OWID_HIC,1510,4
High-income countries,OWID_HIC,1511,2
High-income countries,OWID_HIC,1512,1
High-income countries,OWID_HIC,1514,1
High-income countries,OWID_HIC,1516,3
High-income countries,OWID_HIC,1518,1
High-income countries,OWID_HIC,1520,3
High-income countries,OWID_HIC,1521,1
High-income countries,OWID_HIC,1522,2
High-income countries,OWID_HIC,1530,1
High-income countries,OWID_HIC,1531,2
High-income countries,OWID_HIC,1538,1
High-income countries,OWID_HIC,1542,3
High-income countries,OWID_HIC,1543,1
High-income countries,OWID_HIC,1545,1
High-income countries,OWID_HIC,1546,1
High-income countries,OWID_HIC,1547,1
High-income countries,OWID_HIC,1550,1
High-income countries,OWID_HIC,1551,1
High-income countries,OWID_HIC,1553,1
High-income countries,OWID_HIC,1555,1
High-income countries,OWID_HIC,1556,1
High-income countries,OWID_HIC,1561,2
High-income countries,OWID_HIC,1562,1
High-income countries,OWID_HIC,1564,1
High-income countries,OWID_HIC,1570,3
High-income countries,OWID_HIC,1571,1
High-income countries,OWID_HIC,1574,2
High-income countries,OWID_HIC,1575,1
High-income countries,OWID_HIC,1579,1
High-income countries,OWID_HIC,1580,1
High-income countries,OWID_HIC,1582,1
High-income countries,OWID_HIC,1584,3
High-income countries,OWID_HIC,1585,1
High-income countries,OWID_HIC,1586,1
High-income countries,OWID_HIC,1587,1
High-income countries,OWID_HIC,1589,2
High-income countries,OWID_HIC,1590,3
High-income countries,OWID_HIC,1591,2
High-income countries,OWID_HIC,1593,1
High-income countries,OWID_HIC,1596,1
High-income countries,OWID_HIC,1597,2
High-income countries,OWID_HIC,1598,1
High-income countries,OWID_HIC,1601,1
High-income countries,OWID_HIC,1602,1
High-income countries,OWID_HIC,1604,2
High-income countries,OWID_HIC,1605,2
High-income countries,OWID_HIC,1609,2
High-income countries,OWID_HIC,1610,1
High-income countries,OWID_HIC,1611,2
High-income countries,OWID_HIC,1612,2
High-income countries,OWID_HIC,1613,3
High-income countries,OWID_HIC,1614,3
High-income countries,OWID_HIC,1615,2
High-income countries,OWID_HIC,1616,3
High-income countries,OWID_HIC,1618,2
High-income countries,OWID_HIC,1619,2
High-income countries,OWID_HIC,1620,1
High-income countries,OWID_HIC,1621,1
High-income countries,OWID_HIC,1622,3
High-income countries,OWID_HIC,1624,1
High-income countries,OWID_HIC,1625,1
High-income countries,OWID_HIC,1626,2
High-income countries,OWID_HIC,1627,1
High-income countries,OWID_HIC,1628,1
High-income countries,OWID_HIC,1629,2
High-income countries,OWID_HIC,1630,1
High-income countries,OWID_HIC,1631,1
High-income countries,OWID_HIC,1632,1
High-income countries,OWID_HIC,1633,3
High-income countries,OWID_HIC,1636,2
High-income countries,OWID_HIC,1638,2
High-income countries,OWID_HIC,1639,3
High-income countries,OWID_HIC,1640,4
High-income countries,OWID_HIC,1641,1
High-income countries,OWID_HIC,1642,1
High-income countries,OWID_HIC,1643,1
High-income countries,OWID_HIC,1644,3
High-income countries,OWID_HIC,1646,3
High-income countries,OWID_HIC,1647,2
High-income countries,OWID_HIC,1648,1
High-income countries,OWID_HIC,1649,3
High-income countries,OWID_HIC,1650,1
High-income countries,OWID_HIC,1652,1
High-income countries,OWID_HIC,1654,2
High-income countries,OWID_HIC,1655,1
High-income countries,OWID_HIC,1657,3
High-income countries,OWID_HIC,1658,1
High-income countries,OWID_HIC,1659,2
High-income countries,OWID_HIC,1660,3
High-income countries,OWID_HIC,1661,2
High-income countries,OWID_HIC,1662,3
High-income countries,OWID_HIC,1663,1
High-income countries,OWID_HIC,1664,1
High-income countries,OWID_HIC,1665,1
High-income countries,OWID_HIC,1666,2
High-income countries,OWID_HIC,1667,2
High-income countries,OWID_HIC,1668,1
High-income countries,OWID_HIC,1669,1
High-income countries,OWID_HIC,1670,3
High-income countries,OWID_HIC,1671,1
High-income countries,OWID_HIC,1672,3
High-income countries,OWID_HIC,1673,1
High-income countries,OWID_HIC,1674,2
High-income countries,OWID_HIC,1676,1
High-income countries,OWID_HIC,1677,2
High-income countries,OWID_HIC,1678,1
High-income countries,OWID_HIC,1680,2
High-income countries,OWID_HIC,1681,2
High-income countries,OWID_HIC,1682,1
High-income countries,OWID_HIC,1687,1
High-income countries,OWID_HIC,1688,5
High-income countries,OWID_HIC,1689,1
High-income countries,OWID_HIC,1690,3
High-income countries,OWID_HIC,1693,2
High-income countries,OWID_HIC,1694,3
High-income countries,OWID_HIC,1695,2
High-income countries,OWID_HIC,1696,1
High-income countries,OWID_HIC,1698,1
High-income countries,OWID_HIC,1699,1
High-income countries,OWID_HIC,1700,3
High-income countries,OWID_HIC,1702,1
High-income countries,OWID_HIC,1703,4
High-income countries,OWID_HIC,1704,2
High-income countries,OWID_HIC,1705,1
High-income countries,OWID_HIC,1706,2
High-income countries,OWID_HIC,1707,2
High-income countries,OWID_HIC,1708,2
High-income countries,OWID_HIC,1711,3
High-income countries,OWID_HIC,1714,3
High-income countries,OWID_HIC,1715,1
High-income countries,OWID_HIC,1717,2
High-income countries,OWID_HIC,1719,1
High-income countries,OWID_HIC,1720,4
High-income countries,OWID_HIC,1721,3
High-income countries,OWID_HIC,1722,2
High-income countries,OWID_HIC,1723,1
High-income countries,OWID_HIC,1725,1
High-income countries,OWID_HIC,1726,2
High-income countries,OWID_HIC,1727,2
High-income countries,OWID_HIC,1729,2
High-income countries,OWID_HIC,1730,5
High-income countries,OWID_HIC,1731,2
High-income countries,OWID_HIC,1732,3
High-income countries,OWID_HIC,1734,2
High-income countries,OWID_HIC,1736,1
High-income countries,OWID_HIC,1737,4
High-income countries,OWID_HIC,1738,2
High-income countries,OWID_HIC,1739,2
High-income countries,OWID_HIC,1741,3
High-income countries,OWID_HIC,1742,5
High-income countries,OWID_HIC,1743,1
High-income countries,OWID_HIC,1746,1
High-income countries,OWID_HIC,1748,2
High-income countries,OWID_HIC,1750,4
High-income countries,OWID_HIC,1751,5
High-income countries,OWID_HIC,1752,3
High-income countries,OWID_HIC,1755,4
High-income countries,OWID_HIC,1756,1
High-income countries,OWID_HIC,1757,5
High-income countries,OWID_HIC,1758,1
High-income countries,OWID_HIC,1759,4
High-income countries,OWID_HIC,1761,2
High-income countries,OWID_HIC,1762,1
High-income countries,OWID_HIC,1763,4
High-income countries,OWID_HIC,1764,1
High-income countries,OWID_HIC,1765,1
High-income countries,OWID_HIC,1766,2
High-income countries,OWID_HIC,1767,2
High-income countries,OWID_HIC,1768,3
High-income countries,OWID_HIC,1769,4
High-income countries,OWID_HIC,1770,2
High-income countries,OWID_HIC,1771,1
High-income countries,OWID_HIC,1772,3
High-income countries,OWID_HIC,1774,3
High-income countries,OWID_HIC,1775,1
High-income countries,OWID_HIC,1776,1
High-income countries,OWID_HIC,1780,2
High-income countries,OWID_HIC,1781,1
High-income countries,OWID_HIC,1782,2
High-income countries,OWID_HIC,1783,8
High-income countries,OWID_HIC,1784,4
High-income countries,OWID_HIC,1785,1
High-income countries,OWID_HIC,1786,2
High-income countries,OWID_HIC,1788,2
High-income countries,OWID_HIC,1789,1
High-income countries,OWID_HIC,1790,1
High-income countries,OWID_HIC,1791,4
High-income countries,OWID_HIC,1792,5
High-income countries,OWID_HIC,1793,3
High-income countries,OWID_HIC,1795,1
High-income countries,OWID_HIC,1796,2
High-income countries,OWID_HIC,1798,4
High-income countries,OWID_HIC,1799,4
High-income countries,OWID_HIC,1800,1
High-income countries,OWID_HIC,1801,1
High-income countries,OWID_HIC,1802,4
High-income countries,OWID_HIC,1804,5
High-income countries,OWID_HIC,1805,1
High-income countries,OWID_HIC,1806,3
High-income countries,OWID_HIC,1807,1
High-income countries,OWID_HIC,1808,2
High-income countries,OWID_HIC,1810,3
High-income countries,OWID_HIC,1811,4
High-income countries,OWID_HIC,1812,8
High-income countries,OWID_HIC,1814,1
High-income countries,OWID_HIC,1815,3
High-income countries,OWID_HIC,1816,1
High-income countries,OWID_HIC,1817,4
High-income countries,OWID_HIC,1818,4
High-income countries,OWID_HIC,1819,5
High-income countries,OWID_HIC,1820,3
High-income countries,OWID_HIC,1821,2
High-income countries,OWID_HIC,1822,3
High-income countries,OWID_HIC,1823,5
High-income countries,OWID_HIC,1825,2
High-income countries,OWID_HIC,1826,2
High-income countries,OWID_HIC,1827,1
High-income countries,OWID_HIC,1828,3
High-income countries,OWID_HIC,1829,6
High-income countries,OWID_HIC,1830,3
High-income countries,OWID_HIC,1831,7
High-income countries,OWID_HIC,1832,2
High-income countries,OWID_HIC,1833,2
High-income countries,OWID_HIC,1834,3
High-income countries,OWID_HIC,1835,4
High-income countries,OWID_HIC,1836,4
High-income countries,OWID_HIC,1837,3
High-income countries,OWID_HIC,1838,5
High-income countries,OWID_HIC,1839,4
High-income countries,OWID_HIC,1840,3
High-income countries,OWID_HIC,1841,3
High-income countries,OWID_HIC,1842,2
High-income countries,OWID_HIC,1843,5
High-income countries,OWID_HIC,1845,4
High-income countries,OWID_HIC,1846,5
High-income countries,OWID_HIC,1847,6
High-income countries,OWID_HIC,1848,6
High-income countries,OWID_HIC,1849,3
High-income countries,OWID_HIC,1850,1
High-income countries,OWID_HIC,1851,7
High-income countries,OWID_HIC,1852,3
High-income countries,OWID_HIC,1853,7
High-income countries,OWID_HIC,1854,12
High-income countries,OWID_HIC,1855,11
High-income countries,OWID_HIC,1856,6
High-income countries,OWID_HIC,1857,4
High-income countries,OWID_HIC,1858,10
High-income countries,OWID_HIC,1859,5
High-income countries,OWID_HIC,1861,4
High-income countries,OWID_HIC,1862,4
High-income countries,OWID_HIC,1863,4
High-income countries,OWID_HIC,1864,1
High-income countries,OWID_HIC,1865,6
High-income countries,OWID_HIC,1866,5
High-income countries,OWID_HIC,1867,5
High-income countries,OWID_HIC,1868,9
High-income countries,OWID_HIC,1869,9
High-income countries,OWID_HIC,1870,9
High-income countries,OWID_HIC,1871,9
High-income countries,OWID_HIC,1872,6
High-income countries,OWID_HIC,1873,9
High-income countries,OWID_HIC,1875,4
High-income countries,OWID_HIC,1876,1
High-income countries,OWID_HIC,1877,6
High-income countries,OWID_HIC,1878,8
High-income countries,OWID_HIC,1879,2
High-income countries,OWID_HIC,1880,6
High-income countries,OWID_HIC,1881,10
High-income countries,OWID_HIC,1882,7
High-income countries,OWID_HIC,1883,1
High-income countries,OWID_HIC,1884,6
High-income countries,OWID_HIC,1885,5
High-income countries,OWID_HIC,1886,2
High-income countries,OWID_HIC,1887,4
High-income countries,OWID_HIC,1888,5
High-income countries,OWID_HIC,1889,4
High-income countries,OWID_HIC,1891,3
High-income countries,OWID_HIC,1892,4
High-income countries,OWID_HIC,1893,6
High-income countries,OWID_HIC,1894,7
High-income countries,OWID_HIC,1895,10
High-income countries,OWID_HIC,1896,7
High-income countries,OWID_HIC,1897,8
High-income countries,OWID_HIC,1898,9
High-income countries,OWID_HIC,1899,9
High-income countries,OWID_HIC,1900,5
High-income countries,OWID_HIC,1901,11
High-income countries,OWID_HIC,1902,6
High-income countries,OWID_HIC,1903,8
High-income countries,OWID_HIC,1904,14
High-income countries,OWID_HIC,1905,13
High-income countries,OWID_HIC,1906,10
High-income countries,OWID_HIC,1907,5
High-income countries,OWID_HIC,1908,4
High-income countries,OWID_HIC,1909,16
High-income countries,OWID_HIC,1910,6
High-income countries,OWID_HIC,1911,7
High-income countries,OWID_HIC,1912,4
High-income countries,OWID_HIC,1913,6
High-income countries,OWID_HIC,1914,10
High-income countries,OWID_HIC,1915,9
High-income countries,OWID_HIC,1916,12
High-income countries,OWID_HIC,1917,12
High-income countries,OWID_HIC,1918,6
High-income countries,OWID_HIC,1919,6
High-income countries,OWID_HIC,1920,4
High-income countries,OWID_HIC,1921,4
High-income countries,OWID_HIC,1922,9
High-income countries,OWID_HIC,1923,13
High-income countries,OWID_HIC,1924,9
High-income countries,OWID_HIC,1925,10
High-income countries,OWID_HIC,1926,10
High-income countries,OWID_HIC,1927,19
High-income countries,OWID_HIC,1928,14
High-income countries,OWID_HIC,1929,10
High-income countries,OWID_HIC,1930,12
High-income countries,OWID_HIC,1931,17
High-income countries,OWID_HIC,1932,7
High-income countries,OWID_HIC,1933,9
High-income countries,OWID_HIC,1934,8
High-income countries,OWID_HIC,1935,14
High-income countries,OWID_HIC,1936,7
High-income countries,OWID_HIC,1937,3
High-income countries,OWID_HIC,1938,15
High-income countries,OWID_HIC,1939,6
High-income countries,OWID_HIC,1940,8
High-income countries,OWID_HIC,1941,7
High-income countries,OWID_HIC,1942,1
High-income countries,OWID_HIC,1943,8
High-income countries,OWID_HIC,1944,4
High-income countries,OWID_HIC,1945,2
High-income countries,OWID_HIC,1946,6
High-income countries,OWID_HIC,1947,5
High-income countries,OWID_HIC,1948,8
High-income countries,OWID_HIC,1949,10
High-income countries,OWID_HIC,1950,6
High-income countries,OWID_HIC,1951,5
High-income countries,OWID_HIC,1952,8
High-income countries,OWID_HIC,1953,8
High-income countries,OWID_HIC,1954,9
High-income countries,OWID_HIC,1955,7
High-income countries,OWID_HIC,1956,12
High-income countries,OWID_HIC,1957,7
High-income countries,OWID_HIC,1958,9
High-income countries,OWID_HIC,1959,15
High-income countries,OWID_HIC,1960,7
High-income countries,OWID_HIC,1961,16
High-income countries,OWID_HIC,1962,16
High-income countries,OWID_HIC,1963,6
High-income countries,OWID_HIC,1964,9
High-income countries,OWID_HIC,1965,14
High-income countries,OWID_HIC,1966,6
High-income countries,OWID_HIC,1967,7
High-income countries,OWID_HIC,1968,17
High-income countries,OWID_HIC,1969,7
High-income countries,OWID_HIC,1970,12
High-income countries,OWID_HIC,1971,15
High-income countries,OWID_HIC,1972,15
High-income countries,OWID_HIC,1973,14
High-income countries,OWID_HIC,1974,6
High-income countries,OWID_HIC,1975,11
High-income countries,OWID_HIC,1976,10
High-income countries,OWID_HIC,1977,3
High-income countries,OWID_HIC,1978,22
High-income countries,OWID_HIC,1979,9
High-income countries,OWID_HIC,1980,14
High-income countries,OWID_HIC,1981,9
High-income countries,OWID_HIC,1982,6
High-income countries,OWID_HIC,1983,19
High-income countries,OWID_HIC,1984,14
High-income countries,OWID_HIC,1985,5
High-income countries,OWID_HIC,1986,13
High-income countries,OWID_HIC,1987,14
High-income countries,OWID_HIC,1988,8
High-income countries,OWID_HIC,1989,10
High-income countries,OWID_HIC,1990,15
High-income countries,OWID_HIC,1991,12
High-income countries,OWID_HIC,1992,10
High-income countries,OWID_HIC,1993,11
High-income countries,OWID_HIC,1994,14
High-income countries,OWID_HIC,1995,14
High-income countries,OWID_HIC,1996,9
High-income countries,OWID_HIC,1997,9
High-income countries,OWID_HIC,1998,6
High-income countries,OWID_HIC,1999,7
High-income countries,OWID_HIC,2000,15
High-income countries,OWID_HIC,2001,6
High-income countries,OWID_HIC,2002,16
High-income countries,OWID_HIC,2003,29
High-income countries,OWID_HIC,2004,31
High-income countries,OWID_HIC,2005,11
High-income countries,OWID_HIC,2006,20
High-income countries,OWID_HIC,2007,21
High-income countries,OWID_HIC,2008,20
High-income countries,OWID_HIC,2009,13
High-income countries,OWID_HIC,2010,15
High-income countries,OWID_HIC,2011,26
High-income countries,OWID_HIC,2012,14
High-income countries,OWID_HIC,2013,17
High-income countries,OWID_HIC,2014,20
High-income countries,OWID_HIC,2015,10
High-income countries,OWID_HIC,2016,17
High-income countries,OWID_HIC,2017,15
High-income countries,OWID_HIC,2018,18
High-income countries,OWID_HIC,2019,18
High-income countries,OWID_HIC,2020,11
High-income countries,OWID_HIC,2021,11
High-income countries,OWID_HIC,2022,10
High-income countries,OWID_HIC,2023,10
High-income countries,OWID_HIC,2024,10
Honduras,HND,1539,1
Honduras,HND,1764,1
Honduras,HND,1820,1
Honduras,HND,1855,1
Honduras,HND,1856,1
Honduras,HND,1870,1
Honduras,HND,1910,1
Honduras,HND,1934,1
Honduras,HND,1980,1
Honduras,HND,1982,2
Honduras,HND,2009,1
Honduras,HND,2013,1
Honduras,HND,2018,1
Hungary,HUN,1763,1
Hungary,HUN,1834,1
Hungary,HUN,1956,1
Hungary,HUN,2006,2
Iceland,ISL,1013,1
Iceland,ISL,1164,1
Iceland,ISL,1182,1
Iceland,ISL,1706,1
Iceland,ISL,1732,1
Iceland,ISL,1734,1
Iceland,ISL,1784,1
Iceland,ISL,1885,1
Iceland,ISL,1896,1
Iceland,ISL,1912,1
Iceland,ISL,1924,1
Iceland,ISL,1929,1
Iceland,ISL,1934,1
Iceland,ISL,1976,1
Iceland,ISL,2000,2
Iceland,ISL,2008,1
India,IND,-326,1
India,IND,1501,1
India,IND,1524,1
India,IND,1555,1
India,IND,1618,1
India,IND,1669,1
India,IND,1678,1
India,IND,1713,1
India,IND,1720,1
India,IND,1737,1
India,IND,1784,1
India,IND,1803,1
India,IND,1819,1
India,IND,1828,1
India,IND,1833,1
India,IND,1843,1
India,IND,1845,1
India,IND,1846,1
India,IND,1847,1
India,IND,1869,1
India,IND,1881,1
India,IND,1885,2
India,IND,1897,1
India,IND,1905,1
India,IND,1941,1
India,IND,1943,1
India,IND,1947,1
India,IND,1950,1
India,IND,1955,1
India,IND,1956,1
India,IND,1960,1
India,IND,1961,1
India,IND,1963,1
India,IND,1966,1
India,IND,1967,1
India,IND,1970,1
India,IND,1975,1
India,IND,1980,2
India,IND,1982,1
India,IND,1984,1
India,IND,1986,1
India,IND,1991,2
India,IND,1993,2
India,IND,1997,2
India,IND,1999,1
India,IND,2000,1
India,IND,2001,1
India,IND,2002,1
India,IND,2004,1
India,IND,2005,8
India,IND,2006,4
India,IND,2007,4
India,IND,2008,4
India,IND,2009,5
India,IND,2010,5
India,IND,2011,4
India,IND,2012,2
India,IND,2013,2
India,IND,2015,1
India,IND,2016,1
India,IND,2017,1
India,IND,2018,1
India,IND,2019,2
India,IND,2021,1
India,IND,2023,1
India,IND,2024,2
Indian Ocean (NOAA/NCEI),,1928,1
Indian Ocean (NOAA/NCEI),,1951,1
Indian Ocean (NOAA/NCEI),,2003,1
Indonesia,IDN,1629,1
Indonesia,IDN,1630,1
Indonesia,IDN,1646,1
Indonesia,IDN,1657,1
Indonesia,IDN,1659,1
Indonesia,IDN,1673,3
Indonesia,IDN,1674,2
Indonesia,IDN,1681,1
Indonesia,IDN,1690,1
Indonesia,IDN,1708,1
Indonesia,IDN,1710,1
Indonesia,IDN,1711,1
Indonesia,IDN,1722,1
Indonesia,IDN,1754,2
Indonesia,IDN,1757,1
Indonesia,IDN,1763,1
Indonesia,IDN,1770,1
Indonesia,IDN,1775,1
Indonesia,IDN,1797,1
Indonesia,IDN,1802,1
Indonesia,IDN,1814,1
Indonesia,IDN,1815,2
Indonesia,IDN,1816,1
Indonesia,IDN,1818,2
Indonesia,IDN,1820,1
Indonesia,IDN,1823,1
Indonesia,IDN,1828,1
Indonesia,IDN,1833,1
Indonesia,IDN,1834,1
Indonesia,IDN,1835,1
Indonesia,IDN,1836,2
Indonesia,IDN,1837,2
Indonesia,IDN,1840,2
Indonesia,IDN,1841,2
Indonesia,IDN,1843,2
Indonesia,IDN,1845,1
Indonesia,IDN,1846,1
Indonesia,IDN,1847,1
Indonesia,IDN,1852,5
Indonesia,IDN,1854,2
Indonesia,IDN,1855,1
Indonesia,IDN,1856,2
Indonesia,IDN,1857,3
Indonesia,IDN,1858,1
Indonesia,IDN,1859,6
Indonesia,IDN,1860,2
Indonesia,IDN,1861,5
Indonesia,IDN,1863,2
Indonesia,IDN,1864,1
Indonesia,IDN,1865,1
Indonesia,IDN,1867,1
Indonesia,IDN,1871,1
Indonesia,IDN,1875,1
Indonesia,IDN,1876,1
Indonesia,IDN,1882,1
Indonesia,IDN,1885,3
Indonesia,IDN,1886,1
Indonesia,IDN,1887,1
Indonesia,IDN,1888,1
Indonesia,IDN,1889,2
Indonesia,IDN,1890,2
Indonesia,IDN,1891,2
Indonesia,IDN,1892,2
Indonesia,IDN,1896,2
Indonesia,IDN,1897,1
Indonesia,IDN,1899,1
Indonesia,IDN,1900,3
Indonesia,IDN,1903,2
Indonesia,IDN,1904,1
Indonesia,IDN,1905,1
Indonesia,IDN,1907,4
Indonesia,IDN,1908,3
Indonesia,IDN,1909,1
Indonesia,IDN,1910,2
Indonesia,IDN,1913,1
Indonesia,IDN,1914,2
Indonesia,IDN,1915,2
Indonesia,IDN,1916,3
Indonesia,IDN,1917,2
Indonesia,IDN,1918,1
Indonesia,IDN,1919,1
Indonesia,IDN,1920,1
Indonesia,IDN,1921,3
Indonesia,IDN,1922,3
Indonesia,IDN,1923,2
Indonesia,IDN,1924,2
Indonesia,IDN,1925,1
Indonesia,IDN,1926,4
Indonesia,IDN,1927,1
Indonesia,IDN,1930,3
Indonesia,IDN,1931,1
Indonesia,IDN,1932,2
Indonesia,IDN,1933,2
Indonesia,IDN,1935,2
Indonesia,IDN,1936,3
Indonesia,IDN,1937,2
Indonesia,IDN,1938,3
Indonesia,IDN,1939,1
Indonesia,IDN,1942,1
Indonesia,IDN,1943,3
Indonesia,IDN,1944,1
Indonesia,IDN,1948,2
Indonesia,IDN,1949,1
Indonesia,IDN,1950,3
Indonesia,IDN,1954,1
Indonesia,IDN,1956,1
Indonesia,IDN,1957,4
Indonesia,IDN,1958,2
Indonesia,IDN,1960,1
Indonesia,IDN,1961,1
Indonesia,IDN,1963,3
Indonesia,IDN,1964,2
Indonesia,IDN,1965,1
Indonesia,IDN,1967,3
Indonesia,IDN,1968,3
Indonesia,IDN,1969,3
Indonesia,IDN,1971,3
Indonesia,IDN,1972,1
Indonesia,IDN,1975,3
Indonesia,IDN,1976,3
Indonesia,IDN,1977,3
Indonesia,IDN,1979,7
Indonesia,IDN,1980,1
Indonesia,IDN,1981,1
Indonesia,IDN,1982,5
Indonesia,IDN,1983,4
Indonesia,IDN,1984,2
Indonesia,IDN,1985,3
Indonesia,IDN,1986,1
Indonesia,IDN,1987,2
Indonesia,IDN,1989,4
Indonesia,IDN,1990,3
Indonesia,IDN,1991,2
Indonesia,IDN,1992,2
Indonesia,IDN,1994,7
Indonesia,IDN,1995,3
Indonesia,IDN,1996,2
Indonesia,IDN,1997,3
Indonesia,IDN,1998,2
Indonesia,IDN,1999,1
Indonesia,IDN,2000,4
Indonesia,IDN,2001,1
Indonesia,IDN,2002,4
Indonesia,IDN,2003,6
Indonesia,IDN,2004,12
Indonesia,IDN,2005,7
Indonesia,IDN,2006,10
Indonesia,IDN,2007,9
Indonesia,IDN,2008,6
Indonesia,IDN,2009,9
Indonesia,IDN,2010,5
Indonesia,IDN,2011,2
Indonesia,IDN,2012,5
Indonesia,IDN,2013,5
Indonesia,IDN,2014,2
Indonesia,IDN,2015,3
Indonesia,IDN,2016,6
Indonesia,IDN,2017,5
Indonesia,IDN,2018,13
Indonesia,IDN,2019,9
Indonesia,IDN,2020,3
Indonesia,IDN,2021,6
Indonesia,IDN,2022,5
Indonesia,IDN,2023,5
Indonesia,IDN,2024,5
Iran,IRN,-400,1
Iran,IRN,662,1
Iran,IRN,743,1
Iran,IRN,763,1
Iran,IRN,850,1
Iran,IRN,855,1
Iran,IRN,856,1
Iran,IRN,858,1
Iran,IRN,863,2
Iran,IRN,864,1
Iran,IRN,871,1
Iran,IRN,891,1
Iran,IRN,898,1
Iran,IRN,912,1
Iran,IRN,942,1
Iran,IRN,956,1
Iran,IRN,957,1
Iran,IRN,958,1
Iran,IRN,977,1
Iran,IRN,978,1
Iran,IRN,1008,1
Iran,IRN,1042,2
Iran,IRN,1052,2
Iran,IRN,1065,1
Iran,IRN,1066,1
Iran,IRN,1085,1
Iran,IRN,1101,1
Iran,IRN,1115,1
Iran,IRN,1119,1
Iran,IRN,1175,1
Iran,IRN,1176,1
Iran,IRN,1208,1
Iran,IRN,1209,1
Iran,IRN,1237,1
Iran,IRN,1267,1
Iran,IRN,1272,1
Iran,IRN,1280,1
Iran,IRN,1281,1
Iran,IRN,1291,1
Iran,IRN,1300,1
Iran,IRN,1301,1
Iran,IRN,1304,1
Iran,IRN,1306,1
Iran,IRN,1319,1
Iran,IRN,1336,2
Iran,IRN,1344,1
Iran,IRN,1360,1
Iran,IRN,1367,1
Iran,IRN,1382,1
Iran,IRN,1389,3
Iran,IRN,1400,2
Iran,IRN,1405,1
Iran,IRN,1440,1
Iran,IRN,1441,1
Iran,IRN,1482,1
Iran,IRN,1483,1
Iran,IRN,1484,1
Iran,IRN,1485,1
Iran,IRN,1493,1
Iran,IRN,1527,1
Iran,IRN,1549,1
Iran,IRN,1550,1
Iran,IRN,1566,1
Iran,IRN,1574,1
Iran,IRN,1588,1
Iran,IRN,1608,1
Iran,IRN,1611,1
Iran,IRN,1618,1
Iran,IRN,1633,1
Iran,IRN,1639,1
Iran,IRN,1640,1
Iran,IRN,1641,1
Iran,IRN,1650,1
Iran,IRN,1664,1
Iran,IRN,1665,1
Iran,IRN,1667,2
Iran,IRN,1668,1
Iran,IRN,1670,1
Iran,IRN,1673,1
Iran,IRN,1678,2
Iran,IRN,1683,1
Iran,IRN,1687,1
Iran,IRN,1696,1
Iran,IRN,1703,2
Iran,IRN,1721,1
Iran,IRN,1727,1
Iran,IRN,1755,1
Iran,IRN,1766,1
Iran,IRN,1769,1
Iran,IRN,1778,2
Iran,IRN,1779,1
Iran,IRN,1780,1
Iran,IRN,1791,1
Iran,IRN,1794,1
Iran,IRN,1800,1
Iran,IRN,1805,1
Iran,IRN,1808,2
Iran,IRN,1809,1
Iran,IRN,1813,1
Iran,IRN,1820,2
Iran,IRN,1823,2
Iran,IRN,1824,2
Iran,IRN,1825,2
Iran,IRN,1830,2
Iran,IRN,1843,2
Iran,IRN,1844,2
Iran,IRN,1851,1
Iran,IRN,1852,1
Iran,IRN,1853,1
Iran,IRN,1854,1
Iran,IRN,1857,2
Iran,IRN,1862,1
Iran,IRN,1863,2
Iran,IRN,1864,2
Iran,IRN,1865,1
Iran,IRN,1868,1
Iran,IRN,1871,1
Iran,IRN,1872,3
Iran,IRN,1879,2
Iran,IRN,1880,2
Iran,IRN,1881,1
Iran,IRN,1883,2
Iran,IRN,1884,1
Iran,IRN,1888,1
Iran,IRN,1890,1
Iran,IRN,1893,1
Iran,IRN,1894,2
Iran,IRN,1895,2
Iran,IRN,1896,3
Iran,IRN,1897,1
Iran,IRN,1898,1
Iran,IRN,1902,1
Iran,IRN,1903,1
Iran,IRN,1905,1
Iran,IRN,1909,1
Iran,IRN,1911,1
Iran,IRN,1913,1
Iran,IRN,1918,1
Iran,IRN,1923,4
Iran,IRN,1925,2
Iran,IRN,1928,2
Iran,IRN,1929,3
Iran,IRN,1930,2
Iran,IRN,1932,1
Iran,IRN,1933,1
Iran,IRN,1935,2
Iran,IRN,1936,1
Iran,IRN,1941,1
Iran,IRN,1944,1
Iran,IRN,1945,1
Iran,IRN,1946,2
Iran,IRN,1947,2
Iran,IRN,1949,1
Iran,IRN,1950,1
Iran,IRN,1953,3
Iran,IRN,1954,1
Iran,IRN,1956,1
Iran,IRN,1957,4
Iran,IRN,1958,3
Iran,IRN,1960,1
Iran,IRN,1961,3
Iran,IRN,1962,4
Iran,IRN,1963,4
Iran,IRN,1964,1
Iran,IRN,1965,2
Iran,IRN,1968,5
Iran,IRN,1969,1
Iran,IRN,1970,2
Iran,IRN,1971,5
Iran,IRN,1972,3
Iran,IRN,1973,2
Iran,IRN,1974,1
Iran,IRN,1975,2
Iran,IRN,1976,1
Iran,IRN,1977,5
Iran,IRN,1978,3
Iran,IRN,1979,4
Iran,IRN,1980,3
Iran,IRN,1981,3
Iran,IRN,1983,2
Iran,IRN,1985,1
Iran,IRN,1986,2
Iran,IRN,1987,1
Iran,IRN,1988,2
Iran,IRN,1989,4
Iran,IRN,1990,4
Iran,IRN,1991,2
Iran,IRN,1992,2
Iran,IRN,1993,3
Iran,IRN,1994,3
Iran,IRN,1997,4
Iran,IRN,1998,4
Iran,IRN,1999,3
Iran,IRN,2000,1
Iran,IRN,2002,6
Iran,IRN,2003,5
Iran,IRN,2004,6
Iran,IRN,2005,5
Iran,IRN,2006,5
Iran,IRN,2007,4
Iran,IRN,2008,5
Iran,IRN,2009,1
Iran,IRN,2010,7
Iran,IRN,2011,1
Iran,IRN,2012,5
Iran,IRN,2013,4
Iran,IRN,2014,3
Iran,IRN,2017,7
Iran,IRN,2018,8
Iran,IRN,2019,3
Iran,IRN,2020,2
Iran,IRN,2021,3
Iran,IRN,2022,2
Iran,IRN,2023,2
Iran,IRN,2024,3
Iraq,IRQ,678,1
Iraq,IRQ,749,1
Iraq,IRQ,845,1
Iraq,IRQ,847,1
Iraq,IRQ,860,1
Iraq,IRQ,910,1
Iraq,IRQ,957,1
Iraq,IRQ,958,1
Iraq,IRQ,986,1
Iraq,IRQ,1007,1
Iraq,IRQ,1058,1
Iraq,IRQ,1086,1
Iraq,IRQ,1130,2
Iraq,IRQ,1137,1
Iraq,IRQ,1149,1
Iraq,IRQ,1310,1
Iraq,IRQ,1666,1
Iraq,IRQ,1769,1
Iraq,IRQ,1781,1
Iraq,IRQ,1864,1
Iraq,IRQ,1865,1
Iraq,IRQ,1867,1
Iraq,IRQ,1991,1
Ireland,IRL,1490,1
Israel,ISR,-1566,1
Israel,ISR,-1250,1
Israel,ISR,-759,1
Israel,ISR,-33,1
Israel,ISR,-31,1
Israel,ISR,33,1
Israel,ISR,315,1
Israel,ISR,419,1
Israel,ISR,425,1
Israel,ISR,634,1
Israel,ISR,746,1
Israel,ISR,758,1
Israel,ISR,1068,1
Israel,ISR,1160,1
Israel,ISR,1293,1
Israel,ISR,1457,1
Israel,ISR,1458,1
Israel,ISR,1546,1
Israel,ISR,1752,1
Israel,ISR,1759,1
Israel,ISR,1837,1
Israel,ISR,1838,1
Israel,ISR,1903,1
Israel,ISR,1927,1
Italy,ITA,-1450,1
Italy,ITA,-364,1
Italy,ITA,-217,1
Italy,ITA,-177,1
Italy,ITA,63,1
Italy,ITA,79,1
Italy,ITA,177,1
Italy,ITA,243,1
Italy,ITA,258,1
Italy,ITA,324,1
Italy,ITA,344,1
Italy,ITA,369,1
Italy,ITA,558,1
Italy,ITA,614,1
Italy,ITA,778,1
Italy,ITA,793,1
Italy,ITA,801,1
Italy,ITA,802,1
Italy,ITA,847,1
Italy,ITA,853,1
Italy,ITA,894,1
Italy,ITA,896,1
Italy,ITA,963,1
Italy,ITA,985,1
Italy,ITA,990,1
Italy,ITA,1001,1
Italy,ITA,1065,1
Italy,ITA,1086,1
Italy,ITA,1114,1
Italy,ITA,1117,2
Italy,ITA,1125,1
Italy,ITA,1137,1
Italy,ITA,1155,1
Italy,ITA,1169,1
Italy,ITA,1172,1
Italy,ITA,1180,1
Italy,ITA,1184,1
Italy,ITA,1222,1
Italy,ITA,1223,1
Italy,ITA,1231,1
Italy,ITA,1233,1
Italy,ITA,1248,1
Italy,ITA,1259,1
Italy,ITA,1273,1
Italy,ITA,1277,1
Italy,ITA,1279,1
Italy,ITA,1298,1
Italy,ITA,1300,1
Italy,ITA,1319,1
Italy,ITA,1328,1
Italy,ITA,1329,1
Italy,ITA,1345,1
Italy,ITA,1349,1
Italy,ITA,1352,1
Italy,ITA,1361,1
Italy,ITA,1414,1
Italy,ITA,1417,1
Italy,ITA,1446,1
Italy,ITA,1447,1
Italy,ITA,1456,1
Italy,ITA,1461,2
Italy,ITA,1481,1
Italy,ITA,1509,1
Italy,ITA,1511,1
Italy,ITA,1538,1
Italy,ITA,1542,2
Italy,ITA,1550,1
Italy,ITA,1561,2
Italy,ITA,1570,1
Italy,ITA,1582,1
Italy,ITA,1609,1
Italy,ITA,1613,1
Italy,ITA,1624,1
Italy,ITA,1626,2
Italy,ITA,1627,1
Italy,ITA,1631,1
Italy,ITA,1638,2
Italy,ITA,1639,1
Italy,ITA,1640,1
Italy,ITA,1646,2
Italy,ITA,1649,1
Italy,ITA,1654,1
Italy,ITA,1659,1
Italy,ITA,1660,1
Italy,ITA,1661,1
Italy,ITA,1669,1
Italy,ITA,1672,1
Italy,ITA,1688,3
Italy,ITA,1690,1
Italy,ITA,1693,2
Italy,ITA,1694,1
Italy,ITA,1695,2
Italy,ITA,1702,1
Italy,ITA,1703,3
Italy,ITA,1706,1
Italy,ITA,1726,1
Italy,ITA,1727,1
Italy,ITA,1730,2
Italy,ITA,1731,1
Italy,ITA,1732,1
Italy,ITA,1741,1
Italy,ITA,1743,1
Italy,ITA,1751,2
Italy,ITA,1757,2
Italy,ITA,1759,1
Italy,ITA,1767,1
Italy,ITA,1768,1
Italy,ITA,1781,1
Italy,ITA,1783,8
Italy,ITA,1784,2
Italy,ITA,1786,1
Italy,ITA,1789,1
Italy,ITA,1791,1
Italy,ITA,1796,1
Italy,ITA,1798,1
Italy,ITA,1799,2
Italy,ITA,1802,1
Italy,ITA,1805,1
Italy,ITA,1806,1
Italy,ITA,1808,1
Italy,ITA,1812,1
Italy,ITA,1818,3
Italy,ITA,1819,1
Italy,ITA,1823,1
Italy,ITA,1828,1
Italy,ITA,1831,2
Italy,ITA,1832,2
Italy,ITA,1834,1
Italy,ITA,1835,1
Italy,ITA,1836,2
Italy,ITA,1837,1
Italy,ITA,1846,2
Italy,ITA,1848,1
Italy,ITA,1851,1
Italy,ITA,1853,2
Italy,ITA,1854,2
Italy,ITA,1856,1
Italy,ITA,1857,2
Italy,ITA,1859,2
Italy,ITA,1861,1
Italy,ITA,1865,1
Italy,ITA,1868,1
Italy,ITA,1870,3
Italy,ITA,1871,1
Italy,ITA,1873,2
Italy,ITA,1875,1
Italy,ITA,1879,1
Italy,ITA,1881,1
Italy,ITA,1882,1
Italy,ITA,1883,1
Italy,ITA,1887,3
Italy,ITA,1889,1
Italy,ITA,1893,1
Italy,ITA,1894,1
Italy,ITA,1895,2
Italy,ITA,1896,1
Italy,ITA,1897,1
Italy,ITA,1898,1
Italy,ITA,1903,2
Italy,ITA,1905,2
Italy,ITA,1906,1
Italy,ITA,1907,2
Italy,ITA,1908,1
Italy,ITA,1909,4
Italy,ITA,1910,1
Italy,ITA,1911,1
Italy,ITA,1913,1
Italy,ITA,1914,2
Italy,ITA,1915,1
Italy,ITA,1916,2
Italy,ITA,1917,4
Italy,ITA,1919,4
Italy,ITA,1920,1
Italy,ITA,1921,3
Italy,ITA,1922,1
Italy,ITA,1923,2
Italy,ITA,1924,2
Italy,ITA,1925,5
Italy,ITA,1926,3
Italy,ITA,1927,7
Italy,ITA,1928,3
Italy,ITA,1930,4
Italy,ITA,1931,7
Italy,ITA,1933,2
Italy,ITA,1935,1
Italy,ITA,1939,1
Italy,ITA,1940,1
Italy,ITA,1941,1
Italy,ITA,1943,1
Italy,ITA,1948,1
Italy,ITA,1949,1
Italy,ITA,1951,1
Italy,ITA,1958,2
Italy,ITA,1959,3
Italy,ITA,1961,1
Italy,ITA,1962,1
Italy,ITA,1963,1
Italy,ITA,1968,3
Italy,ITA,1969,1
Italy,ITA,1971,2
Italy,ITA,1972,2
Italy,ITA,1973,1
Italy,ITA,1976,4
Italy,ITA,1978,2
Italy,ITA,1979,1
Italy,ITA,1980,2
Italy,ITA,1981,1
Italy,ITA,1982,1
Italy,ITA,1983,1
Italy,ITA,1984,3
Italy,ITA,1985,1
Italy,ITA,1987,1
Italy,ITA,1990,2
Italy,ITA,1997,2
Italy,ITA,1998,1
Italy,ITA,2002,3
Italy,ITA,2003,3
Italy,ITA,2004,1
Italy,ITA,2009,2
Italy,ITA,2012,3
Italy,ITA,2016,3
Italy,ITA,2017,2
Italy,ITA,2018,2
Jamaica,JAM,1667,1
Jamaica,JAM,1677,1
Jamaica,JAM,1687,1
Jamaica,JAM,1688,2
Jamaica,JAM,1692,1
Jamaica,JAM,1771,1
Jamaica,JAM,1780,1
Jamaica,JAM,1781,1
Jamaica,JAM,1787,1
Jamaica,JAM,1812,1
Jamaica,JAM,1824,1
Jamaica,JAM,1861,1
Jamaica,JAM,1881,1
Jamaica,JAM,1893,1
Jamaica,JAM,1896,1
Jamaica,JAM,1899,1
Jamaica,JAM,1907,1
Jamaica,JAM,1988,1
Japan,JPN,684,1
Japan,JPN,701,1
Japan,JPN,704,1
Japan,JPN,744,1
Japan,JPN,745,2
Japan,JPN,766,1
Japan,JPN,818,1
Japan,JPN,850,1
Japan,JPN,863,1
Japan,JPN,869,1
Japan,JPN,878,1
Japan,JPN,887,2
Japan,JPN,922,1
Japan,JPN,1026,1
Japan,JPN,1088,1
Japan,JPN,1096,1
Japan,JPN,1099,1
Japan,JPN,1241,1
Japan,JPN,1257,2
Japan,JPN,1293,1
Japan,JPN,1331,1
Japan,JPN,1341,1
Japan,JPN,1360,1
Japan,JPN,1361,1
Japan,JPN,1403,1
Japan,JPN,1406,1
Japan,JPN,1408,1
Japan,JPN,1433,1
Japan,JPN,1448,1
Japan,JPN,1495,1
Japan,JPN,1498,3
Japan,JPN,1510,2
Japan,JPN,1520,1
Japan,JPN,1545,1
Japan,JPN,1586,1
Japan,JPN,1589,1
Japan,JPN,1596,1
Japan,JPN,1597,1
Japan,JPN,1602,1
Japan,JPN,1605,2
Japan,JPN,1611,2
Japan,JPN,1614,1
Japan,JPN,1615,1
Japan,JPN,1616,2
Japan,JPN,1619,1
Japan,JPN,1633,1
Japan,JPN,1640,1
Japan,JPN,1642,1
Japan,JPN,1644,1
Japan,JPN,1646,1
Japan,JPN,1647,1
Japan,JPN,1649,1
Japan,JPN,1659,1
Japan,JPN,1662,2
Japan,JPN,1666,2
Japan,JPN,1667,1
Japan,JPN,1670,1
Japan,JPN,1671,1
Japan,JPN,1676,1
Japan,JPN,1677,2
Japan,JPN,1678,1
Japan,JPN,1680,1
Japan,JPN,1694,1
Japan,JPN,1698,1
Japan,JPN,1700,1
Japan,JPN,1703,1
Japan,JPN,1704,1
Japan,JPN,1707,2
Japan,JPN,1708,1
Japan,JPN,1711,2
Japan,JPN,1714,1
Japan,JPN,1715,1
Japan,JPN,1717,1
Japan,JPN,1726,1
Japan,JPN,1729,1
Japan,JPN,1730,1
Japan,JPN,1731,1
Japan,JPN,1732,1
Japan,JPN,1739,1
Japan,JPN,1751,1
Japan,JPN,1762,1
Japan,JPN,1763,3
Japan,JPN,1766,1
Japan,JPN,1768,1
Japan,JPN,1769,1
Japan,JPN,1770,1
Japan,JPN,1771,1
Japan,JPN,1772,1
Japan,JPN,1782,1
Japan,JPN,1791,1
Japan,JPN,1792,2
Japan,JPN,1793,2
Japan,JPN,1799,1
Japan,JPN,1802,1
Japan,JPN,1804,1
Japan,JPN,1808,1
Japan,JPN,1810,1
Japan,JPN,1812,1
Japan,JPN,1826,1
Japan,JPN,1828,2
Japan,JPN,1830,1
Japan,JPN,1833,1
Japan,JPN,1834,1
Japan,JPN,1835,1
Japan,JPN,1839,1
Japan,JPN,1843,1
Japan,JPN,1846,1
Japan,JPN,1847,1
Japan,JPN,1853,2
Japan,JPN,1854,3
Japan,JPN,1855,3
Japan,JPN,1856,1
Japan,JPN,1857,1
Japan,JPN,1858,3
Japan,JPN,1861,1
Japan,JPN,1863,1
Japan,JPN,1865,1
Japan,JPN,1872,2
Japan,JPN,1876,1
Japan,JPN,1880,1
Japan,JPN,1881,1
Japan,JPN,1889,1
Japan,JPN,1891,1
Japan,JPN,1892,1
Japan,JPN,1893,1
Japan,JPN,1894,3
Japan,JPN,1895,1
Japan,JPN,1896,3
Japan,JPN,1897,4
Japan,JPN,1898,1
Japan,JPN,1899,2
Japan,JPN,1900,1
Japan,JPN,1901,5
Japan,JPN,1904,3
Japan,JPN,1905,3
Japan,JPN,1906,1
Japan,JPN,1909,4
Japan,JPN,1910,2
Japan,JPN,1911,1
Japan,JPN,1912,1
Japan,JPN,1914,3
Japan,JPN,1915,2
Japan,JPN,1916,2
Japan,JPN,1919,1
Japan,JPN,1922,1
Japan,JPN,1923,3
Japan,JPN,1924,1
Japan,JPN,1925,1
Japan,JPN,1926,1
Japan,JPN,1927,3
Japan,JPN,1928,1
Japan,JPN,1929,1
Japan,JPN,1930,1
Japan,JPN,1931,3
Japan,JPN,1933,2
Japan,JPN,1935,4
Japan,JPN,1936,2
Japan,JPN,1938,11
Japan,JPN,1939,2
Japan,JPN,1940,1
Japan,JPN,1941,1
Japan,JPN,1943,2
Japan,JPN,1944,1
Japan,JPN,1945,2
Japan,JPN,1946,1
Japan,JPN,1947,1
Japan,JPN,1948,2
Japan,JPN,1952,2
Japan,JPN,1953,1
Japan,JPN,1954,1
Japan,JPN,1956,2
Japan,JPN,1958,1
Japan,JPN,1959,2
Japan,JPN,1960,3
Japan,JPN,1961,8
Japan,JPN,1962,4
Japan,JPN,1964,4
Japan,JPN,1965,1
Japan,JPN,1968,7
Japan,JPN,1969,2
Japan,JPN,1970,1
Japan,JPN,1971,1
Japan,JPN,1972,2
Japan,JPN,1973,1
Japan,JPN,1974,2
Japan,JPN,1975,2
Japan,JPN,1978,4
Japan,JPN,1979,1
Japan,JPN,1980,2
Japan,JPN,1981,1
Japan,JPN,1982,3
Japan,JPN,1983,6
Japan,JPN,1984,4
Japan,JPN,1987,4
Japan,JPN,1989,3
Japan,JPN,1990,2
Japan,JPN,1992,3
Japan,JPN,1993,4
Japan,JPN,1994,2
Japan,JPN,1995,4
Japan,JPN,1996,4
Japan,JPN,1997,2
Japan,JPN,1998,1
Japan,JPN,2000,5
Japan,JPN,2001,1
Japan,JPN,2002,1
Japan,JPN,2003,6
Japan,JPN,2004,8
Japan,JPN,2005,5
Japan,JPN,2006,3
Japan,JPN,2007,4
Japan,JPN,2008,5
Japan,JPN,2009,2
Japan,JPN,2010,2
Japan,JPN,2011,8
Japan,JPN,2012,2
Japan,JPN,2013,3
Japan,JPN,2014,3
Japan,JPN,2015,4
Japan,JPN,2016,4
Japan,JPN,2017,1
Japan,JPN,2018,4
Japan,JPN,2019,2
Japan,JPN,2021,2
Japan,JPN,2022,1
Japan,JPN,2023,4
Japan,JPN,2024,3
Jordan,JOR,-2150,1
Jordan,JOR,-1050,1
Jordan,JOR,362,1
Jordan,JOR,1834,1
Jordan,JOR,2004,1
Kazakhstan,KAZ,500,1
Kazakhstan,KAZ,1887,1
Kazakhstan,KAZ,1889,1
Kazakhstan,KAZ,1970,1
Kazakhstan,KAZ,1978,1
Kazakhstan,KAZ,1990,3
Kazakhstan,KAZ,2009,1
Kenya,KEN,1928,1
Kenya,KEN,1930,1
Kenya,KEN,1968,1
Kiribati,KIR,1905,1
Kyrgyzstan,KGZ,-250,1
Kyrgyzstan,KGZ,1475,1
Kyrgyzstan,KGZ,1885,1
Kyrgyzstan,KGZ,1911,1
Kyrgyzstan,KGZ,1946,1
Kyrgyzstan,KGZ,1990,1
Kyrgyzstan,KGZ,1992,2
Kyrgyzstan,KGZ,1997,1
Kyrgyzstan,KGZ,2002,1
Kyrgyzstan,KGZ,2006,1
Kyrgyzstan,KGZ,2007,1
Kyrgyzstan,KGZ,2008,2
Kyrgyzstan,KGZ,2015,1
Laos,LAO,2001,1
Laos,LAO,2007,1
Lebanon,LBN,-590,1
Lebanon,LBN,-525,1
Lebanon,LBN,306,1
Lebanon,LBN,348,1
Lebanon,LBN,494,1
Lebanon,LBN,551,1
Lebanon,LBN,553,1
Lebanon,LBN,1063,1
Lebanon,LBN,1171,1
Lebanon,LBN,1339,1
Lebanon,LBN,1656,1
Lebanon,LBN,1759,1
Lebanon,LBN,1956,1
Lebanon,LBN,2008,1
Libya,LBY,704,1
Libya,LBY,1963,1
Low-income countries,OWID_LIC,-2000,1
Low-income countries,OWID_LIC,-1365,1
Low-income countries,OWID_LIC,50,1
Low-income countries,OWID_LIC,501,1
Low-income countries,OWID_LIC,522,1
Low-income countries,OWID_LIC,533,1
Low-income countries,OWID_LIC,552,1
Low-income countries,OWID_LIC,742,1
Low-income countries,OWID_LIC,748,1
Low-income countries,OWID_LIC,818,1
Low-income countries,OWID_LIC,844,1
Low-income countries,OWID_LIC,847,1
Low-income countries,OWID_LIC,951,1
Low-income countries,OWID_LIC,991,1
Low-income countries,OWID_LIC,1033,1
Low-income countries,OWID_LIC,1036,1
Low-income countries,OWID_LIC,1072,1
Low-income countries,OWID_LIC,1076,1
Low-income countries,OWID_LIC,1089,1
Low-income countries,OWID_LIC,1102,1
Low-income countries,OWID_LIC,1151,1
Low-income countries,OWID_LIC,1155,1
Low-income countries,OWID_LIC,1156,1
Low-income countries,OWID_LIC,1157,1
Low-income countries,OWID_LIC,1158,1
Low-income countries,OWID_LIC,1169,1
Low-income countries,OWID_LIC,1182,1
Low-income countries,OWID_LIC,1183,1
Low-income countries,OWID_LIC,1202,1
Low-income countries,OWID_LIC,1284,1
Low-income countries,OWID_LIC,1344,1
Low-income countries,OWID_LIC,1354,1
Low-income countries,OWID_LIC,1358,1
Low-income countries,OWID_LIC,1377,1
Low-income countries,OWID_LIC,1385,1
Low-income countries,OWID_LIC,1387,1
Low-income countries,OWID_LIC,1402,1
Low-income countries,OWID_LIC,1403,1
Low-income countries,OWID_LIC,1404,1
Low-income countries,OWID_LIC,1426,1
Low-income countries,OWID_LIC,1463,1
Low-income countries,OWID_LIC,1505,1
Low-income countries,OWID_LIC,1518,1
Low-income countries,OWID_LIC,1616,1
Low-income countries,OWID_LIC,1631,1
Low-income countries,OWID_LIC,1668,1
Low-income countries,OWID_LIC,1679,1
Low-income countries,OWID_LIC,1727,1
Low-income countries,OWID_LIC,1733,1
Low-income countries,OWID_LIC,1795,1
Low-income countries,OWID_LIC,1796,1
Low-income countries,OWID_LIC,1832,1
Low-income countries,OWID_LIC,1842,2
Low-income countries,OWID_LIC,1845,1
Low-income countries,OWID_LIC,1850,1
Low-income countries,OWID_LIC,1857,1
Low-income countries,OWID_LIC,1861,1
Low-income countries,OWID_LIC,1874,1
Low-income countries,OWID_LIC,1875,1
Low-income countries,OWID_LIC,1884,1
Low-income countries,OWID_LIC,1896,1
Low-income countries,OWID_LIC,1905,1
Low-income countries,OWID_LIC,1906,1
Low-income countries,OWID_LIC,1908,1
Low-income countries,OWID_LIC,1909,1
Low-income countries,OWID_LIC,1911,2
Low-income countries,OWID_LIC,1912,1
Low-income countries,OWID_LIC,1915,1
Low-income countries,OWID_LIC,1921,3
Low-income countries,OWID_LIC,1922,1
Low-income countries,OWID_LIC,1929,1
Low-income countries,OWID_LIC,1937,1
Low-income countries,OWID_LIC,1939,1
Low-income countries,OWID_LIC,1941,1
Low-income countries,OWID_LIC,1945,1
Low-income countries,OWID_LIC,1949,1
Low-income countries,OWID_LIC,1954,1
Low-income countries,OWID_LIC,1956,1
Low-income countries,OWID_LIC,1961,1
Low-income countries,OWID_LIC,1965,1
Low-income countries,OWID_LIC,1966,1
Low-income countries,OWID_LIC,1969,1
Low-income countries,OWID_LIC,1972,1
Low-income countries,OWID_LIC,1973,1
Low-income countries,OWID_LIC,1976,2
Low-income countries,OWID_LIC,1982,2
Low-income countries,OWID_LIC,1983,1
Low-income countries,OWID_LIC,1984,1
Low-income countries,OWID_LIC,1985,1
Low-income countries,OWID_LIC,1989,1
Low-income countries,OWID_LIC,1990,4
Low-income countries,OWID_LIC,1991,4
Low-income countries,OWID_LIC,1993,1
Low-income countries,OWID_LIC,1994,2
Low-income countries,OWID_LIC,1997,1
Low-income countries,OWID_LIC,1998,3
Low-income countries,OWID_LIC,1999,1
Low-income countries,OWID_LIC,2000,1
Low-income countries,OWID_LIC,2001,1
Low-income countries,OWID_LIC,2002,4
Low-income countries,OWID_LIC,2004,4
Low-income countries,OWID_LIC,2005,2
Low-income countries,OWID_LIC,2006,2
Low-income countries,OWID_LIC,2008,2
Low-income countries,OWID_LIC,2009,4
Low-income countries,OWID_LIC,2010,2
Low-income countries,OWID_LIC,2012,1
Low-income countries,OWID_LIC,2013,1
Low-income countries,OWID_LIC,2015,3
Low-income countries,OWID_LIC,2016,2
Low-income countries,OWID_LIC,2017,2
Low-income countries,OWID_LIC,2018,4
Low-income countries,OWID_LIC,2021,1
Low-income countries,OWID_LIC,2022,3
Low-income countries,OWID_LIC,2023,4
Low-income countries,OWID_LIC,2024,1
Lower-middle-income countries,OWID_LMC,-590,1
Lower-middle-income countries,OWID_LMC,-525,1
Lower-middle-income countries,OWID_LMC,-326,1
Lower-middle-income countries,OWID_LMC,-250,1
Lower-middle-income countries,OWID_LMC,-221,1
Lower-middle-income countries,OWID_LMC,-27,1
Lower-middle-income countries,OWID_LMC,25,1
Lower-middle-income countries,OWID_LMC,306,1
Lower-middle-income countries,OWID_LMC,348,1
Lower-middle-income countries,OWID_LMC,412,1
Lower-middle-income countries,OWID_LMC,494,1
Lower-middle-income countries,OWID_LMC,551,1
Lower-middle-income countries,OWID_LMC,553,1
Lower-middle-income countries,OWID_LMC,838,1
Lower-middle-income countries,OWID_LMC,854,1
Lower-middle-income countries,OWID_LMC,856,1
Lower-middle-income countries,OWID_LMC,857,1
Lower-middle-income countries,OWID_LMC,885,1
Lower-middle-income countries,OWID_LMC,942,1
Lower-middle-income countries,OWID_LMC,1040,1
Lower-middle-income countries,OWID_LMC,1063,1
Lower-middle-income countries,OWID_LMC,1070,1
Lower-middle-income countries,OWID_LMC,1171,1
Lower-middle-income countries,OWID_LMC,1212,1
Lower-middle-income countries,OWID_LMC,1255,1
Lower-middle-income countries,OWID_LMC,1276,1
Lower-middle-income countries,OWID_LMC,1339,1
Lower-middle-income countries,OWID_LMC,1390,1
Lower-middle-income countries,OWID_LMC,1467,1
Lower-middle-income countries,OWID_LMC,1475,1
Lower-middle-income countries,OWID_LMC,1481,1
Lower-middle-income countries,OWID_LMC,1485,1
Lower-middle-income countries,OWID_LMC,1490,1
Lower-middle-income countries,OWID_LMC,1498,1
Lower-middle-income countries,OWID_LMC,1501,2
Lower-middle-income countries,OWID_LMC,1505,1
Lower-middle-income countries,OWID_LMC,1524,1
Lower-middle-income countries,OWID_LMC,1530,1
Lower-middle-income countries,OWID_LMC,1539,1
Lower-middle-income countries,OWID_LMC,1541,1
Lower-middle-income countries,OWID_LMC,1543,1
Lower-middle-income countries,OWID_LMC,1555,1
Lower-middle-income countries,OWID_LMC,1579,1
Lower-middle-income countries,OWID_LMC,1582,1
Lower-middle-income countries,OWID_LMC,1588,1
Lower-middle-income countries,OWID_LMC,1610,1
Lower-middle-income countries,OWID_LMC,1618,1
Lower-middle-income countries,OWID_LMC,1620,1
Lower-middle-income countries,OWID_LMC,1624,1
Lower-middle-income countries,OWID_LMC,1636,1
Lower-middle-income countries,OWID_LMC,1641,1
Lower-middle-income countries,OWID_LMC,1644,1
Lower-middle-income countries,OWID_LMC,1648,1
Lower-middle-income countries,OWID_LMC,1650,1
Lower-middle-income countries,OWID_LMC,1656,1
Lower-middle-income countries,OWID_LMC,1660,1
Lower-middle-income countries,OWID_LMC,1662,1
Lower-middle-income countries,OWID_LMC,1663,1
Lower-middle-income countries,OWID_LMC,1668,1
Lower-middle-income countries,OWID_LMC,1669,1
Lower-middle-income countries,OWID_LMC,1678,2
Lower-middle-income countries,OWID_LMC,1688,1
Lower-middle-income countries,OWID_LMC,1696,1
Lower-middle-income countries,OWID_LMC,1701,1
Lower-middle-income countries,OWID_LMC,1713,1
Lower-middle-income countries,OWID_LMC,1714,1
Lower-middle-income countries,OWID_LMC,1719,1
Lower-middle-income countries,OWID_LMC,1720,1
Lower-middle-income countries,OWID_LMC,1731,1
Lower-middle-income countries,OWID_LMC,1737,1
Lower-middle-income countries,OWID_LMC,1750,2
Lower-middle-income countries,OWID_LMC,1751,2
Lower-middle-income countries,OWID_LMC,1754,1
Lower-middle-income countries,OWID_LMC,1755,1
Lower-middle-income countries,OWID_LMC,1757,1
Lower-middle-income countries,OWID_LMC,1758,1
Lower-middle-income countries,OWID_LMC,1759,1
Lower-middle-income countries,OWID_LMC,1762,1
Lower-middle-income countries,OWID_LMC,1764,1
Lower-middle-income countries,OWID_LMC,1766,1
Lower-middle-income countries,OWID_LMC,1768,1
Lower-middle-income countries,OWID_LMC,1770,1
Lower-middle-income countries,OWID_LMC,1773,1
Lower-middle-income countries,OWID_LMC,1775,3
Lower-middle-income countries,OWID_LMC,1777,1
Lower-middle-income countries,OWID_LMC,1784,2
Lower-middle-income countries,OWID_LMC,1786,1
Lower-middle-income countries,OWID_LMC,1788,1
Lower-middle-income countries,OWID_LMC,1791,1
Lower-middle-income countries,OWID_LMC,1793,1
Lower-middle-income countries,OWID_LMC,1794,1
Lower-middle-income countries,OWID_LMC,1797,1
Lower-middle-income countries,OWID_LMC,1799,1
Lower-middle-income countries,OWID_LMC,1802,1
Lower-middle-income countries,OWID_LMC,1803,1
Lower-middle-income countries,OWID_LMC,1805,1
Lower-middle-income countries,OWID_LMC,1808,1
Lower-middle-income countries,OWID_LMC,1812,1
Lower-middle-income countries,OWID_LMC,1819,1
Lower-middle-income countries,OWID_LMC,1820,2
Lower-middle-income countries,OWID_LMC,1821,1
Lower-middle-income countries,OWID_LMC,1823,1
Lower-middle-income countries,OWID_LMC,1827,1
Lower-middle-income countries,OWID_LMC,1828,1
Lower-middle-income countries,OWID_LMC,1833,2
Lower-middle-income countries,OWID_LMC,1834,1
Lower-middle-income countries,OWID_LMC,1837,1
Lower-middle-income countries,OWID_LMC,1838,1
Lower-middle-income countries,OWID_LMC,1839,2
Lower-middle-income countries,OWID_LMC,1842,2
Lower-middle-income countries,OWID_LMC,1843,1
Lower-middle-income countries,OWID_LMC,1844,2
Lower-middle-income countries,OWID_LMC,1845,1
Lower-middle-income countries,OWID_LMC,1846,1
Lower-middle-income countries,OWID_LMC,1847,2
Lower-middle-income countries,OWID_LMC,1848,1
Lower-middle-income countries,OWID_LMC,1849,2
Lower-middle-income countries,OWID_LMC,1851,1
Lower-middle-income countries,OWID_LMC,1852,1
Lower-middle-income countries,OWID_LMC,1853,1
Lower-middle-income countries,OWID_LMC,1855,1
Lower-middle-income countries,OWID_LMC,1856,1
Lower-middle-income countries,OWID_LMC,1857,1
Lower-middle-income countries,OWID_LMC,1858,1
Lower-middle-income countries,OWID_LMC,1860,2
Lower-middle-income countries,OWID_LMC,1862,1
Lower-middle-income countries,OWID_LMC,1863,1
Lower-middle-income countries,OWID_LMC,1864,1
Lower-middle-income countries,OWID_LMC,1866,1
Lower-middle-income countries,OWID_LMC,1867,1
Lower-middle-income countries,OWID_LMC,1868,3
Lower-middle-income countries,OWID_LMC,1869,3
Lower-middle-income countries,OWID_LMC,1870,3
Lower-middle-income countries,OWID_LMC,1872,1
Lower-middle-income countries,OWID_LMC,1873,1
Lower-middle-income countries,OWID_LMC,1874,3
Lower-middle-income countries,OWID_LMC,1875,3
Lower-middle-income countries,OWID_LMC,1878,6
Lower-middle-income countries,OWID_LMC,1879,3
Lower-middle-income countries,OWID_LMC,1881,2
Lower-middle-income countries,OWID_LMC,1884,2
Lower-middle-income countries,OWID_LMC,1885,5
Lower-middle-income countries,OWID_LMC,1886,1
Lower-middle-income countries,OWID_LMC,1887,1
Lower-middle-income countries,OWID_LMC,1888,1
Lower-middle-income countries,OWID_LMC,1889,1
Lower-middle-income countries,OWID_LMC,1892,2
Lower-middle-income countries,OWID_LMC,1893,1
Lower-middle-income countries,OWID_LMC,1894,2
Lower-middle-income countries,OWID_LMC,1895,1
Lower-middle-income countries,OWID_LMC,1897,1
Lower-middle-income countries,OWID_LMC,1898,1
Lower-middle-income countries,OWID_LMC,1899,4
Lower-middle-income countries,OWID_LMC,1900,5
Lower-middle-income countries,OWID_LMC,1901,1
Lower-middle-income countries,OWID_LMC,1902,2
Lower-middle-income countries,OWID_LMC,1903,1
Lower-middle-income countries,OWID_LMC,1905,7
Lower-middle-income countries,OWID_LMC,1906,5
Lower-middle-income countries,OWID_LMC,1907,3
Lower-middle-income countries,OWID_LMC,1908,1
Lower-middle-income countries,OWID_LMC,1909,8
Lower-middle-income countries,OWID_LMC,1910,9
Lower-middle-income countries,OWID_LMC,1911,3
Lower-middle-income countries,OWID_LMC,1912,1
Lower-middle-income countries,OWID_LMC,1913,4
Lower-middle-income countries,OWID_LMC,1914,1
Lower-middle-income countries,OWID_LMC,1916,6
Lower-middle-income countries,OWID_LMC,1917,1
Lower-middle-income countries,OWID_LMC,1918,2
Lower-middle-income countries,OWID_LMC,1919,4
Lower-middle-income countries,OWID_LMC,1920,1
Lower-middle-income countries,OWID_LMC,1921,1
Lower-middle-income countries,OWID_LMC,1922,2
Lower-middle-income countries,OWID_LMC,1923,3
Lower-middle-income countries,OWID_LMC,1925,2
Lower-middle-income countries,OWID_LMC,1926,5
Lower-middle-income countries,OWID_LMC,1928,1
Lower-middle-income countries,OWID_LMC,1929,3
Lower-middle-income countries,OWID_LMC,1930,10
Lower-middle-income countries,OWID_LMC,1931,7
Lower-middle-income countries,OWID_LMC,1932,2
Lower-middle-income countries,OWID_LMC,1933,3
Lower-middle-income countries,OWID_LMC,1934,5
Lower-middle-income countries,OWID_LMC,1935,3
Lower-middle-income countries,OWID_LMC,1937,2
Lower-middle-income countries,OWID_LMC,1938,4
Lower-middle-income countries,OWID_LMC,1939,3
Lower-middle-income countries,OWID_LMC,1940,1
Lower-middle-income countries,OWID_LMC,1941,3
Lower-middle-income countries,OWID_LMC,1943,1
Lower-middle-income countries,OWID_LMC,1944,2
Lower-middle-income countries,OWID_LMC,1945,3
Lower-middle-income countries,OWID_LMC,1946,4
Lower-middle-income countries,OWID_LMC,1947,5
Lower-middle-income countries,OWID_LMC,1948,1
Lower-middle-income countries,OWID_LMC,1949,2
Lower-middle-income countries,OWID_LMC,1950,4
Lower-middle-income countries,OWID_LMC,1951,4
Lower-middle-income countries,OWID_LMC,1952,2
Lower-middle-income countries,OWID_LMC,1953,4
Lower-middle-income countries,OWID_LMC,1954,1
Lower-middle-income countries,OWID_LMC,1955,7
Lower-middle-income countries,OWID_LMC,1956,4
Lower-middle-income countries,OWID_LMC,1957,4
Lower-middle-income countries,OWID_LMC,1958,1
Lower-middle-income countries,OWID_LMC,1959,2
Lower-middle-income countries,OWID_LMC,1960,4
Lower-middle-income countries,OWID_LMC,1961,3
Lower-middle-income countries,OWID_LMC,1962,1
Lower-middle-income countries,OWID_LMC,1963,4
Lower-middle-income countries,OWID_LMC,1964,3
Lower-middle-income countries,OWID_LMC,1965,2
Lower-middle-income countries,OWID_LMC,1966,7
Lower-middle-income countries,OWID_LMC,1967,3
Lower-middle-income countries,OWID_LMC,1968,5
Lower-middle-income countries,OWID_LMC,1969,3
Lower-middle-income countries,OWID_LMC,1970,4
Lower-middle-income countries,OWID_LMC,1971,4
Lower-middle-income countries,OWID_LMC,1972,2
Lower-middle-income countries,OWID_LMC,1973,2
Lower-middle-income countries,OWID_LMC,1974,4
Lower-middle-income countries,OWID_LMC,1975,5
Lower-middle-income countries,OWID_LMC,1976,2
Lower-middle-income countries,OWID_LMC,1977,6
Lower-middle-income countries,OWID_LMC,1978,2
Lower-middle-income countries,OWID_LMC,1979,1
Lower-middle-income countries,OWID_LMC,1980,8
Lower-middle-income countries,OWID_LMC,1981,3
Lower-middle-income countries,OWID_LMC,1982,4
Lower-middle-income countries,OWID_LMC,1983,5
Lower-middle-income countries,OWID_LMC,1984,6
Lower-middle-income countries,OWID_LMC,1985,7
Lower-middle-income countries,OWID_LMC,1986,6
Lower-middle-income countries,OWID_LMC,1987,5
Lower-middle-income countries,OWID_LMC,1988,7
Lower-middle-income countries,OWID_LMC,1989,5
Lower-middle-income countries,OWID_LMC,1990,6
Lower-middle-income countries,OWID_LMC,1991,6
Lower-middle-income countries,OWID_LMC,1992,8
Lower-middle-income countries,OWID_LMC,1993,4
Lower-middle-income countries,OWID_LMC,1994,5
Lower-middle-income countries,OWID_LMC,1995,3
Lower-middle-income countries,OWID_LMC,1996,1
Lower-middle-income countries,OWID_LMC,1997,7
Lower-middle-income countries,OWID_LMC,1998,2
Lower-middle-income countries,OWID_LMC,1999,3
Lower-middle-income countries,OWID_LMC,2000,7
Lower-middle-income countries,OWID_LMC,2001,3
Lower-middle-income countries,OWID_LMC,2002,16
Lower-middle-income countries,OWID_LMC,2003,4
Lower-middle-income countries,OWID_LMC,2004,5
Lower-middle-income countries,OWID_LMC,2005,12
Lower-middle-income countries,OWID_LMC,2006,10
Lower-middle-income countries,OWID_LMC,2007,13
Lower-middle-income countries,OWID_LMC,2008,14
Lower-middle-income countries,OWID_LMC,2009,19
Lower-middle-income countries,OWID_LMC,2010,18
Lower-middle-income countries,OWID_LMC,2011,13
Lower-middle-income countries,OWID_LMC,2012,10
Lower-middle-income countries,OWID_LMC,2013,8
Lower-middle-income countries,OWID_LMC,2014,7
Lower-middle-income countries,OWID_LMC,2015,15
Lower-middle-income countries,OWID_LMC,2016,15
Lower-middle-income countries,OWID_LMC,2017,9
Lower-middle-income countries,OWID_LMC,2018,12
Lower-middle-income countries,OWID_LMC,2019,6
Lower-middle-income countries,OWID_LMC,2020,1
Lower-middle-income countries,OWID_LMC,2021,6
Lower-middle-income countries,OWID_LMC,2022,4
Lower-middle-income countries,OWID_LMC,2023,12
Lower-middle-income countries,OWID_LMC,2024,5
Madagascar,MDG,2017,1
Malawi,MWI,1989,1
Malawi,MWI,2006,1
Malawi,MWI,2009,2
Malaysia,MYS,1976,1
Malaysia,MYS,1991,1
Malaysia,MYS,2015,1
Martinique,MTQ,1702,1
Martinique,MTQ,1727,1
Martinique,MTQ,1766,1
Martinique,MTQ,1767,1
Martinique,MTQ,1823,1
Martinique,MTQ,1824,1
Martinique,MTQ,1827,1
Martinique,MTQ,1839,1
Martinique,MTQ,1906,1
Martinique,MTQ,2007,1
Mexico,MEX,1475,1
Mexico,MEX,1523,1
Mexico,MEX,1537,1
Mexico,MEX,1538,1
Mexico,MEX,1542,1
Mexico,MEX,1563,1
Mexico,MEX,1568,1
Mexico,MEX,1573,1
Mexico,MEX,1603,1
Mexico,MEX,1604,1
Mexico,MEX,1608,1
Mexico,MEX,1611,1
Mexico,MEX,1616,1
Mexico,MEX,1620,1
Mexico,MEX,1622,1
Mexico,MEX,1662,1
Mexico,MEX,1667,1
Mexico,MEX,1682,1
Mexico,MEX,1697,1
Mexico,MEX,1701,1
Mexico,MEX,1711,1
Mexico,MEX,1714,1
Mexico,MEX,1716,1
Mexico,MEX,1727,1
Mexico,MEX,1731,1
Mexico,MEX,1732,1
Mexico,MEX,1739,1
Mexico,MEX,1740,1
Mexico,MEX,1749,1
Mexico,MEX,1750,1
Mexico,MEX,1754,1
Mexico,MEX,1759,1
Mexico,MEX,1774,1
Mexico,MEX,1776,1
Mexico,MEX,1777,1
Mexico,MEX,1784,2
Mexico,MEX,1787,2
Mexico,MEX,1795,1
Mexico,MEX,1800,1
Mexico,MEX,1801,1
Mexico,MEX,1806,1
Mexico,MEX,1810,1
Mexico,MEX,1815,1
Mexico,MEX,1816,1
Mexico,MEX,1818,2
Mexico,MEX,1820,1
Mexico,MEX,1830,1
Mexico,MEX,1833,1
Mexico,MEX,1834,1
Mexico,MEX,1837,3
Mexico,MEX,1845,2
Mexico,MEX,1847,1
Mexico,MEX,1848,1
Mexico,MEX,1852,3
Mexico,MEX,1854,3
Mexico,MEX,1855,2
Mexico,MEX,1856,1
Mexico,MEX,1858,2
Mexico,MEX,1864,1
Mexico,MEX,1866,1
Mexico,MEX,1868,4
Mexico,MEX,1870,1
Mexico,MEX,1871,1
Mexico,MEX,1872,1
Mexico,MEX,1874,1
Mexico,MEX,1875,3
Mexico,MEX,1878,2
Mexico,MEX,1882,1
Mexico,MEX,1887,3
Mexico,MEX,1889,2
Mexico,MEX,1891,1
Mexico,MEX,1892,1
Mexico,MEX,1896,1
Mexico,MEX,1897,2
Mexico,MEX,1899,1
Mexico,MEX,1900,2
Mexico,MEX,1902,3
Mexico,MEX,1903,2
Mexico,MEX,1905,1
Mexico,MEX,1906,1
Mexico,MEX,1907,2
Mexico,MEX,1908,2
Mexico,MEX,1909,2
Mexico,MEX,1910,1
Mexico,MEX,1911,2
Mexico,MEX,1912,3
Mexico,MEX,1914,1
Mexico,MEX,1917,1
Mexico,MEX,1920,1
Mexico,MEX,1921,1
Mexico,MEX,1925,1
Mexico,MEX,1928,5
Mexico,MEX,1931,1
Mexico,MEX,1932,3
Mexico,MEX,1933,2
Mexico,MEX,1934,2
Mexico,MEX,1935,1
Mexico,MEX,1937,3
Mexico,MEX,1938,2
Mexico,MEX,1941,1
Mexico,MEX,1942,1
Mexico,MEX,1943,1
Mexico,MEX,1948,1
Mexico,MEX,1950,2
Mexico,MEX,1951,1
Mexico,MEX,1954,1
Mexico,MEX,1956,1
Mexico,MEX,1957,1
Mexico,MEX,1959,2
Mexico,MEX,1962,2
Mexico,MEX,1964,1
Mexico,MEX,1965,1
Mexico,MEX,1968,2
Mexico,MEX,1973,2
Mexico,MEX,1976,1
Mexico,MEX,1978,2
Mexico,MEX,1979,1
Mexico,MEX,1980,2
Mexico,MEX,1981,1
Mexico,MEX,1982,2
Mexico,MEX,1983,1
Mexico,MEX,1985,2
Mexico,MEX,1989,1
Mexico,MEX,1995,2
Mexico,MEX,1996,1
Mexico,MEX,1997,1
Mexico,MEX,1998,1
Mexico,MEX,1999,3
Mexico,MEX,2002,4
Mexico,MEX,2003,1
Mexico,MEX,2004,1
Mexico,MEX,2006,1
Mexico,MEX,2007,1
Mexico,MEX,2008,1
Mexico,MEX,2009,1
Mexico,MEX,2010,2
Mexico,MEX,2011,1
Mexico,MEX,2012,1
Mexico,MEX,2013,2
Mexico,MEX,2014,4
Mexico,MEX,2015,1
Mexico,MEX,2017,3
Mexico,MEX,2018,1
Mexico,MEX,2019,1
Mexico,MEX,2020,1
Mexico,MEX,2021,1
Mexico,MEX,2022,3
Micronesia (country),FSM,1911,1
Micronesia (country),FSM,1912,3
Mongolia,MNG,1903,1
Mongolia,MNG,1905,2
Mongolia,MNG,1957,1
Mongolia,MNG,1967,1
Mongolia,MNG,1974,1
Montenegro,MNE,1563,1
Montenegro,MNE,1608,2
Montenegro,MNE,1780,1
Montenegro,MNE,1853,1
Montenegro,MNE,1926,1
Montenegro,MNE,1968,1
Montenegro,MNE,1979,2
Montenegro,MNE,2018,1
Montserrat,MSR,1897,1
Morocco,MAR,1276,1
Morocco,MAR,1579,1
Morocco,MAR,1624,1
Morocco,MAR,1660,1
Morocco,MAR,1719,1
Morocco,MAR,1731,1
Morocco,MAR,1755,1
Morocco,MAR,1757,1
Morocco,MAR,1773,1
Morocco,MAR,1777,1
Morocco,MAR,1791,1
Morocco,MAR,1808,1
Morocco,MAR,1821,1
Morocco,MAR,1848,1
Morocco,MAR,1909,1
Morocco,MAR,1910,1
Morocco,MAR,1926,1
Morocco,MAR,1960,1
Morocco,MAR,2004,1
Morocco,MAR,2016,1
Morocco,MAR,2023,1
Mozambique,MOZ,2006,1
Mozambique,MOZ,2017,1
Mozambique,MOZ,2018,1
Myanmar,MMR,1467,1
Myanmar,MMR,1485,1
Myanmar,MMR,1501,1
Myanmar,MMR,1588,1
Myanmar,MMR,1696,1
Myanmar,MMR,1714,1
Myanmar,MMR,1750,1
Myanmar,MMR,1838,1
Myanmar,MMR,1839,1
Myanmar,MMR,1858,1
Myanmar,MMR,1895,1
Myanmar,MMR,1908,1
Myanmar,MMR,1912,1
Myanmar,MMR,1929,2
Myanmar,MMR,1930,4
Myanmar,MMR,1931,2
Myanmar,MMR,1932,1
Myanmar,MMR,1946,2
Myanmar,MMR,1954,1
Myanmar,MMR,1956,1
Myanmar,MMR,1975,1
Myanmar,MMR,1988,1
Myanmar,MMR,1991,1
Myanmar,MMR,1995,1
Myanmar,MMR,2000,1
Myanmar,MMR,2003,1
Myanmar,MMR,2008,1
Myanmar,MMR,2009,1
Myanmar,MMR,2011,3
Myanmar,MMR,2012,1
Myanmar,MMR,2016,2
Myanmar,MMR,2017,1
Myanmar,MMR,2023,1
Nepal,NPL,1255,1
Nepal,NPL,1505,1
Nepal,NPL,1833,1
Nepal,NPL,1866,1
Nepal,NPL,1869,1
Nepal,NPL,1916,1
Nepal,NPL,1934,1
Nepal,NPL,1966,1
Nepal,NPL,1980,1
Nepal,NPL,1988,1
Nepal,NPL,1993,1
Nepal,NPL,2011,1
Nepal,NPL,2015,2
Nepal,NPL,2016,1
Nepal,NPL,2017,1
Nepal,NPL,2022,1
Nepal,NPL,2023,3
Nepal,NPL,2024,1
Netherlands,NLD,1992,1
Netherlands,NLD,2018,1
Netherlands,NLD,2019,1
New Caledonia,NCL,1875,1
New Caledonia,NCL,1901,1
New Caledonia,NCL,1920,1
New Caledonia,NCL,1928,1
New Caledonia,NCL,1943,1
New Caledonia,NCL,1944,1
New Caledonia,NCL,1972,1
New Caledonia,NCL,1995,1
New Caledonia,NCL,2003,1
New Caledonia,NCL,2004,1
New Caledonia,NCL,2008,1
New Caledonia,NCL,2011,2
New Caledonia,NCL,2012,1
New Caledonia,NCL,2016,1
New Caledonia,NCL,2017,5
New Caledonia,NCL,2018,3
New Caledonia,NCL,2021,1
New Caledonia,NCL,2022,2
New Caledonia,NCL,2023,2
New Zealand,NZL,1826,1
New Zealand,NZL,1831,1
New Zealand,NZL,1843,1
New Zealand,NZL,1845,1
New Zealand,NZL,1848,3
New Zealand,NZL,1855,2
New Zealand,NZL,1868,1
New Zealand,NZL,1880,1
New Zealand,NZL,1888,1
New Zealand,NZL,1891,1
New Zealand,NZL,1895,1
New Zealand,NZL,1897,1
New Zealand,NZL,1904,1
New Zealand,NZL,1905,2
New Zealand,NZL,1913,1
New Zealand,NZL,1914,1
New Zealand,NZL,1917,2
New Zealand,NZL,1922,1
New Zealand,NZL,1929,1
New Zealand,NZL,1931,3
New Zealand,NZL,1932,2
New Zealand,NZL,1934,1
New Zealand,NZL,1943,1
New Zealand,NZL,1947,2
New Zealand,NZL,1950,1
New Zealand,NZL,1955,1
New Zealand,NZL,1956,1
New Zealand,NZL,1959,1
New Zealand,NZL,1961,1
New Zealand,NZL,1968,2
New Zealand,NZL,1970,1
New Zealand,NZL,1973,1
New Zealand,NZL,1976,2
New Zealand,NZL,1978,1
New Zealand,NZL,1979,1
New Zealand,NZL,1980,1
New Zealand,NZL,1981,1
New Zealand,NZL,1986,1
New Zealand,NZL,1987,1
New Zealand,NZL,1990,1
New Zealand,NZL,1991,1
New Zealand,NZL,1993,1
New Zealand,NZL,1994,1
New Zealand,NZL,1995,1
New Zealand,NZL,2003,2
New Zealand,NZL,2004,2
New Zealand,NZL,2005,1
New Zealand,NZL,2007,4
New Zealand,NZL,2008,1
New Zealand,NZL,2009,1
New Zealand,NZL,2010,5
New Zealand,NZL,2011,6
New Zealand,NZL,2013,3
New Zealand,NZL,2014,2
New Zealand,NZL,2016,2
New Zealand,NZL,2019,1
New Zealand,NZL,2020,2
New Zealand,NZL,2021,3
New Zealand,NZL,2022,2
New Zealand,NZL,2023,2
Nicaragua,NIC,1648,1
Nicaragua,NIC,1663,1
Nicaragua,NIC,1844,2
Nicaragua,NIC,1870,1
Nicaragua,NIC,1881,1
Nicaragua,NIC,1885,1
Nicaragua,NIC,1898,1
Nicaragua,NIC,1901,1
Nicaragua,NIC,1916,1
Nicaragua,NIC,1919,1
Nicaragua,NIC,1921,1
Nicaragua,NIC,1922,1
Nicaragua,NIC,1925,1
Nicaragua,NIC,1926,1
Nicaragua,NIC,1930,1
Nicaragua,NIC,1931,1
Nicaragua,NIC,1937,1
Nicaragua,NIC,1938,2
Nicaragua,NIC,1940,1
Nicaragua,NIC,1947,1
Nicaragua,NIC,1951,2
Nicaragua,NIC,1955,1
Nicaragua,NIC,1956,1
Nicaragua,NIC,1963,1
Nicaragua,NIC,1968,1
Nicaragua,NIC,1972,1
Nicaragua,NIC,1985,1
Nicaragua,NIC,1992,1
Nicaragua,NIC,2000,1
Nicaragua,NIC,2004,1
Nicaragua,NIC,2009,1
Nicaragua,NIC,2012,1
Nicaragua,NIC,2014,2
Nicaragua,NIC,2016,2
North America,OWID_NAM,1475,1
North America,OWID_NAM,1500,1
North America,OWID_NAM,1502,1
North America,OWID_NAM,1523,1
North America,OWID_NAM,1537,1
North America,OWID_NAM,1538,1
North America,OWID_NAM,1539,1
North America,OWID_NAM,1542,1
North America,OWID_NAM,1563,1
North America,OWID_NAM,1564,1
North America,OWID_NAM,1565,1
North America,OWID_NAM,1566,1
North America,OWID_NAM,1568,1
North America,OWID_NAM,1573,1
North America,OWID_NAM,1575,1
North America,OWID_NAM,1576,1
North America,OWID_NAM,1579,1
North America,OWID_NAM,1581,1
North America,OWID_NAM,1586,1
North America,OWID_NAM,1594,1
North America,OWID_NAM,1603,1
North America,OWID_NAM,1604,1
North America,OWID_NAM,1607,1
North America,OWID_NAM,1608,1
North America,OWID_NAM,1611,1
North America,OWID_NAM,1615,1
North America,OWID_NAM,1616,1
North America,OWID_NAM,1620,1
North America,OWID_NAM,1621,1
North America,OWID_NAM,1622,1
North America,OWID_NAM,1648,1
North America,OWID_NAM,1659,1
North America,OWID_NAM,1662,1
North America,OWID_NAM,1663,2
North America,OWID_NAM,1667,2
North America,OWID_NAM,1668,1
North America,OWID_NAM,1673,1
North America,OWID_NAM,1677,1
North America,OWID_NAM,1678,1
North America,OWID_NAM,1682,2
North America,OWID_NAM,1684,1
North America,OWID_NAM,1687,1
North America,OWID_NAM,1688,2
North America,OWID_NAM,1689,1
North America,OWID_NAM,1690,1
North America,OWID_NAM,1691,1
North America,OWID_NAM,1692,1
North America,OWID_NAM,1693,1
North America,OWID_NAM,1697,1
North America,OWID_NAM,1700,1
North America,OWID_NAM,1701,2
North America,OWID_NAM,1702,1
North America,OWID_NAM,1707,1
North America,OWID_NAM,1711,1
North America,OWID_NAM,1714,1
North America,OWID_NAM,1716,1
North America,OWID_NAM,1717,1
North America,OWID_NAM,1719,1
North America,OWID_NAM,1727,3
North America,OWID_NAM,1731,1
North America,OWID_NAM,1732,1
North America,OWID_NAM,1739,1
North America,OWID_NAM,1740,1
North America,OWID_NAM,1746,1
North America,OWID_NAM,1749,1
North America,OWID_NAM,1750,1
North America,OWID_NAM,1751,4
North America,OWID_NAM,1754,1
North America,OWID_NAM,1755,1
North America,OWID_NAM,1759,1
North America,OWID_NAM,1760,1
North America,OWID_NAM,1764,1
North America,OWID_NAM,1765,2
North America,OWID_NAM,1766,2
North America,OWID_NAM,1767,1
North America,OWID_NAM,1770,1
North America,OWID_NAM,1771,1
North America,OWID_NAM,1773,2
North America,OWID_NAM,1774,2
North America,OWID_NAM,1775,3
North America,OWID_NAM,1776,3
North America,OWID_NAM,1777,1
North America,OWID_NAM,1780,1
North America,OWID_NAM,1781,1
North America,OWID_NAM,1783,1
North America,OWID_NAM,1784,3
North America,OWID_NAM,1787,3
North America,OWID_NAM,1788,3
North America,OWID_NAM,1791,1
North America,OWID_NAM,1792,1
North America,OWID_NAM,1793,1
North America,OWID_NAM,1795,2
North America,OWID_NAM,1798,2
North America,OWID_NAM,1800,1
North America,OWID_NAM,1801,1
North America,OWID_NAM,1802,1
North America,OWID_NAM,1806,2
North America,OWID_NAM,1810,2
North America,OWID_NAM,1811,2
North America,OWID_NAM,1812,5
North America,OWID_NAM,1815,1
North America,OWID_NAM,1816,2
North America,OWID_NAM,1817,1
North America,OWID_NAM,1818,2
North America,OWID_NAM,1820,3
North America,OWID_NAM,1822,2
North America,OWID_NAM,1823,2
North America,OWID_NAM,1824,3
North America,OWID_NAM,1825,1
North America,OWID_NAM,1826,1
North America,OWID_NAM,1827,1
North America,OWID_NAM,1830,2
North America,OWID_NAM,1831,2
North America,OWID_NAM,1833,1
North America,OWID_NAM,1834,1
North America,OWID_NAM,1836,1
North America,OWID_NAM,1837,3
North America,OWID_NAM,1838,1
North America,OWID_NAM,1839,3
North America,OWID_NAM,1840,1
North America,OWID_NAM,1841,1
North America,OWID_NAM,1842,2
North America,OWID_NAM,1843,1
North America,OWID_NAM,1844,3
North America,OWID_NAM,1845,2
North America,OWID_NAM,1847,1
North America,OWID_NAM,1848,1
North America,OWID_NAM,1851,3
North America,OWID_NAM,1852,5
North America,OWID_NAM,1853,1
North America,OWID_NAM,1854,9
North America,OWID_NAM,1855,6
North America,OWID_NAM,1856,3
North America,OWID_NAM,1857,1
North America,OWID_NAM,1858,3
North America,OWID_NAM,1859,3
North America,OWID_NAM,1860,2
North America,OWID_NAM,1861,2
North America,OWID_NAM,1862,2
North America,OWID_NAM,1864,3
North America,OWID_NAM,1865,3
North America,OWID_NAM,1866,2
North America,OWID_NAM,1868,7
North America,OWID_NAM,1869,2
North America,OWID_NAM,1870,6
North America,OWID_NAM,1871,5
North America,OWID_NAM,1872,4
North America,OWID_NAM,1873,4
North America,OWID_NAM,1874,2
North America,OWID_NAM,1875,3
North America,OWID_NAM,1877,1
North America,OWID_NAM,1878,5
North America,OWID_NAM,1879,2
North America,OWID_NAM,1880,3
North America,OWID_NAM,1881,3
North America,OWID_NAM,1882,3
North America,OWID_NAM,1884,5
North America,OWID_NAM,1885,1
North America,OWID_NAM,1886,1
North America,OWID_NAM,1887,4
North America,OWID_NAM,1888,2
North America,OWID_NAM,1889,2
North America,OWID_NAM,1891,2
North America,OWID_NAM,1892,3
North America,OWID_NAM,1893,1
North America,OWID_NAM,1895,2
North America,OWID_NAM,1896,2
North America,OWID_NAM,1897,5
North America,OWID_NAM,1898,4
North America,OWID_NAM,1899,6
North America,OWID_NAM,1900,5
North America,OWID_NAM,1901,3
North America,OWID_NAM,1902,9
North America,OWID_NAM,1903,3
North America,OWID_NAM,1904,2
North America,OWID_NAM,1905,3
North America,OWID_NAM,1906,6
North America,OWID_NAM,1907,5
North America,OWID_NAM,1908,4
North America,OWID_NAM,1909,4
North America,OWID_NAM,1910,4
North America,OWID_NAM,1911,3
North America,OWID_NAM,1912,4
North America,OWID_NAM,1913,1
North America,OWID_NAM,1914,1
North America,OWID_NAM,1915,4
North America,OWID_NAM,1916,6
North America,OWID_NAM,1917,4
North America,OWID_NAM,1918,2
North America,OWID_NAM,1919,2
North America,OWID_NAM,1920,1
North America,OWID_NAM,1921,4
North America,OWID_NAM,1922,2
North America,OWID_NAM,1923,1
North America,OWID_NAM,1924,1
North America,OWID_NAM,1925,5
North America,OWID_NAM,1926,2
North America,OWID_NAM,1927,3
North America,OWID_NAM,1928,6
North America,OWID_NAM,1929,5
North America,OWID_NAM,1930,2
North America,OWID_NAM,1931,2
North America,OWID_NAM,1932,9
North America,OWID_NAM,1933,5
North America,OWID_NAM,1934,6
North America,OWID_NAM,1935,3
North America,OWID_NAM,1936,1
North America,OWID_NAM,1937,5
North America,OWID_NAM,1938,6
North America,OWID_NAM,1939,1
North America,OWID_NAM,1940,4
North America,OWID_NAM,1941,4
North America,OWID_NAM,1942,2
North America,OWID_NAM,1943,1
North America,OWID_NAM,1944,1
North America,OWID_NAM,1946,5
North America,OWID_NAM,1947,2
North America,OWID_NAM,1948,2
North America,OWID_NAM,1949,3
North America,OWID_NAM,1950,5
North America,OWID_NAM,1951,6
North America,OWID_NAM,1952,6
North America,OWID_NAM,1953,2
North America,OWID_NAM,1954,5
North America,OWID_NAM,1955,3
North America,OWID_NAM,1956,2
North America,OWID_NAM,1957,4
North America,OWID_NAM,1958,1
North America,OWID_NAM,1959,3
North America,OWID_NAM,1961,1
North America,OWID_NAM,1962,6
North America,OWID_NAM,1963,1
North America,OWID_NAM,1964,2
North America,OWID_NAM,1965,6
North America,OWID_NAM,1968,3
North America,OWID_NAM,1969,2
North America,OWID_NAM,1970,2
North America,OWID_NAM,1971,4
North America,OWID_NAM,1972,2
North America,OWID_NAM,1973,5
North America,OWID_NAM,1974,1
North America,OWID_NAM,1975,4
North America,OWID_NAM,1976,4
North America,OWID_NAM,1978,4
North America,OWID_NAM,1979,6
North America,OWID_NAM,1980,9
North America,OWID_NAM,1981,2
North America,OWID_NAM,1982,7
North America,OWID_NAM,1983,7
North America,OWID_NAM,1984,3
North America,OWID_NAM,1985,5
North America,OWID_NAM,1986,7
North America,OWID_NAM,1987,5
North America,OWID_NAM,1988,4
North America,OWID_NAM,1989,4
North America,OWID_NAM,1990,4
North America,OWID_NAM,1991,6
North America,OWID_NAM,1992,7
North America,OWID_NAM,1993,4
North America,OWID_NAM,1994,6
North America,OWID_NAM,1995,3
North America,OWID_NAM,1996,3
North America,OWID_NAM,1997,2
North America,OWID_NAM,1998,2
North America,OWID_NAM,1999,5
North America,OWID_NAM,2000,3
North America,OWID_NAM,2001,6
North America,OWID_NAM,2002,8
North America,OWID_NAM,2003,10
North America,OWID_NAM,2004,8
North America,OWID_NAM,2005,3
North America,OWID_NAM,2006,5
North America,OWID_NAM,2007,9
North America,OWID_NAM,2008,9
North America,OWID_NAM,2009,5
North America,OWID_NAM,2010,7
North America,OWID_NAM,2011,10
North America,OWID_NAM,2012,5
North America,OWID_NAM,2013,6
North America,OWID_NAM,2014,13
North America,OWID_NAM,2015,4
North America,OWID_NAM,2016,5
North America,OWID_NAM,2017,8
North America,OWID_NAM,2018,8
North America,OWID_NAM,2019,4
North America,OWID_NAM,2020,6
North America,OWID_NAM,2021,3
North America,OWID_NAM,2022,6
North America,OWID_NAM,2023,2
North America,OWID_NAM,2024,3
North Korea,PRK,501,1
North Korea,PRK,1036,1
North Korea,PRK,1385,1
North Korea,PRK,1518,1
North Korea,PRK,1668,1
North Korea,PRK,1727,1
North Macedonia,MKD,361,1
North Macedonia,MKD,518,1
North Macedonia,MKD,896,1
North Macedonia,MKD,1555,1
North Macedonia,MKD,1608,1
North Macedonia,MKD,1920,1
North Macedonia,MKD,1963,1
North Macedonia,MKD,1979,1
North Macedonia,MKD,1982,1
North Macedonia,MKD,1983,1
North Macedonia,MKD,1985,1
North Macedonia,MKD,2009,1
North Macedonia,MKD,2016,1
Norway,NOR,1819,1
Oceania,OWID_OCE,1768,1
Oceania,OWID_OCE,1826,1
Oceania,OWID_OCE,1831,1
Oceania,OWID_OCE,1840,1
Oceania,OWID_OCE,1843,1
Oceania,OWID_OCE,1845,1
Oceania,OWID_OCE,1848,4
Oceania,OWID_OCE,1853,1
Oceania,OWID_OCE,1855,2
Oceania,OWID_OCE,1857,1
Oceania,OWID_OCE,1859,1
Oceania,OWID_OCE,1863,1
Oceania,OWID_OCE,1865,1
Oceania,OWID_OCE,1868,1
Oceania,OWID_OCE,1873,1
Oceania,OWID_OCE,1875,4
Oceania,OWID_OCE,1878,4
Oceania,OWID_OCE,1880,1
Oceania,OWID_OCE,1881,2
Oceania,OWID_OCE,1884,1
Oceania,OWID_OCE,1888,1
Oceania,OWID_OCE,1891,1
Oceania,OWID_OCE,1892,1
Oceania,OWID_OCE,1893,1
Oceania,OWID_OCE,1895,1
Oceania,OWID_OCE,1897,2
Oceania,OWID_OCE,1899,3
Oceania,OWID_OCE,1900,3
Oceania,OWID_OCE,1901,1
Oceania,OWID_OCE,1902,2
Oceania,OWID_OCE,1903,2
Oceania,OWID_OCE,1904,1
Oceania,OWID_OCE,1905,7
Oceania,OWID_OCE,1906,3
Oceania,OWID_OCE,1907,3
Oceania,OWID_OCE,1909,3
Oceania,OWID_OCE,1910,6
Oceania,OWID_OCE,1911,2
Oceania,OWID_OCE,1912,3
Oceania,OWID_OCE,1913,6
Oceania,OWID_OCE,1914,2
Oceania,OWID_OCE,1916,2
Oceania,OWID_OCE,1917,4
Oceania,OWID_OCE,1918,1
Oceania,OWID_OCE,1919,4
Oceania,OWID_OCE,1920,2
Oceania,OWID_OCE,1922,2
Oceania,OWID_OCE,1923,2
Oceania,OWID_OCE,1924,2
Oceania,OWID_OCE,1925,1
Oceania,OWID_OCE,1926,4
Oceania,OWID_OCE,1928,2
Oceania,OWID_OCE,1929,1
Oceania,OWID_OCE,1930,2
Oceania,OWID_OCE,1931,6
Oceania,OWID_OCE,1932,3
Oceania,OWID_OCE,1933,2
Oceania,OWID_OCE,1934,4
Oceania,OWID_OCE,1935,2
Oceania,OWID_OCE,1937,2
Oceania,OWID_OCE,1938,2
Oceania,OWID_OCE,1939,2
Oceania,OWID_OCE,1941,1
Oceania,OWID_OCE,1943,3
Oceania,OWID_OCE,1944,3
Oceania,OWID_OCE,1945,1
Oceania,OWID_OCE,1946,1
Oceania,OWID_OCE,1947,3
Oceania,OWID_OCE,1948,1
Oceania,OWID_OCE,1949,2
Oceania,OWID_OCE,1950,4
Oceania,OWID_OCE,1951,2
Oceania,OWID_OCE,1952,1
Oceania,OWID_OCE,1953,4
Oceania,OWID_OCE,1954,1
Oceania,OWID_OCE,1955,3
Oceania,OWID_OCE,1956,3
Oceania,OWID_OCE,1957,4
Oceania,OWID_OCE,1959,2
Oceania,OWID_OCE,1960,1
Oceania,OWID_OCE,1961,4
Oceania,OWID_OCE,1963,3
Oceania,OWID_OCE,1964,2
Oceania,OWID_OCE,1965,2
Oceania,OWID_OCE,1966,3
Oceania,OWID_OCE,1967,1
Oceania,OWID_OCE,1968,5
Oceania,OWID_OCE,1969,2
Oceania,OWID_OCE,1970,4
Oceania,OWID_OCE,1971,4
Oceania,OWID_OCE,1972,1
Oceania,OWID_OCE,1973,4
Oceania,OWID_OCE,1974,2
Oceania,OWID_OCE,1975,5
Oceania,OWID_OCE,1976,2
Oceania,OWID_OCE,1977,8
Oceania,OWID_OCE,1978,1
Oceania,OWID_OCE,1979,4
Oceania,OWID_OCE,1980,4
Oceania,OWID_OCE,1981,2
Oceania,OWID_OCE,1982,2
Oceania,OWID_OCE,1983,2
Oceania,OWID_OCE,1984,2
Oceania,OWID_OCE,1985,5
Oceania,OWID_OCE,1986,2
Oceania,OWID_OCE,1987,8
Oceania,OWID_OCE,1988,5
Oceania,OWID_OCE,1989,3
Oceania,OWID_OCE,1990,4
Oceania,OWID_OCE,1991,3
Oceania,OWID_OCE,1992,1
Oceania,OWID_OCE,1993,3
Oceania,OWID_OCE,1994,6
Oceania,OWID_OCE,1995,4
Oceania,OWID_OCE,1996,1
Oceania,OWID_OCE,1997,2
Oceania,OWID_OCE,1998,1
Oceania,OWID_OCE,1999,1
Oceania,OWID_OCE,2000,4
Oceania,OWID_OCE,2002,7
Oceania,OWID_OCE,2003,4
Oceania,OWID_OCE,2004,4
Oceania,OWID_OCE,2005,2
Oceania,OWID_OCE,2006,2
Oceania,OWID_OCE,2007,8
Oceania,OWID_OCE,2008,3
Oceania,OWID_OCE,2009,9
Oceania,OWID_OCE,2010,13
Oceania,OWID_OCE,2011,11
Oceania,OWID_OCE,2012,6
Oceania,OWID_OCE,2013,5
Oceania,OWID_OCE,2014,7
Oceania,OWID_OCE,2015,6
Oceania,OWID_OCE,2016,8
Oceania,OWID_OCE,2017,8
Oceania,OWID_OCE,2018,11
Oceania,OWID_OCE,2019,3
Oceania,OWID_OCE,2020,3
Oceania,OWID_OCE,2021,5
Oceania,OWID_OCE,2022,7
Oceania,OWID_OCE,2023,9
Oceania,OWID_OCE,2024,2
Oman,OMN,1497,1
Oman,OMN,1570,1
Pacific Ocean (NOAA/NCEI),,1932,1
Pacific Ocean (NOAA/NCEI),,1958,1
Pakistan,PAK,25,1
Pakistan,PAK,1668,1
Pakistan,PAK,1688,1
Pakistan,PAK,1827,1
Pakistan,PAK,1851,1
Pakistan,PAK,1852,1
Pakistan,PAK,1892,1
Pakistan,PAK,1909,2
Pakistan,PAK,1931,1
Pakistan,PAK,1935,1
Pakistan,PAK,1945,1
Pakistan,PAK,1947,1
Pakistan,PAK,1955,1
Pakistan,PAK,1972,1
Pakistan,PAK,1974,1
Pakistan,PAK,1978,1
Pakistan,PAK,1981,2
Pakistan,PAK,1983,1
Pakistan,PAK,1984,1
Pakistan,PAK,1986,2
Pakistan,PAK,1990,2
Pakistan,PAK,1992,2
Pakistan,PAK,1997,2
Pakistan,PAK,2002,2
Pakistan,PAK,2004,2
Pakistan,PAK,2005,2
Pakistan,PAK,2006,2
Pakistan,PAK,2007,1
Pakistan,PAK,2008,2
Pakistan,PAK,2009,1
Pakistan,PAK,2010,2
Pakistan,PAK,2011,1
Pakistan,PAK,2013,2
Pakistan,PAK,2014,1
Pakistan,PAK,2015,2
Pakistan,PAK,2016,1
Pakistan,PAK,2017,1
Pakistan,PAK,2019,1
Pakistan,PAK,2021,1
Palau,PLW,1914,1
Panama,PAN,1621,1
Panama,PAN,1873,1
Panama,PAN,1882,1
Panama,PAN,1884,1
Panama,PAN,1904,1
Panama,PAN,1913,1
Panama,PAN,1916,1
Panama,PAN,1934,1
Panama,PAN,1950,1
Panama,PAN,1962,2
Panama,PAN,1976,1
Panama,PAN,1979,1
Panama,PAN,1991,1
Panama,PAN,2000,1
Panama,PAN,2002,1
Panama,PAN,2003,2
Panama,PAN,2004,1
Panama,PAN,2006,1
Panama,PAN,2008,1
Panama,PAN,2009,1
Panama,PAN,2015,1
Papua New Guinea,PNG,1768,1
Papua New Guinea,PNG,1857,1
Papua New Guinea,PNG,1873,1
Papua New Guinea,PNG,1875,1
Papua New Guinea,PNG,1878,1
Papua New Guinea,PNG,1899,2
Papua New Guinea,PNG,1900,2
Papua New Guinea,PNG,1902,1
Papua New Guinea,PNG,1905,1
Papua New Guinea,PNG,1906,2
Papua New Guinea,PNG,1907,2
Papua New Guinea,PNG,1910,1
Papua New Guinea,PNG,1911,1
Papua New Guinea,PNG,1913,2
Papua New Guinea,PNG,1916,2
Papua New Guinea,PNG,1917,1
Papua New Guinea,PNG,1918,1
Papua New Guinea,PNG,1919,1
Papua New Guinea,PNG,1920,1
Papua New Guinea,PNG,1922,1
Papua New Guinea,PNG,1923,2
Papua New Guinea,PNG,1930,2
Papua New Guinea,PNG,1931,1
Papua New Guinea,PNG,1933,1
Papua New Guinea,PNG,1934,1
Papua New Guinea,PNG,1935,1
Papua New Guinea,PNG,1937,1
Papua New Guinea,PNG,1938,2
Papua New Guinea,PNG,1939,1
Papua New Guinea,PNG,1941,1
Papua New Guinea,PNG,1944,1
Papua New Guinea,PNG,1945,1
Papua New Guinea,PNG,1946,1
Papua New Guinea,PNG,1947,1
Papua New Guinea,PNG,1949,1
Papua New Guinea,PNG,1951,2
Papua New Guinea,PNG,1953,1
Papua New Guinea,PNG,1955,1
Papua New Guinea,PNG,1960,1
Papua New Guinea,PNG,1964,1
Papua New Guinea,PNG,1967,1
Papua New Guinea,PNG,1968,2
Papua New Guinea,PNG,1969,1
Papua New Guinea,PNG,1970,1
Papua New Guinea,PNG,1971,3
Papua New Guinea,PNG,1975,2
Papua New Guinea,PNG,1977,1
Papua New Guinea,PNG,1979,1
Papua New Guinea,PNG,1983,2
Papua New Guinea,PNG,1984,1
Papua New Guinea,PNG,1985,2
Papua New Guinea,PNG,1986,1
Papua New Guinea,PNG,1987,3
Papua New Guinea,PNG,1988,2
Papua New Guinea,PNG,1989,1
Papua New Guinea,PNG,1990,1
Papua New Guinea,PNG,1993,1
Papua New Guinea,PNG,1994,1
Papua New Guinea,PNG,1995,1
Papua New Guinea,PNG,1998,1
Papua New Guinea,PNG,2000,3
Papua New Guinea,PNG,2002,3
Papua New Guinea,PNG,2005,1
Papua New Guinea,PNG,2009,1
Papua New Guinea,PNG,2010,1
Papua New Guinea,PNG,2014,2
Papua New Guinea,PNG,2015,2
Papua New Guinea,PNG,2016,1
Papua New Guinea,PNG,2017,2
Papua New Guinea,PNG,2018,5
Papua New Guinea,PNG,2019,2
Papua New Guinea,PNG,2020,1
Papua New Guinea,PNG,2022,1
Papua New Guinea,PNG,2023,2
Papua New Guinea,PNG,2024,1
Peru,PER,1471,1
Peru,PER,1513,1
Peru,PER,1552,1
Peru,PER,1555,1
Peru,PER,1578,1
Peru,PER,1581,1
Peru,PER,1582,2
Peru,PER,1584,1
Peru,PER,1586,1
Peru,PER,1587,1
Peru,PER,1590,1
Peru,PER,1594,1
Peru,PER,1600,2
Peru,PER,1604,1
Peru,PER,1609,1
Peru,PER,1619,1
Peru,PER,1630,1
Peru,PER,1647,1
Peru,PER,1650,1
Peru,PER,1651,1
Peru,PER,1654,1
Peru,PER,1655,1
Peru,PER,1657,1
Peru,PER,1658,1
Peru,PER,1664,1
Peru,PER,1678,1
Peru,PER,1687,1
Peru,PER,1699,1
Peru,PER,1707,1
Peru,PER,1715,1
Peru,PER,1716,2
Peru,PER,1725,3
Peru,PER,1739,1
Peru,PER,1746,1
Peru,PER,1747,1
Peru,PER,1784,1
Peru,PER,1799,1
Peru,PER,1806,1
Peru,PER,1813,1
Peru,PER,1821,1
Peru,PER,1828,1
Peru,PER,1833,1
Peru,PER,1840,1
Peru,PER,1846,1
Peru,PER,1847,1
Peru,PER,1852,1
Peru,PER,1860,2
Peru,PER,1861,1
Peru,PER,1865,2
Peru,PER,1868,1
Peru,PER,1869,2
Peru,PER,1871,2
Peru,PER,1872,1
Peru,PER,1877,1
Peru,PER,1878,1
Peru,PER,1897,1
Peru,PER,1906,1
Peru,PER,1907,2
Peru,PER,1908,1
Peru,PER,1912,1
Peru,PER,1913,3
Peru,PER,1914,4
Peru,PER,1915,1
Peru,PER,1921,1
Peru,PER,1922,3
Peru,PER,1928,4
Peru,PER,1932,1
Peru,PER,1937,1
Peru,PER,1939,2
Peru,PER,1940,1
Peru,PER,1942,1
Peru,PER,1943,1
Peru,PER,1946,2
Peru,PER,1947,1
Peru,PER,1948,2
Peru,PER,1950,3
Peru,PER,1951,1
Peru,PER,1952,1
Peru,PER,1953,2
Peru,PER,1955,1
Peru,PER,1958,2
Peru,PER,1959,2
Peru,PER,1960,3
Peru,PER,1961,1
Peru,PER,1962,1
Peru,PER,1963,2
Peru,PER,1966,1
Peru,PER,1967,1
Peru,PER,1968,1
Peru,PER,1969,2
Peru,PER,1970,4
Peru,PER,1971,2
Peru,PER,1972,1
Peru,PER,1974,2
Peru,PER,1979,1
Peru,PER,1980,1
Peru,PER,1981,2
Peru,PER,1982,1
Peru,PER,1983,1
Peru,PER,1985,1
Peru,PER,1986,2
Peru,PER,1987,2
Peru,PER,1990,2
Peru,PER,1991,3
Peru,PER,1993,1
Peru,PER,1996,2
Peru,PER,1999,2
Peru,PER,2001,4
Peru,PER,2005,3
Peru,PER,2006,1
Peru,PER,2007,1
Peru,PER,2008,3
Peru,PER,2009,1
Peru,PER,2010,1
Peru,PER,2011,1
Peru,PER,2012,1
Peru,PER,2013,2
Peru,PER,2014,1
Peru,PER,2015,3
Peru,PER,2016,2
Peru,PER,2017,3
Peru,PER,2018,1
Peru,PER,2019,2
Peru,PER,2020,1
Peru,PER,2021,3
Peru,PER,2022,4
Peru,PER,2024,3
Philippines,PHL,1599,1
Philippines,PHL,1600,1
Philippines,PHL,1601,1
Philippines,PHL,1610,1
Philippines,PHL,1619,1
Philippines,PHL,1620,1
Philippines,PHL,1627,1
Philippines,PHL,1628,1
Philippines,PHL,1636,1
Philippines,PHL,1641,1
Philippines,PHL,1645,2
Philippines,PHL,1648,1
Philippines,PHL,1653,1
Philippines,PHL,1658,1
Philippines,PHL,1665,1
Philippines,PHL,1675,1
Philippines,PHL,1677,1
Philippines,PHL,1699,1
Philippines,PHL,1716,1
Philippines,PHL,1721,1
Philippines,PHL,1728,1
Philippines,PHL,1730,1
Philippines,PHL,1735,1
Philippines,PHL,1743,2
Philippines,PHL,1744,1
Philippines,PHL,1747,1
Philippines,PHL,1749,1
Philippines,PHL,1754,1
Philippines,PHL,1767,1
Philippines,PHL,1770,1
Philippines,PHL,1771,1
Philippines,PHL,1787,2
Philippines,PHL,1796,1
Philippines,PHL,1811,1
Philippines,PHL,1814,1
Philippines,PHL,1824,2
Philippines,PHL,1828,1
Philippines,PHL,1830,2
Philippines,PHL,1840,1
Philippines,PHL,1852,2
Philippines,PHL,1853,1
Philippines,PHL,1855,1
Philippines,PHL,1862,1
Philippines,PHL,1863,2
Philippines,PHL,1865,1
Philippines,PHL,1866,1
Philippines,PHL,1869,2
Philippines,PHL,1870,1
Philippines,PHL,1871,2
Philippines,PHL,1872,2
Philippines,PHL,1874,2
Philippines,PHL,1875,2
Philippines,PHL,1878,1
Philippines,PHL,1879,1
Philippines,PHL,1880,3
Philippines,PHL,1881,2
Philippines,PHL,1885,2
Philippines,PHL,1887,2
Philippines,PHL,1889,1
Philippines,PHL,1890,1
Philippines,PHL,1892,2
Philippines,PHL,1893,1
Philippines,PHL,1894,2
Philippines,PHL,1895,1
Philippines,PHL,1897,7
Philippines,PHL,1901,2
Philippines,PHL,1902,2
Philippines,PHL,1903,1
Philippines,PHL,1905,1
Philippines,PHL,1907,4
Philippines,PHL,1908,1
Philippines,PHL,1909,1
Philippines,PHL,1910,1
Philippines,PHL,1911,2
Philippines,PHL,1912,1
Philippines,PHL,1913,1
Philippines,PHL,1915,2
Philippines,PHL,1916,1
Philippines,PHL,1917,1
Philippines,PHL,1918,3
Philippines,PHL,1919,2
Philippines,PHL,1921,2
Philippines,PHL,1922,4
Philippines,PHL,1923,2
Philippines,PHL,1924,3
Philippines,PHL,1925,3
Philippines,PHL,1928,2
Philippines,PHL,1929,1
Philippines,PHL,1931,2
Philippines,PHL,1932,1
Philippines,PHL,1934,1
Philippines,PHL,1937,1
Philippines,PHL,1939,1
Philippines,PHL,1942,1
Philippines,PHL,1943,1
Philippines,PHL,1948,1
Philippines,PHL,1949,2
Philippines,PHL,1951,1
Philippines,PHL,1952,1
Philippines,PHL,1954,1
Philippines,PHL,1955,1
Philippines,PHL,1957,1
Philippines,PHL,1960,1
Philippines,PHL,1968,1
Philippines,PHL,1970,4
Philippines,PHL,1972,2
Philippines,PHL,1973,1
Philippines,PHL,1975,1
Philippines,PHL,1976,2
Philippines,PHL,1977,1
Philippines,PHL,1978,1
Philippines,PHL,1982,1
Philippines,PHL,1983,1
Philippines,PHL,1985,2
Philippines,PHL,1987,3
Philippines,PHL,1988,3
Philippines,PHL,1989,1
Philippines,PHL,1990,4
Philippines,PHL,1991,1
Philippines,PHL,1992,1
Philippines,PHL,1994,1
Philippines,PHL,1995,2
Philippines,PHL,1999,1
Philippines,PHL,2000,1
Philippines,PHL,2001,1
Philippines,PHL,2002,1
Philippines,PHL,2003,3
Philippines,PHL,2004,1
Philippines,PHL,2007,2
Philippines,PHL,2008,1
Philippines,PHL,2009,1
Philippines,PHL,2010,1
Philippines,PHL,2011,2
Philippines,PHL,2012,4
Philippines,PHL,2013,2
Philippines,PHL,2014,1
Philippines,PHL,2015,1
Philippines,PHL,2017,7
Philippines,PHL,2019,9
Philippines,PHL,2020,1
Philippines,PHL,2021,1
Philippines,PHL,2022,2
Philippines,PHL,2023,3
Poland,POL,2004,1
Poland,POL,2016,1
Poland,POL,2018,1
Poland,POL,2019,3
Poland,POL,2022,1
Poland,POL,2024,1
Portugal,PRT,-210,1
Portugal,PRT,-60,1
Portugal,PRT,382,1
Portugal,PRT,1151,1
Portugal,PRT,1320,1
Portugal,PRT,1344,1
Portugal,PRT,1356,1
Portugal,PRT,1522,1
Portugal,PRT,1531,1
Portugal,PRT,1547,1
Portugal,PRT,1551,1
Portugal,PRT,1571,1
Portugal,PRT,1587,1
Portugal,PRT,1591,1
Portugal,PRT,1597,1
Portugal,PRT,1598,1
Portugal,PRT,1614,2
Portugal,PRT,1719,1
Portugal,PRT,1720,2
Portugal,PRT,1722,1
Portugal,PRT,1730,1
Portugal,PRT,1739,1
Portugal,PRT,1752,1
Portugal,PRT,1755,2
Portugal,PRT,1756,1
Portugal,PRT,1757,1
Portugal,PRT,1758,1
Portugal,PRT,1761,1
Portugal,PRT,1764,1
Portugal,PRT,1793,1
Portugal,PRT,1807,1
Portugal,PRT,1816,1
Portugal,PRT,1841,1
Portugal,PRT,1847,1
Portugal,PRT,1852,2
Portugal,PRT,1856,1
Portugal,PRT,1858,1
Portugal,PRT,1909,1
Portugal,PRT,1926,2
Portugal,PRT,1934,1
Portugal,PRT,1935,1
Portugal,PRT,1939,1
Portugal,PRT,1958,1
Portugal,PRT,1964,1
Portugal,PRT,1968,1
Portugal,PRT,1969,1
Portugal,PRT,1973,1
Portugal,PRT,1980,1
Portugal,PRT,1988,1
Portugal,PRT,1989,1
Portugal,PRT,1998,1
Romania,ROU,1516,1
Romania,ROU,1802,1
Romania,ROU,1821,1
Romania,ROU,1829,1
Romania,ROU,1838,1
Romania,ROU,1940,1
Romania,ROU,1977,2
Romania,ROU,1986,1
Romania,ROU,1990,2
Romania,ROU,1991,3
Romania,ROU,2004,1
Russia,RUS,-63,1
Russia,RUS,743,1
Russia,RUS,1652,1
Russia,RUS,1688,1
Russia,RUS,1725,1
Russia,RUS,1737,3
Russia,RUS,1742,2
Russia,RUS,1761,1
Russia,RUS,1769,1
Russia,RUS,1780,1
Russia,RUS,1790,1
Russia,RUS,1791,1
Russia,RUS,1792,1
Russia,RUS,1827,1
Russia,RUS,1829,1
Russia,RUS,1830,2
Russia,RUS,1841,1
Russia,RUS,1847,1
Russia,RUS,1849,2
Russia,RUS,1853,1
Russia,RUS,1858,1
Russia,RUS,1862,1
Russia,RUS,1885,1
Russia,RUS,1893,1
Russia,RUS,1896,1
Russia,RUS,1899,1
Russia,RUS,1900,1
Russia,RUS,1901,1
Russia,RUS,1902,1
Russia,RUS,1904,3
Russia,RUS,1905,2
Russia,RUS,1907,1
Russia,RUS,1908,1
Russia,RUS,1911,1
Russia,RUS,1913,2
Russia,RUS,1915,2
Russia,RUS,1916,1
Russia,RUS,1917,1
Russia,RUS,1918,3
Russia,RUS,1922,1
Russia,RUS,1923,3
Russia,RUS,1924,2
Russia,RUS,1927,1
Russia,RUS,1929,1
Russia,RUS,1935,1
Russia,RUS,1936,2
Russia,RUS,1937,2
Russia,RUS,1943,1
Russia,RUS,1949,1
Russia,RUS,1950,1
Russia,RUS,1952,1
Russia,RUS,1953,1
Russia,RUS,1956,1
Russia,RUS,1957,1
Russia,RUS,1958,3
Russia,RUS,1959,5
Russia,RUS,1961,3
Russia,RUS,1963,3
Russia,RUS,1964,1
Russia,RUS,1965,1
Russia,RUS,1966,1
Russia,RUS,1967,1
Russia,RUS,1968,1
Russia,RUS,1969,2
Russia,RUS,1970,3
Russia,RUS,1971,7
Russia,RUS,1973,3
Russia,RUS,1974,1
Russia,RUS,1975,2
Russia,RUS,1976,1
Russia,RUS,1978,6
Russia,RUS,1980,1
Russia,RUS,1983,1
Russia,RUS,1984,2
Russia,RUS,1989,1
Russia,RUS,1991,2
Russia,RUS,1993,2
Russia,RUS,1994,2
Russia,RUS,1995,2
Russia,RUS,1997,1
Russia,RUS,1999,1
Russia,RUS,2000,1
Russia,RUS,2003,3
Russia,RUS,2004,1
Russia,RUS,2006,2
Russia,RUS,2007,2
Russia,RUS,2008,3
Russia,RUS,2009,1
Russia,RUS,2011,1
Russia,RUS,2012,1
Russia,RUS,2013,4
Russia,RUS,2017,1
Russia,RUS,2018,1
Russia,RUS,2019,1
Russia,RUS,2020,1
Russia,RUS,2022,1
Russia,RUS,2024,1
Rwanda,RWA,2002,1
Rwanda,RWA,2008,1
Rwanda,RWA,2015,1
Rwanda,RWA,2016,1
Rwanda,RWA,2021,1
Saint Lucia,LCA,1788,1
Saint Lucia,LCA,1906,1
Saint Vincent and the Grenadines,VCT,1844,1
Samoa,WSM,1917,1
Samoa,WSM,1957,1
Samoa,WSM,1975,1
Samoa,WSM,1977,1
Samoa,WSM,1981,1
Samoa,WSM,1995,1
Samoa,WSM,2006,1
Samoa,WSM,2009,1
Saudi Arabia,SAU,2004,1
Saudi Arabia,SAU,2009,2
Serbia,SRB,1456,1
Serbia,SRB,1739,1
Serbia,SRB,1740,1
Serbia,SRB,1755,1
Serbia,SRB,1893,1
Serbia,SRB,1922,1
Serbia,SRB,1927,1
Serbia,SRB,1978,1
Serbia,SRB,1980,1
Serbia,SRB,1983,1
Serbia,SRB,1984,1
Serbia,SRB,1998,1
Serbia,SRB,2002,1
Serbia,SRB,2010,1
Serbia,SRB,2015,1
Sierra Leone,SLE,1795,1
Slovakia,SVK,1443,1
Slovakia,SVK,1858,1
Slovakia,SVK,2004,1
Slovenia,SVN,567,1
Slovenia,SVN,1000,1
Slovenia,SVN,1201,1
Slovenia,SVN,1505,1
Slovenia,SVN,1509,1
Slovenia,SVN,1510,1
Slovenia,SVN,1511,1
Slovenia,SVN,1628,1
Slovenia,SVN,1640,1
Slovenia,SVN,1699,1
Slovenia,SVN,1840,1
Slovenia,SVN,1845,1
Slovenia,SVN,1882,1
Slovenia,SVN,1895,1
Slovenia,SVN,1916,1
Slovenia,SVN,1917,1
Slovenia,SVN,1927,1
Slovenia,SVN,1956,1
Slovenia,SVN,1963,1
Slovenia,SVN,1974,1
Slovenia,SVN,1977,1
Slovenia,SVN,2004,1
Solomon Islands,SLB,1900,1
Solomon Islands,SLB,1909,1
Solomon Islands,SLB,1910,1
Solomon Islands,SLB,1926,3
Solomon Islands,SLB,1931,2
Solomon Islands,SLB,1934,2
Solomon Islands,SLB,1935,1
Solomon Islands,SLB,1939,1
Solomon Islands,SLB,1950,1
Solomon Islands,SLB,1953,1
Solomon Islands,SLB,1955,1
Solomon Islands,SLB,1957,2
Solomon Islands,SLB,1959,1
Solomon Islands,SLB,1961,1
Solomon Islands,SLB,1963,2
Solomon Islands,SLB,1966,3
Solomon Islands,SLB,1969,1
Solomon Islands,SLB,1970,1
Solomon Islands,SLB,1974,2
Solomon Islands,SLB,1977,4
Solomon Islands,SLB,1980,2
Solomon Islands,SLB,1982,1
Solomon Islands,SLB,1984,1
Solomon Islands,SLB,1985,1
Solomon Islands,SLB,1987,1
Solomon Islands,SLB,1988,1
Solomon Islands,SLB,1991,2
Solomon Islands,SLB,1992,1
Solomon Islands,SLB,1996,1
Solomon Islands,SLB,1997,1
Solomon Islands,SLB,2003,1
Solomon Islands,SLB,2007,2
Solomon Islands,SLB,2009,1
Solomon Islands,SLB,2010,3
Solomon Islands,SLB,2012,2
Solomon Islands,SLB,2013,2
Solomon Islands,SLB,2014,2
Solomon Islands,SLB,2015,3
Solomon Islands,SLB,2016,2
Solomon Islands,SLB,2022,1
Solomon Sea (NOAA/NCEI),,1895,1
Solomon Sea (NOAA/NCEI),,1972,1
South Africa,ZAF,1809,1
South Africa,ZAF,1942,1
South Africa,ZAF,1969,2
South Africa,ZAF,1976,1
South Africa,ZAF,1986,1
South Africa,ZAF,1990,2
South Africa,ZAF,1997,1
South Africa,ZAF,2000,1
South Africa,ZAF,2005,1
South Africa,ZAF,2009,1
South Africa,ZAF,2014,1
South Africa,ZAF,2018,1
South America,OWID_SAM,1471,1
South America,OWID_SAM,1498,1
South America,OWID_SAM,1513,1
South America,OWID_SAM,1520,1
South America,OWID_SAM,1530,1
South America,OWID_SAM,1541,1
South America,OWID_SAM,1542,1
South America,OWID_SAM,1543,2
South America,OWID_SAM,1552,1
South America,OWID_SAM,1555,1
South America,OWID_SAM,1556,1
South America,OWID_SAM,1562,1
South America,OWID_SAM,1566,1
South America,OWID_SAM,1570,1
South America,OWID_SAM,1575,2
South America,OWID_SAM,1578,1
South America,OWID_SAM,1581,1
South America,OWID_SAM,1582,3
South America,OWID_SAM,1584,1
South America,OWID_SAM,1586,1
South America,OWID_SAM,1587,2
South America,OWID_SAM,1590,2
South America,OWID_SAM,1594,1
South America,OWID_SAM,1600,2
South America,OWID_SAM,1604,2
South America,OWID_SAM,1609,1
South America,OWID_SAM,1610,1
South America,OWID_SAM,1615,1
South America,OWID_SAM,1619,1
South America,OWID_SAM,1627,1
South America,OWID_SAM,1630,1
South America,OWID_SAM,1633,1
South America,OWID_SAM,1639,1
South America,OWID_SAM,1640,1
South America,OWID_SAM,1641,2
South America,OWID_SAM,1644,2
South America,OWID_SAM,1645,1
South America,OWID_SAM,1647,2
South America,OWID_SAM,1650,2
South America,OWID_SAM,1651,1
South America,OWID_SAM,1654,1
South America,OWID_SAM,1655,1
South America,OWID_SAM,1657,3
South America,OWID_SAM,1658,1
South America,OWID_SAM,1660,1
South America,OWID_SAM,1662,2
South America,OWID_SAM,1664,1
South America,OWID_SAM,1666,1
South America,OWID_SAM,1674,1
South America,OWID_SAM,1678,2
South America,OWID_SAM,1681,1
South America,OWID_SAM,1687,3
South America,OWID_SAM,1689,1
South America,OWID_SAM,1692,1
South America,OWID_SAM,1698,2
South America,OWID_SAM,1699,1
South America,OWID_SAM,1705,1
South America,OWID_SAM,1707,1
South America,OWID_SAM,1715,1
South America,OWID_SAM,1716,2
South America,OWID_SAM,1725,3
South America,OWID_SAM,1730,1
South America,OWID_SAM,1735,1
South America,OWID_SAM,1736,1
South America,OWID_SAM,1737,1
South America,OWID_SAM,1739,1
South America,OWID_SAM,1742,1
South America,OWID_SAM,1743,1
South America,OWID_SAM,1746,1
South America,OWID_SAM,1747,1
South America,OWID_SAM,1750,1
South America,OWID_SAM,1751,2
South America,OWID_SAM,1755,1
South America,OWID_SAM,1757,1
South America,OWID_SAM,1765,1
South America,OWID_SAM,1766,2
South America,OWID_SAM,1774,1
South America,OWID_SAM,1775,1
South America,OWID_SAM,1782,1
South America,OWID_SAM,1784,1
South America,OWID_SAM,1785,1
South America,OWID_SAM,1786,1
South America,OWID_SAM,1789,1
South America,OWID_SAM,1794,1
South America,OWID_SAM,1796,2
South America,OWID_SAM,1797,2
South America,OWID_SAM,1798,1
South America,OWID_SAM,1799,2
South America,OWID_SAM,1802,1
South America,OWID_SAM,1805,2
South America,OWID_SAM,1806,1
South America,OWID_SAM,1808,1
South America,OWID_SAM,1811,1
South America,OWID_SAM,1812,1
South America,OWID_SAM,1813,1
South America,OWID_SAM,1817,1
South America,OWID_SAM,1819,3
South America,OWID_SAM,1821,1
South America,OWID_SAM,1822,2
South America,OWID_SAM,1823,1
South America,OWID_SAM,1825,1
South America,OWID_SAM,1826,2
South America,OWID_SAM,1827,1
South America,OWID_SAM,1828,1
South America,OWID_SAM,1829,1
South America,OWID_SAM,1831,1
South America,OWID_SAM,1833,2
South America,OWID_SAM,1834,4
South America,OWID_SAM,1835,1
South America,OWID_SAM,1836,1
South America,OWID_SAM,1837,2
South America,OWID_SAM,1838,1
South America,OWID_SAM,1839,1
South America,OWID_SAM,1840,1
South America,OWID_SAM,1843,1
South America,OWID_SAM,1844,1
South America,OWID_SAM,1845,2
South America,OWID_SAM,1846,2
South America,OWID_SAM,1847,4
South America,OWID_SAM,1849,3
South America,OWID_SAM,1851,3
South America,OWID_SAM,1852,1
South America,OWID_SAM,1853,1
South America,OWID_SAM,1855,1
South America,OWID_SAM,1858,1
South America,OWID_SAM,1859,2
South America,OWID_SAM,1860,2
South America,OWID_SAM,1861,2
South America,OWID_SAM,1863,1
South America,OWID_SAM,1865,2
South America,OWID_SAM,1867,1
South America,OWID_SAM,1868,9
South America,OWID_SAM,1869,10
South America,OWID_SAM,1870,2
South America,OWID_SAM,1871,7
South America,OWID_SAM,1872,1
South America,OWID_SAM,1873,2
South America,OWID_SAM,1874,3
South America,OWID_SAM,1875,1
South America,OWID_SAM,1877,7
South America,OWID_SAM,1878,9
South America,OWID_SAM,1879,1
South America,OWID_SAM,1880,1
South America,OWID_SAM,1881,2
South America,OWID_SAM,1882,2
South America,OWID_SAM,1883,1
South America,OWID_SAM,1884,2
South America,OWID_SAM,1885,3
South America,OWID_SAM,1886,1
South America,OWID_SAM,1888,2
South America,OWID_SAM,1892,2
South America,OWID_SAM,1894,3
South America,OWID_SAM,1895,1
South America,OWID_SAM,1896,1
South America,OWID_SAM,1897,1
South America,OWID_SAM,1898,2
South America,OWID_SAM,1899,3
South America,OWID_SAM,1900,3
South America,OWID_SAM,1901,1
South America,OWID_SAM,1903,4
South America,OWID_SAM,1904,2
South America,OWID_SAM,1906,12
South America,OWID_SAM,1907,2
South America,OWID_SAM,1908,2
South America,OWID_SAM,1909,3
South America,OWID_SAM,1911,1
South America,OWID_SAM,1912,2
South America,OWID_SAM,1913,4
South America,OWID_SAM,1914,7
South America,OWID_SAM,1915,1
South America,OWID_SAM,1916,3
South America,OWID_SAM,1917,1
South America,OWID_SAM,1918,2
South America,OWID_SAM,1919,2
South America,OWID_SAM,1920,2
South America,OWID_SAM,1921,1
South America,OWID_SAM,1922,7
South America,OWID_SAM,1923,5
South America,OWID_SAM,1924,1
South America,OWID_SAM,1925,1
South America,OWID_SAM,1926,1
South America,OWID_SAM,1927,2
South America,OWID_SAM,1928,6
South America,OWID_SAM,1929,5
South America,OWID_SAM,1930,2
South America,OWID_SAM,1931,1
South America,OWID_SAM,1932,2
South America,OWID_SAM,1933,3
South America,OWID_SAM,1934,2
South America,OWID_SAM,1935,1
South America,OWID_SAM,1936,3
South America,OWID_SAM,1937,1
South America,OWID_SAM,1938,2
South America,OWID_SAM,1939,4
South America,OWID_SAM,1940,4
South America,OWID_SAM,1942,4
South America,OWID_SAM,1943,3
South America,OWID_SAM,1944,2
South America,OWID_SAM,1946,3
South America,OWID_SAM,1947,3
South America,OWID_SAM,1948,5
South America,OWID_SAM,1949,4
South America,OWID_SAM,1950,9
South America,OWID_SAM,1951,1
South America,OWID_SAM,1952,2
South America,OWID_SAM,1953,4
South America,OWID_SAM,1955,4
South America,OWID_SAM,1956,3
South America,OWID_SAM,1957,2
South America,OWID_SAM,1958,6
South America,OWID_SAM,1959,4
South America,OWID_SAM,1960,7
South America,OWID_SAM,1961,7
South America,OWID_SAM,1962,3
South America,OWID_SAM,1963,3
South America,OWID_SAM,1965,4
South America,OWID_SAM,1966,4
South America,OWID_SAM,1967,6
South America,OWID_SAM,1968,3
South America,OWID_SAM,1969,3
South America,OWID_SAM,1970,9
South America,OWID_SAM,1971,4
South America,OWID_SAM,1972,3
South America,OWID_SAM,1973,2
South America,OWID_SAM,1974,7
South America,OWID_SAM,1975,3
South America,OWID_SAM,1976,2
South America,OWID_SAM,1977,2
South America,OWID_SAM,1978,1
South America,OWID_SAM,1979,3
South America,OWID_SAM,1980,4
South America,OWID_SAM,1981,4
South America,OWID_SAM,1982,1
South America,OWID_SAM,1983,3
South America,OWID_SAM,1985,5
South America,OWID_SAM,1986,6
South America,OWID_SAM,1987,6
South America,OWID_SAM,1988,1
South America,OWID_SAM,1989,2
South America,OWID_SAM,1990,3
South America,OWID_SAM,1991,5
South America,OWID_SAM,1992,2
South America,OWID_SAM,1993,1
South America,OWID_SAM,1994,2
South America,OWID_SAM,1995,5
South America,OWID_SAM,1996,4
South America,OWID_SAM,1997,2
South America,OWID_SAM,1998,2
South America,OWID_SAM,1999,3
South America,OWID_SAM,2001,4
South America,OWID_SAM,2002,4
South America,OWID_SAM,2003,1
South America,OWID_SAM,2004,4
South America,OWID_SAM,2005,7
South America,OWID_SAM,2006,2
South America,OWID_SAM,2007,9
South America,OWID_SAM,2008,8
South America,OWID_SAM,2009,4
South America,OWID_SAM,2010,6
South America,OWID_SAM,2011,3
South America,OWID_SAM,2012,5
South America,OWID_SAM,2013,3
South America,OWID_SAM,2014,7
South America,OWID_SAM,2015,9
South America,OWID_SAM,2016,7
South America,OWID_SAM,2017,6
South America,OWID_SAM,2018,5
South America,OWID_SAM,2019,8
South America,OWID_SAM,2020,2
South America,OWID_SAM,2021,7
South America,OWID_SAM,2022,6
South America,OWID_SAM,2023,2
South America,OWID_SAM,2024,5
South Georgia and the South Sandwich Islands,SGS,1929,1
South Georgia and the South Sandwich Islands,SGS,1961,3
South Georgia and the South Sandwich Islands,SGS,2016,1
South Georgia and the South Sandwich Islands,SGS,2021,2
South Korea,KOR,27,1
South Korea,KOR,89,1
South Korea,KOR,100,1
South Korea,KOR,123,1
South Korea,KOR,304,1
South Korea,KOR,510,1
South Korea,KOR,664,1
South Korea,KOR,780,1
South Korea,KOR,1455,1
South Korea,KOR,1553,1
South Korea,KOR,1613,1
South Korea,KOR,1643,1
South Korea,KOR,1649,1
South Korea,KOR,1664,1
South Korea,KOR,1670,1
South Korea,KOR,1681,1
South Korea,KOR,1700,1
South Korea,KOR,1936,1
South Korea,KOR,1978,1
South Korea,KOR,2016,1
South Korea,KOR,2017,1
South Korea,KOR,2024,1
South Sudan,SSD,1850,1
South Sudan,SSD,1857,1
South Sudan,SSD,1990,2
Spain,ESP,-241,1
Spain,ESP,-216,1
Spain,ESP,881,1
Spain,ESP,1374,1
Spain,ESP,1427,1
Spain,ESP,1428,1
Spain,ESP,1431,1
Spain,ESP,1464,1
Spain,ESP,1504,1
Spain,ESP,1518,1
Spain,ESP,1522,1
Spain,ESP,1531,1
Spain,ESP,1589,1
Spain,ESP,1620,1
Spain,ESP,1644,1
Spain,ESP,1654,1
Spain,ESP,1674,1
Spain,ESP,1680,1
Spain,ESP,1748,1
Spain,ESP,1784,1
Spain,ESP,1800,1
Spain,ESP,1804,2
Spain,ESP,1806,1
Spain,ESP,1810,1
Spain,ESP,1817,1
Spain,ESP,1829,1
Spain,ESP,1884,1
Spain,ESP,1930,2
Spain,ESP,1954,1
Spain,ESP,1956,1
Spain,ESP,1978,1
Spain,ESP,1997,1
Spain,ESP,1999,1
Spain,ESP,2005,1
Spain,ESP,2011,1
Sri Lanka,LKA,1882,1
Sudan,SDN,1993,1
Switzerland,CHE,1021,1
Switzerland,CHE,1295,2
Switzerland,CHE,1346,1
Switzerland,CHE,1356,1
Switzerland,CHE,1375,1
Switzerland,CHE,1391,1
Switzerland,CHE,1454,2
Switzerland,CHE,1504,1
Switzerland,CHE,1512,1
Switzerland,CHE,1574,1
Switzerland,CHE,1584,3
Switzerland,CHE,1601,1
Switzerland,CHE,1610,1
Switzerland,CHE,1616,1
Switzerland,CHE,1618,1
Switzerland,CHE,1622,2
Switzerland,CHE,1720,1
Switzerland,CHE,1755,1
Switzerland,CHE,1769,1
Switzerland,CHE,1774,1
Switzerland,CHE,1801,1
Switzerland,CHE,1835,1
Switzerland,CHE,1839,1
Switzerland,CHE,1851,1
Switzerland,CHE,1855,1
Switzerland,CHE,2006,1
Syria,SYR,-2000,1
Syria,SYR,-1365,1
Syria,SYR,522,1
Syria,SYR,533,1
Syria,SYR,552,1
Syria,SYR,742,1
Syria,SYR,748,1
Syria,SYR,844,1
Syria,SYR,847,1
Syria,SYR,951,1
Syria,SYR,991,1
Syria,SYR,1033,1
Syria,SYR,1076,1
Syria,SYR,1089,1
Syria,SYR,1151,1
Syria,SYR,1155,1
Syria,SYR,1156,1
Syria,SYR,1157,1
Syria,SYR,1158,1
Syria,SYR,1169,1
Syria,SYR,1182,1
Syria,SYR,1183,1
Syria,SYR,1202,1
Syria,SYR,1284,1
Syria,SYR,1344,1
Syria,SYR,1354,1
Syria,SYR,1402,1
Syria,SYR,1403,1
Syria,SYR,1404,1
Syria,SYR,1616,1
Syria,SYR,1796,1
Syria,SYR,1905,1
Syria,SYR,2024,1
Taiwan,TWN,1661,1
Taiwan,TWN,1694,1
Taiwan,TWN,1720,1
Taiwan,TWN,1721,2
Taiwan,TWN,1736,1
Taiwan,TWN,1776,1
Taiwan,TWN,1782,1
Taiwan,TWN,1792,1
Taiwan,TWN,1811,1
Taiwan,TWN,1815,1
Taiwan,TWN,1839,1
Taiwan,TWN,1845,1
Taiwan,TWN,1848,1
Taiwan,TWN,1862,1
Taiwan,TWN,1867,1
Taiwan,TWN,1881,2
Taiwan,TWN,1882,1
Taiwan,TWN,1884,1
Taiwan,TWN,1897,1
Taiwan,TWN,1903,1
Taiwan,TWN,1904,2
Taiwan,TWN,1906,2
Taiwan,TWN,1909,2
Taiwan,TWN,1910,1
Taiwan,TWN,1916,2
Taiwan,TWN,1917,3
Taiwan,TWN,1920,1
Taiwan,TWN,1922,1
Taiwan,TWN,1927,1
Taiwan,TWN,1930,2
Taiwan,TWN,1934,1
Taiwan,TWN,1935,4
Taiwan,TWN,1936,1
Taiwan,TWN,1937,1
Taiwan,TWN,1938,1
Taiwan,TWN,1941,1
Taiwan,TWN,1946,1
Taiwan,TWN,1951,2
Taiwan,TWN,1957,1
Taiwan,TWN,1959,2
Taiwan,TWN,1963,1
Taiwan,TWN,1964,1
Taiwan,TWN,1966,1
Taiwan,TWN,1967,1
Taiwan,TWN,1972,4
Taiwan,TWN,1978,2
Taiwan,TWN,1986,2
Taiwan,TWN,1988,1
Taiwan,TWN,1990,2
Taiwan,TWN,1994,3
Taiwan,TWN,1996,1
Taiwan,TWN,1998,2
Taiwan,TWN,1999,3
Taiwan,TWN,2000,2
Taiwan,TWN,2001,1
Taiwan,TWN,2002,1
Taiwan,TWN,2003,1
Taiwan,TWN,2004,2
Taiwan,TWN,2006,3
Taiwan,TWN,2009,1
Taiwan,TWN,2010,1
Taiwan,TWN,2012,1
Taiwan,TWN,2013,2
Taiwan,TWN,2015,1
Taiwan,TWN,2016,1
Taiwan,TWN,2018,1
Taiwan,TWN,2019,2
Taiwan,TWN,2022,2
Taiwan,TWN,2024,1
Tajikistan,TJK,1907,1
Tajikistan,TJK,1911,1
Tajikistan,TJK,1930,1
Tajikistan,TJK,1949,1
Tajikistan,TJK,1977,1
Tajikistan,TJK,1980,1
Tajikistan,TJK,1983,1
Tajikistan,TJK,1984,1
Tajikistan,TJK,1985,1
Tajikistan,TJK,1988,1
Tajikistan,TJK,1989,1
Tajikistan,TJK,1990,1
Tajikistan,TJK,2002,3
Tajikistan,TJK,2006,2
Tajikistan,TJK,2007,1
Tajikistan,TJK,2010,1
Tajikistan,TJK,2012,1
Tajikistan,TJK,2013,1
Tajikistan,TJK,2015,1
Tajikistan,TJK,2016,1
Tajikistan,TJK,2017,1
Tajikistan,TJK,2021,2
Tajikistan,TJK,2023,1
Tanzania,TZA,1910,1
Tanzania,TZA,1919,1
Tanzania,TZA,1964,1
Tanzania,TZA,2000,1
Tanzania,TZA,2002,1
Tanzania,TZA,2016,1
Tanzania,TZA,2017,1
Tanzania,TZA,2019,1
Tasman Sea (NOAA/NCEI),,1892,1
Thailand,THA,460,1
Thailand,THA,1983,1
Thailand,THA,2006,1
Thailand,THA,2014,1
Togo,TGO,1788,1
Togo,TGO,1933,1
Tonga,TON,1853,1
Tonga,TON,1865,1
Tonga,TON,1881,1
Tonga,TON,1902,1
Tonga,TON,1903,1
Tonga,TON,1907,1
Tonga,TON,1913,1
Tonga,TON,1919,1
Tonga,TON,1928,1
Tonga,TON,1948,1
Tonga,TON,1949,1
Tonga,TON,1950,1
Tonga,TON,1956,1
Tonga,TON,1963,1
Tonga,TON,1975,1
Tonga,TON,1977,2
Tonga,TON,1982,1
Tonga,TON,1987,1
Tonga,TON,1997,1
Tonga,TON,2006,1
Tonga,TON,2009,1
Tonga,TON,2022,1
Tonga,TON,2023,1
Trinidad and Tobago,TTO,1795,1
Trinidad and Tobago,TTO,1825,1
Trinidad and Tobago,TTO,1831,1
Trinidad and Tobago,TTO,1888,1
Trinidad and Tobago,TTO,1997,1
Trinidad and Tobago,TTO,2004,1
Trinidad and Tobago,TTO,2006,2
Tunisia,TUN,412,1
Tunisia,TUN,854,1
Tunisia,TUN,856,1
Tunisia,TUN,1040,1
Tunisia,TUN,1758,1
Tunisia,TUN,1905,1
Tunisia,TUN,1941,1
Tunisia,TUN,1957,1
Tunisia,TUN,1962,1
Turkey,TUR,-282,1
Turkey,TUR,11,1
Turkey,TUR,17,1
Turkey,TUR,29,1
Turkey,TUR,37,1
Turkey,TUR,52,1
Turkey,TUR,60,1
Turkey,TUR,68,1
Turkey,TUR,93,1
Turkey,TUR,105,1
Turkey,TUR,109,1
Turkey,TUR,115,1
Turkey,TUR,120,1
Turkey,TUR,177,1
Turkey,TUR,181,1
Turkey,TUR,253,1
Turkey,TUR,262,1
Turkey,TUR,340,1
Turkey,TUR,341,2
Turkey,TUR,344,1
Turkey,TUR,350,1
Turkey,TUR,355,1
Turkey,TUR,358,1
Turkey,TUR,362,1
Turkey,TUR,367,1
Turkey,TUR,368,2
Turkey,TUR,394,1
Turkey,TUR,395,1
Turkey,TUR,407,1
Turkey,TUR,440,1
Turkey,TUR,447,1
Turkey,TUR,450,1
Turkey,TUR,457,1
Turkey,TUR,458,1
Turkey,TUR,460,1
Turkey,TUR,477,1
Turkey,TUR,478,1
Turkey,TUR,484,1
Turkey,TUR,525,1
Turkey,TUR,528,1
Turkey,TUR,543,1
Turkey,TUR,555,1
Turkey,TUR,557,3
Turkey,TUR,558,1
Turkey,TUR,565,1
Turkey,TUR,579,1
Turkey,TUR,581,1
Turkey,TUR,587,1
Turkey,TUR,688,1
Turkey,TUR,713,1
Turkey,TUR,715,1
Turkey,TUR,716,1
Turkey,TUR,740,1
Turkey,TUR,803,1
Turkey,TUR,835,1
Turkey,TUR,846,1
Turkey,TUR,858,1
Turkey,TUR,859,1
Turkey,TUR,863,1
Turkey,TUR,869,1
Turkey,TUR,967,1
Turkey,TUR,972,1
Turkey,TUR,989,1
Turkey,TUR,1003,1
Turkey,TUR,1010,1
Turkey,TUR,1036,1
Turkey,TUR,1039,1
Turkey,TUR,1045,1
Turkey,TUR,1046,1
Turkey,TUR,1063,1
Turkey,TUR,1064,1
Turkey,TUR,1082,1
Turkey,TUR,1085,1
Turkey,TUR,1091,1
Turkey,TUR,1106,1
Turkey,TUR,1109,1
Turkey,TUR,1111,1
Turkey,TUR,1114,2
Turkey,TUR,1115,2
Turkey,TUR,1143,1
Turkey,TUR,1179,1
Turkey,TUR,1231,1
Turkey,TUR,1268,1
Turkey,TUR,1269,1
Turkey,TUR,1296,1
Turkey,TUR,1332,1
Turkey,TUR,1343,1
Turkey,TUR,1354,1
Turkey,TUR,1407,1
Turkey,TUR,1408,1
Turkey,TUR,1419,1
Turkey,TUR,1441,1
Turkey,TUR,1444,1
Turkey,TUR,1456,1
Turkey,TUR,1458,1
Turkey,TUR,1482,1
Turkey,TUR,1489,1
Turkey,TUR,1509,2
Turkey,TUR,1542,1
Turkey,TUR,1556,2
Turkey,TUR,1577,1
Turkey,TUR,1598,1
Turkey,TUR,1646,2
Turkey,TUR,1648,1
Turkey,TUR,1653,1
Turkey,TUR,1667,1
Turkey,TUR,1668,1
Turkey,TUR,1679,1
Turkey,TUR,1688,1
Turkey,TUR,1690,1
Turkey,TUR,1707,1
Turkey,TUR,1715,1
Turkey,TUR,1719,1
Turkey,TUR,1737,1
Turkey,TUR,1743,1
Turkey,TUR,1752,1
Turkey,TUR,1754,1
Turkey,TUR,1766,2
Turkey,TUR,1772,1
Turkey,TUR,1778,1
Turkey,TUR,1783,1
Turkey,TUR,1784,1
Turkey,TUR,1822,2
Turkey,TUR,1827,1
Turkey,TUR,1829,1
Turkey,TUR,1835,1
Turkey,TUR,1840,1
Turkey,TUR,1844,1
Turkey,TUR,1845,1
Turkey,TUR,1850,1
Turkey,TUR,1851,2
Turkey,TUR,1852,1
Turkey,TUR,1855,3
Turkey,TUR,1857,2
Turkey,TUR,1859,2
Turkey,TUR,1862,1
Turkey,TUR,1863,2
Turkey,TUR,1866,1
Turkey,TUR,1868,1
Turkey,TUR,1869,1
Turkey,TUR,1872,1
Turkey,TUR,1874,1
Turkey,TUR,1875,3
Turkey,TUR,1876,1
Turkey,TUR,1878,1
Turkey,TUR,1880,4
Turkey,TUR,1881,2
Turkey,TUR,1883,1
Turkey,TUR,1888,1
Turkey,TUR,1891,1
Turkey,TUR,1893,1
Turkey,TUR,1894,1
Turkey,TUR,1899,2
Turkey,TUR,1900,1
Turkey,TUR,1901,2
Turkey,TUR,1902,1
Turkey,TUR,1903,3
Turkey,TUR,1905,2
Turkey,TUR,1909,3
Turkey,TUR,1910,1
Turkey,TUR,1912,1
Turkey,TUR,1914,2
Turkey,TUR,1916,1
Turkey,TUR,1924,2
Turkey,TUR,1925,2
Turkey,TUR,1926,1
Turkey,TUR,1928,2
Turkey,TUR,1929,1
Turkey,TUR,1934,2
Turkey,TUR,1935,2
Turkey,TUR,1938,1
Turkey,TUR,1939,4
Turkey,TUR,1940,2
Turkey,TUR,1941,2
Turkey,TUR,1942,5
Turkey,TUR,1943,3
Turkey,TUR,1944,3
Turkey,TUR,1945,4
Turkey,TUR,1946,2
Turkey,TUR,1949,1
Turkey,TUR,1950,1
Turkey,TUR,1951,1
Turkey,TUR,1952,3
Turkey,TUR,1953,2
Turkey,TUR,1955,1
Turkey,TUR,1956,1
Turkey,TUR,1957,3
Turkey,TUR,1959,2
Turkey,TUR,1961,1
Turkey,TUR,1962,1
Turkey,TUR,1963,1
Turkey,TUR,1964,2
Turkey,TUR,1966,5
Turkey,TUR,1967,2
Turkey,TUR,1968,2
Turkey,TUR,1969,3
Turkey,TUR,1970,3
Turkey,TUR,1971,2
Turkey,TUR,1974,1
Turkey,TUR,1975,2
Turkey,TUR,1976,5
Turkey,TUR,1977,2
Turkey,TUR,1978,1
Turkey,TUR,1979,1
Turkey,TUR,1983,2
Turkey,TUR,1984,2
Turkey,TUR,1985,1
Turkey,TUR,1986,3
Turkey,TUR,1989,1
Turkey,TUR,1990,1
Turkey,TUR,1991,2
Turkey,TUR,1992,1
Turkey,TUR,1995,1
Turkey,TUR,1998,1
Turkey,TUR,1999,6
Turkey,TUR,2000,3
Turkey,TUR,2001,1
Turkey,TUR,2002,1
Turkey,TUR,2003,5
Turkey,TUR,2004,7
Turkey,TUR,2005,7
Turkey,TUR,2006,1
Turkey,TUR,2007,4
Turkey,TUR,2008,1
Turkey,TUR,2010,1
Turkey,TUR,2011,3
Turkey,TUR,2012,2
Turkey,TUR,2017,3
Turkey,TUR,2018,1
Turkey,TUR,2019,2
Turkey,TUR,2020,4
Turkey,TUR,2023,4
Turkey,TUR,2024,3
Turkmenistan,TKM,-2000,1
Turkmenistan,TKM,10,1
Turkmenistan,TKM,943,1
Turkmenistan,TKM,953,1
Turkmenistan,TKM,1175,1
Turkmenistan,TKM,1208,1
Turkmenistan,TKM,1895,1
Turkmenistan,TKM,1946,1
Turkmenistan,TKM,1948,1
Turkmenistan,TKM,1983,1
Turkmenistan,TKM,1986,1
Turkmenistan,TKM,2000,1
Uganda,UGA,1912,1
Uganda,UGA,1945,1
Uganda,UGA,1966,1
Uganda,UGA,1994,1
Ukraine,UKR,103,1
Ukraine,UKR,1341,1
Ukraine,UKR,1615,1
Ukraine,UKR,1650,1
Ukraine,UKR,1869,1
Ukraine,UKR,1872,1
Ukraine,UKR,1875,2
Ukraine,UKR,1927,4
United Kingdom,GBR,720,1
United Kingdom,GBR,811,1
United Kingdom,GBR,842,1
United Kingdom,GBR,1048,1
United Kingdom,GBR,1118,1
United Kingdom,GBR,1580,1
United Kingdom,GBR,1734,1
United Kingdom,GBR,1757,1
United Kingdom,GBR,1931,1
United Kingdom,GBR,1984,1
United Kingdom,GBR,1990,1
United Kingdom,GBR,2002,1
United Kingdom,GBR,2007,1
United Kingdom,GBR,2008,1
United Kingdom Territory (NOAA/NCEI),,1821,1
United Kingdom Territory (NOAA/NCEI),,1983,1
United States,USA,1500,1
United States,USA,1668,1
United States,USA,1700,1
United States,USA,1727,1
United States,USA,1755,1
United States,USA,1788,2
United States,USA,1792,1
United States,USA,1806,1
United States,USA,1811,2
United States,USA,1812,4
United States,USA,1817,1
United States,USA,1820,1
United States,USA,1836,1
United States,USA,1838,1
United States,USA,1839,1
United States,USA,1840,1
United States,USA,1851,2
United States,USA,1852,1
United States,USA,1853,1
United States,USA,1854,3
United States,USA,1855,3
United States,USA,1856,1
United States,USA,1857,1
United States,USA,1858,1
United States,USA,1859,1
United States,USA,1861,1
United States,USA,1862,1
United States,USA,1865,3
United States,USA,1866,1
United States,USA,1868,3
United States,USA,1869,2
United States,USA,1871,3
United States,USA,1872,3
United States,USA,1873,1
United States,USA,1877,1
United States,USA,1878,2
United States,USA,1879,1
United States,USA,1880,2
United States,USA,1884,3
United States,USA,1886,1
United States,USA,1891,1
United States,USA,1892,2
United States,USA,1895,2
United States,USA,1898,3
United States,USA,1899,4
United States,USA,1900,2
United States,USA,1901,2
United States,USA,1902,3
United States,USA,1903,1
United States,USA,1904,1
United States,USA,1905,1
United States,USA,1906,3
United States,USA,1907,2
United States,USA,1908,2
United States,USA,1909,2
United States,USA,1911,1
United States,USA,1912,1
United States,USA,1915,2
United States,USA,1916,2
United States,USA,1917,1
United States,USA,1918,1
United States,USA,1921,1
United States,USA,1922,1
United States,USA,1923,1
United States,USA,1925,3
United States,USA,1926,1
United States,USA,1927,3
United States,USA,1929,3
United States,USA,1930,1
United States,USA,1932,3
United States,USA,1933,1
United States,USA,1934,2
United States,USA,1935,2
United States,USA,1938,1
United States,USA,1940,3
United States,USA,1941,1
United States,USA,1944,1
United States,USA,1946,2
United States,USA,1947,1
United States,USA,1948,1
United States,USA,1949,2
United States,USA,1951,2
United States,USA,1952,3
United States,USA,1954,4
United States,USA,1955,1
United States,USA,1957,3
United States,USA,1958,1
United States,USA,1959,1
United States,USA,1961,1
United States,USA,1962,2
United States,USA,1964,1
United States,USA,1965,4
United States,USA,1969,1
United States,USA,1970,1
United States,USA,1971,3
United States,USA,1972,1
United States,USA,1973,2
United States,USA,1975,4
United States,USA,1978,1
United States,USA,1979,2
United States,USA,1980,5
United States,USA,1981,1
United States,USA,1983,4
United States,USA,1984,2
United States,USA,1986,5
United States,USA,1987,5
United States,USA,1988,1
United States,USA,1989,3
United States,USA,1990,1
United States,USA,1991,2
United States,USA,1992,5
United States,USA,1993,2
United States,USA,1994,5
United States,USA,1995,1
United States,USA,1996,2
United States,USA,1999,1
United States,USA,2000,1
United States,USA,2001,2
United States,USA,2002,3
United States,USA,2003,5
United States,USA,2004,1
United States,USA,2005,2
United States,USA,2006,1
United States,USA,2007,6
United States,USA,2008,4
United States,USA,2010,3
United States,USA,2011,7
United States,USA,2013,2
United States,USA,2014,6
United States,USA,2015,1
United States,USA,2016,2
United States,USA,2018,4
United States,USA,2019,2
United States,USA,2020,4
United States,USA,2021,1
United States,USA,2022,1
United States,USA,2023,1
United States,USA,2024,1
United States Territory (NOAA/NCEI),,1717,1
United States Territory (NOAA/NCEI),,1787,2
United States Territory (NOAA/NCEI),,1809,1
United States Territory (NOAA/NCEI),,1825,1
United States Territory (NOAA/NCEI),,1834,1
United States Territory (NOAA/NCEI),,1837,1
United States Territory (NOAA/NCEI),,1844,1
United States Territory (NOAA/NCEI),,1849,1
United States Territory (NOAA/NCEI),,1867,2
United States Territory (NOAA/NCEI),,1868,1
United States Territory (NOAA/NCEI),,1871,1
United States Territory (NOAA/NCEI),,1874,1
United States Territory (NOAA/NCEI),,1875,1
United States Territory (NOAA/NCEI),,1892,1
United States Territory (NOAA/NCEI),,1902,1
United States Territory (NOAA/NCEI),,1903,1
United States Territory (NOAA/NCEI),,1909,1
United States Territory (NOAA/NCEI),,1918,3
United States Territory (NOAA/NCEI),,1943,1
United States Territory (NOAA/NCEI),,1975,1
United States Territory (NOAA/NCEI),,1988,1
United States Territory (NOAA/NCEI),,1989,1
United States Territory (NOAA/NCEI),,1990,1
United States Territory (NOAA/NCEI),,1993,1
United States Territory (NOAA/NCEI),,1997,1
United States Territory (NOAA/NCEI),,2001,1
United States Territory (NOAA/NCEI),,2002,2
United States Territory (NOAA/NCEI),,2010,3
United States Territory (NOAA/NCEI),,2014,1
United States Territory (NOAA/NCEI),,2016,1
United States Territory (NOAA/NCEI),,2020,1
Upper-middle-income countries,OWID_UMC,-2150,1
Upper-middle-income countries,OWID_UMC,-2000,1
Upper-middle-income countries,OWID_UMC,-1050,1
Upper-middle-income countries,OWID_UMC,-400,1
Upper-middle-income countries,OWID_UMC,-282,1
Upper-middle-income countries,OWID_UMC,-193,1
Upper-middle-income countries,OWID_UMC,-186,1
Upper-middle-income countries,OWID_UMC,-70,1
Upper-middle-income countries,OWID_UMC,-58,1
Upper-middle-income countries,OWID_UMC,-50,1
Upper-middle-income countries,OWID_UMC,-47,1
Upper-middle-income countries,OWID_UMC,-26,1
Upper-middle-income countries,OWID_UMC,10,1
Upper-middle-income countries,OWID_UMC,11,1
Upper-middle-income countries,OWID_UMC,17,1
Upper-middle-income countries,OWID_UMC,29,1
Upper-middle-income countries,OWID_UMC,37,1
Upper-middle-income countries,OWID_UMC,46,1
Upper-middle-income countries,OWID_UMC,52,1
Upper-middle-income countries,OWID_UMC,57,1
Upper-middle-income countries,OWID_UMC,60,1
Upper-middle-income countries,OWID_UMC,68,1
Upper-middle-income countries,OWID_UMC,93,1
Upper-middle-income countries,OWID_UMC,103,1
Upper-middle-income countries,OWID_UMC,105,1
Upper-middle-income countries,OWID_UMC,109,1
Upper-middle-income countries,OWID_UMC,115,1
Upper-middle-income countries,OWID_UMC,120,1
Upper-middle-income countries,OWID_UMC,128,1
Upper-middle-income countries,OWID_UMC,138,1
Upper-middle-income countries,OWID_UMC,143,1
Upper-middle-income countries,OWID_UMC,173,1
Upper-middle-income countries,OWID_UMC,177,1
Upper-middle-income countries,OWID_UMC,180,1
Upper-middle-income countries,OWID_UMC,181,1
Upper-middle-income countries,OWID_UMC,253,1
Upper-middle-income countries,OWID_UMC,262,1
Upper-middle-income countries,OWID_UMC,294,2
Upper-middle-income countries,OWID_UMC,319,1
Upper-middle-income countries,OWID_UMC,334,1
Upper-middle-income countries,OWID_UMC,340,1
Upper-middle-income countries,OWID_UMC,341,2
Upper-middle-income countries,OWID_UMC,342,1
Upper-middle-income countries,OWID_UMC,344,2
Upper-middle-income countries,OWID_UMC,346,1
Upper-middle-income countries,OWID_UMC,350,1
Upper-middle-income countries,OWID_UMC,355,1
Upper-middle-income countries,OWID_UMC,358,1
Upper-middle-income countries,OWID_UMC,361,1
Upper-middle-income countries,OWID_UMC,362,2
Upper-middle-income countries,OWID_UMC,367,1
Upper-middle-income countries,OWID_UMC,368,2
Upper-middle-income countries,OWID_UMC,394,1
Upper-middle-income countries,OWID_UMC,395,1
Upper-middle-income countries,OWID_UMC,407,1
Upper-middle-income countries,OWID_UMC,427,1
Upper-middle-income countries,OWID_UMC,440,1
Upper-middle-income countries,OWID_UMC,447,1
Upper-middle-income countries,OWID_UMC,450,1
Upper-middle-income countries,OWID_UMC,457,1
Upper-middle-income countries,OWID_UMC,458,1
Upper-middle-income countries,OWID_UMC,460,2
Upper-middle-income countries,OWID_UMC,477,1
Upper-middle-income countries,OWID_UMC,478,1
Upper-middle-income countries,OWID_UMC,484,1
Upper-middle-income countries,OWID_UMC,499,1
Upper-middle-income countries,OWID_UMC,500,1
Upper-middle-income countries,OWID_UMC,512,1
Upper-middle-income countries,OWID_UMC,518,1
Upper-middle-income countries,OWID_UMC,522,1
Upper-middle-income countries,OWID_UMC,525,1
Upper-middle-income countries,OWID_UMC,528,1
Upper-middle-income countries,OWID_UMC,543,1
Upper-middle-income countries,OWID_UMC,555,1
Upper-middle-income countries,OWID_UMC,557,3
Upper-middle-income countries,OWID_UMC,558,1
Upper-middle-income countries,OWID_UMC,565,1
Upper-middle-income countries,OWID_UMC,579,1
Upper-middle-income countries,OWID_UMC,581,1
Upper-middle-income countries,OWID_UMC,587,1
Upper-middle-income countries,OWID_UMC,600,1
Upper-middle-income countries,OWID_UMC,649,1
Upper-middle-income countries,OWID_UMC,662,1
Upper-middle-income countries,OWID_UMC,678,1
Upper-middle-income countries,OWID_UMC,688,1
Upper-middle-income countries,OWID_UMC,704,1
Upper-middle-income countries,OWID_UMC,713,1
Upper-middle-income countries,OWID_UMC,715,1
Upper-middle-income countries,OWID_UMC,716,1
Upper-middle-income countries,OWID_UMC,734,1
Upper-middle-income countries,OWID_UMC,735,1
Upper-middle-income countries,OWID_UMC,740,1
Upper-middle-income countries,OWID_UMC,743,1
Upper-middle-income countries,OWID_UMC,749,1
Upper-middle-income countries,OWID_UMC,763,1
Upper-middle-income countries,OWID_UMC,777,1
Upper-middle-income countries,OWID_UMC,778,1
Upper-middle-income countries,OWID_UMC,788,1
Upper-middle-income countries,OWID_UMC,803,1
Upper-middle-income countries,OWID_UMC,814,1
Upper-middle-income countries,OWID_UMC,820,1
Upper-middle-income countries,OWID_UMC,835,1
Upper-middle-income countries,OWID_UMC,845,1
Upper-middle-income countries,OWID_UMC,846,1
Upper-middle-income countries,OWID_UMC,847,1
Upper-middle-income countries,OWID_UMC,850,1
Upper-middle-income countries,OWID_UMC,851,1
Upper-middle-income countries,OWID_UMC,854,1
Upper-middle-income countries,OWID_UMC,855,1
Upper-middle-income countries,OWID_UMC,856,2
Upper-middle-income countries,OWID_UMC,858,2
Upper-middle-income countries,OWID_UMC,859,1
Upper-middle-income countries,OWID_UMC,860,1
Upper-middle-income countries,OWID_UMC,863,3
Upper-middle-income countries,OWID_UMC,864,1
Upper-middle-income countries,OWID_UMC,869,1
Upper-middle-income countries,OWID_UMC,871,1
Upper-middle-income countries,OWID_UMC,876,1
Upper-middle-income countries,OWID_UMC,891,1
Upper-middle-income countries,OWID_UMC,893,1
Upper-middle-income countries,OWID_UMC,896,1
Upper-middle-income countries,OWID_UMC,898,1
Upper-middle-income countries,OWID_UMC,910,1
Upper-middle-income countries,OWID_UMC,912,1
Upper-middle-income countries,OWID_UMC,942,1
Upper-middle-income countries,OWID_UMC,943,1
Upper-middle-income countries,OWID_UMC,953,1
Upper-middle-income countries,OWID_UMC,956,1
Upper-middle-income countries,OWID_UMC,957,2
Upper-middle-income countries,OWID_UMC,958,2
Upper-middle-income countries,OWID_UMC,967,1
Upper-middle-income countries,OWID_UMC,972,1
Upper-middle-income countries,OWID_UMC,977,1
Upper-middle-income countries,OWID_UMC,978,1
Upper-middle-income countries,OWID_UMC,986,1
Upper-middle-income countries,OWID_UMC,989,1
Upper-middle-income countries,OWID_UMC,999,2
Upper-middle-income countries,OWID_UMC,1000,1
Upper-middle-income countries,OWID_UMC,1001,1
Upper-middle-income countries,OWID_UMC,1003,1
Upper-middle-income countries,OWID_UMC,1007,1
Upper-middle-income countries,OWID_UMC,1008,1
Upper-middle-income countries,OWID_UMC,1010,1
Upper-middle-income countries,OWID_UMC,1022,1
Upper-middle-income countries,OWID_UMC,1036,1
Upper-middle-income countries,OWID_UMC,1037,1
Upper-middle-income countries,OWID_UMC,1038,1
Upper-middle-income countries,OWID_UMC,1039,1
Upper-middle-income countries,OWID_UMC,1042,2
Upper-middle-income countries,OWID_UMC,1045,1
Upper-middle-income countries,OWID_UMC,1046,1
Upper-middle-income countries,OWID_UMC,1052,2
Upper-middle-income countries,OWID_UMC,1057,1
Upper-middle-income countries,OWID_UMC,1058,1
Upper-middle-income countries,OWID_UMC,1063,1
Upper-middle-income countries,OWID_UMC,1064,1
Upper-middle-income countries,OWID_UMC,1065,1
Upper-middle-income countries,OWID_UMC,1066,1
Upper-middle-income countries,OWID_UMC,1067,1
Upper-middle-income countries,OWID_UMC,1068,1
Upper-middle-income countries,OWID_UMC,1082,1
Upper-middle-income countries,OWID_UMC,1085,2
Upper-middle-income countries,OWID_UMC,1086,1
Upper-middle-income countries,OWID_UMC,1088,1
Upper-middle-income countries,OWID_UMC,1091,1
Upper-middle-income countries,OWID_UMC,1101,1
Upper-middle-income countries,OWID_UMC,1102,1
Upper-middle-income countries,OWID_UMC,1106,1
Upper-middle-income countries,OWID_UMC,1109,1
Upper-middle-income countries,OWID_UMC,1111,1
Upper-middle-income countries,OWID_UMC,1114,2
Upper-middle-income countries,OWID_UMC,1115,3
Upper-middle-income countries,OWID_UMC,1119,1
Upper-middle-income countries,OWID_UMC,1125,1
Upper-middle-income countries,OWID_UMC,1130,2
Upper-middle-income countries,OWID_UMC,1137,1
Upper-middle-income countries,OWID_UMC,1139,1
Upper-middle-income countries,OWID_UMC,1143,2
Upper-middle-income countries,OWID_UMC,1149,1
Upper-middle-income countries,OWID_UMC,1175,2
Upper-middle-income countries,OWID_UMC,1176,1
Upper-middle-income countries,OWID_UMC,1179,1
Upper-middle-income countries,OWID_UMC,1202,1
Upper-middle-income countries,OWID_UMC,1208,2
Upper-middle-income countries,OWID_UMC,1209,2
Upper-middle-income countries,OWID_UMC,1219,1
Upper-middle-income countries,OWID_UMC,1227,1
Upper-middle-income countries,OWID_UMC,1231,1
Upper-middle-income countries,OWID_UMC,1237,3
Upper-middle-income countries,OWID_UMC,1267,1
Upper-middle-income countries,OWID_UMC,1268,1
Upper-middle-income countries,OWID_UMC,1269,1
Upper-middle-income countries,OWID_UMC,1272,1
Upper-middle-income countries,OWID_UMC,1273,1
Upper-middle-income countries,OWID_UMC,1275,1
Upper-middle-income countries,OWID_UMC,1280,1
Upper-middle-income countries,OWID_UMC,1281,1
Upper-middle-income countries,OWID_UMC,1283,1
Upper-middle-income countries,OWID_UMC,1289,1
Upper-middle-income countries,OWID_UMC,1290,1
Upper-middle-income countries,OWID_UMC,1291,2
Upper-middle-income countries,OWID_UMC,1296,1
Upper-middle-income countries,OWID_UMC,1300,1
Upper-middle-income countries,OWID_UMC,1301,1
Upper-middle-income countries,OWID_UMC,1303,1
Upper-middle-income countries,OWID_UMC,1304,1
Upper-middle-income countries,OWID_UMC,1305,1
Upper-middle-income countries,OWID_UMC,1306,2
Upper-middle-income countries,OWID_UMC,1310,2
Upper-middle-income countries,OWID_UMC,1314,1
Upper-middle-income countries,OWID_UMC,1319,1
Upper-middle-income countries,OWID_UMC,1327,1
Upper-middle-income countries,OWID_UMC,1332,1
Upper-middle-income countries,OWID_UMC,1336,2
Upper-middle-income countries,OWID_UMC,1337,1
Upper-middle-income countries,OWID_UMC,1340,1
Upper-middle-income countries,OWID_UMC,1341,1
Upper-middle-income countries,OWID_UMC,1343,2
Upper-middle-income countries,OWID_UMC,1344,1
Upper-middle-income countries,OWID_UMC,1347,1
Upper-middle-income countries,OWID_UMC,1350,1
Upper-middle-income countries,OWID_UMC,1351,1
Upper-middle-income countries,OWID_UMC,1352,1
Upper-middle-income countries,OWID_UMC,1354,1
Upper-middle-income countries,OWID_UMC,1359,1
Upper-middle-income countries,OWID_UMC,1360,1
Upper-middle-income countries,OWID_UMC,1361,1
Upper-middle-income countries,OWID_UMC,1365,1
Upper-middle-income countries,OWID_UMC,1367,1
Upper-middle-income countries,OWID_UMC,1368,1
Upper-middle-income countries,OWID_UMC,1372,1
Upper-middle-income countries,OWID_UMC,1380,1
Upper-middle-income countries,OWID_UMC,1382,1
Upper-middle-income countries,OWID_UMC,1386,1
Upper-middle-income countries,OWID_UMC,1389,3
Upper-middle-income countries,OWID_UMC,1400,2
Upper-middle-income countries,OWID_UMC,1405,1
Upper-middle-income countries,OWID_UMC,1407,1
Upper-middle-income countries,OWID_UMC,1408,1
Upper-middle-income countries,OWID_UMC,1419,1
Upper-middle-income countries,OWID_UMC,1440,2
Upper-middle-income countries,OWID_UMC,1441,2
Upper-middle-income countries,OWID_UMC,1444,1
Upper-middle-income countries,OWID_UMC,1445,1
Upper-middle-income countries,OWID_UMC,1456,2
Upper-middle-income countries,OWID_UMC,1458,1
Upper-middle-income countries,OWID_UMC,1471,1
Upper-middle-income countries,OWID_UMC,1475,1
Upper-middle-income countries,OWID_UMC,1478,1
Upper-middle-income countries,OWID_UMC,1481,1
Upper-middle-income countries,OWID_UMC,1482,2
Upper-middle-income countries,OWID_UMC,1483,1
Upper-middle-income countries,OWID_UMC,1484,2
Upper-middle-income countries,OWID_UMC,1485,1
Upper-middle-income countries,OWID_UMC,1487,1
Upper-middle-income countries,OWID_UMC,1488,1
Upper-middle-income countries,OWID_UMC,1489,1
Upper-middle-income countries,OWID_UMC,1493,1
Upper-middle-income countries,OWID_UMC,1494,1
Upper-middle-income countries,OWID_UMC,1495,1
Upper-middle-income countries,OWID_UMC,1499,1
Upper-middle-income countries,OWID_UMC,1500,1
Upper-middle-income countries,OWID_UMC,1501,1
Upper-middle-income countries,OWID_UMC,1502,2
Upper-middle-income countries,OWID_UMC,1505,1
Upper-middle-income countries,OWID_UMC,1507,1
Upper-middle-income countries,OWID_UMC,1509,3
Upper-middle-income countries,OWID_UMC,1511,1
Upper-middle-income countries,OWID_UMC,1512,1
Upper-middle-income countries,OWID_UMC,1513,1
Upper-middle-income countries,OWID_UMC,1514,1
Upper-middle-income countries,OWID_UMC,1515,2
Upper-middle-income countries,OWID_UMC,1517,1
Upper-middle-income countries,OWID_UMC,1520,1
Upper-middle-income countries,OWID_UMC,1523,1
Upper-middle-income countries,OWID_UMC,1527,1
Upper-middle-income countries,OWID_UMC,1531,1
Upper-middle-income countries,OWID_UMC,1535,1
Upper-middle-income countries,OWID_UMC,1536,1
Upper-middle-income countries,OWID_UMC,1537,1
Upper-middle-income countries,OWID_UMC,1538,1
Upper-middle-income countries,OWID_UMC,1539,1
Upper-middle-income countries,OWID_UMC,1542,2
Upper-middle-income countries,OWID_UMC,1545,1
Upper-middle-income countries,OWID_UMC,1549,1
Upper-middle-income countries,OWID_UMC,1550,1
Upper-middle-income countries,OWID_UMC,1551,1
Upper-middle-income countries,OWID_UMC,1552,1
Upper-middle-income countries,OWID_UMC,1555,2
Upper-middle-income countries,OWID_UMC,1556,4
Upper-middle-income countries,OWID_UMC,1560,2
Upper-middle-income countries,OWID_UMC,1561,2
Upper-middle-income countries,OWID_UMC,1563,2
Upper-middle-income countries,OWID_UMC,1564,1
Upper-middle-income countries,OWID_UMC,1565,1
Upper-middle-income countries,OWID_UMC,1566,3
Upper-middle-income countries,OWID_UMC,1568,3
Upper-middle-income countries,OWID_UMC,1571,1
Upper-middle-income countries,OWID_UMC,1573,2
Upper-middle-income countries,OWID_UMC,1574,1
Upper-middle-income countries,OWID_UMC,1575,2
Upper-middle-income countries,OWID_UMC,1576,1
Upper-middle-income countries,OWID_UMC,1577,2
Upper-middle-income countries,OWID_UMC,1578,1
Upper-middle-income countries,OWID_UMC,1579,1
Upper-middle-income countries,OWID_UMC,1581,2
Upper-middle-income countries,OWID_UMC,1582,2
Upper-middle-income countries,OWID_UMC,1584,1
Upper-middle-income countries,OWID_UMC,1586,3
Upper-middle-income countries,OWID_UMC,1587,2
Upper-middle-income countries,OWID_UMC,1588,2
Upper-middle-income countries,OWID_UMC,1590,3
Upper-middle-income countries,OWID_UMC,1594,2
Upper-middle-income countries,OWID_UMC,1598,1
Upper-middle-income countries,OWID_UMC,1599,1
Upper-middle-income countries,OWID_UMC,1600,4
Upper-middle-income countries,OWID_UMC,1601,1
Upper-middle-income countries,OWID_UMC,1603,1
Upper-middle-income countries,OWID_UMC,1604,3
Upper-middle-income countries,OWID_UMC,1605,1
Upper-middle-income countries,OWID_UMC,1606,1
Upper-middle-income countries,OWID_UMC,1607,1
Upper-middle-income countries,OWID_UMC,1608,5
Upper-middle-income countries,OWID_UMC,1609,2
Upper-middle-income countries,OWID_UMC,1610,1
Upper-middle-income countries,OWID_UMC,1611,3
Upper-middle-income countries,OWID_UMC,1614,1
Upper-middle-income countries,OWID_UMC,1615,2
Upper-middle-income countries,OWID_UMC,1616,1
Upper-middle-income countries,OWID_UMC,1618,2
Upper-middle-income countries,OWID_UMC,1619,2
Upper-middle-income countries,OWID_UMC,1620,2
Upper-middle-income countries,OWID_UMC,1621,1
Upper-middle-income countries,OWID_UMC,1622,2
Upper-middle-income countries,OWID_UMC,1626,1
Upper-middle-income countries,OWID_UMC,1627,3
Upper-middle-income countries,OWID_UMC,1628,2
Upper-middle-income countries,OWID_UMC,1629,1
Upper-middle-income countries,OWID_UMC,1630,3
Upper-middle-income countries,OWID_UMC,1631,3
Upper-middle-income countries,OWID_UMC,1633,1
Upper-middle-income countries,OWID_UMC,1634,3
Upper-middle-income countries,OWID_UMC,1636,1
Upper-middle-income countries,OWID_UMC,1639,1
Upper-middle-income countries,OWID_UMC,1640,3
Upper-middle-income countries,OWID_UMC,1641,4
Upper-middle-income countries,OWID_UMC,1642,1
Upper-middle-income countries,OWID_UMC,1644,1
Upper-middle-income countries,OWID_UMC,1645,3
Upper-middle-income countries,OWID_UMC,1646,3
Upper-middle-income countries,OWID_UMC,1647,1
Upper-middle-income countries,OWID_UMC,1648,2
Upper-middle-income countries,OWID_UMC,1650,3
Upper-middle-income countries,OWID_UMC,1651,1
Upper-middle-income countries,OWID_UMC,1652,1
Upper-middle-income countries,OWID_UMC,1653,2
Upper-middle-income countries,OWID_UMC,1654,2
Upper-middle-income countries,OWID_UMC,1655,1
Upper-middle-income countries,OWID_UMC,1657,3
Upper-middle-income countries,OWID_UMC,1658,3
Upper-middle-income countries,OWID_UMC,1659,2
Upper-middle-income countries,OWID_UMC,1660,1
Upper-middle-income countries,OWID_UMC,1662,2
Upper-middle-income countries,OWID_UMC,1664,3
Upper-middle-income countries,OWID_UMC,1665,2
Upper-middle-income countries,OWID_UMC,1666,2
Upper-middle-income countries,OWID_UMC,1667,6
Upper-middle-income countries,OWID_UMC,1668,4
Upper-middle-income countries,OWID_UMC,1670,2
Upper-middle-income countries,OWID_UMC,1671,1
Upper-middle-income countries,OWID_UMC,1673,5
Upper-middle-income countries,OWID_UMC,1674,3
Upper-middle-income countries,OWID_UMC,1675,1
Upper-middle-income countries,OWID_UMC,1677,3
Upper-middle-income countries,OWID_UMC,1678,4
Upper-middle-income countries,OWID_UMC,1679,3
Upper-middle-income countries,OWID_UMC,1680,1
Upper-middle-income countries,OWID_UMC,1681,1
Upper-middle-income countries,OWID_UMC,1682,2
Upper-middle-income countries,OWID_UMC,1683,3
Upper-middle-income countries,OWID_UMC,1684,1
Upper-middle-income countries,OWID_UMC,1687,4
Upper-middle-income countries,OWID_UMC,1688,4
Upper-middle-income countries,OWID_UMC,1689,2
Upper-middle-income countries,OWID_UMC,1690,2
Upper-middle-income countries,OWID_UMC,1691,1
Upper-middle-income countries,OWID_UMC,1692,3
Upper-middle-income countries,OWID_UMC,1693,1
Upper-middle-income countries,OWID_UMC,1695,1
Upper-middle-income countries,OWID_UMC,1696,1
Upper-middle-income countries,OWID_UMC,1697,1
Upper-middle-income countries,OWID_UMC,1698,2
Upper-middle-income countries,OWID_UMC,1699,2
Upper-middle-income countries,OWID_UMC,1701,1
Upper-middle-income countries,OWID_UMC,1703,2
Upper-middle-income countries,OWID_UMC,1704,2
Upper-middle-income countries,OWID_UMC,1707,3
Upper-middle-income countries,OWID_UMC,1708,1
Upper-middle-income countries,OWID_UMC,1709,1
Upper-middle-income countries,OWID_UMC,1710,2
Upper-middle-income countries,OWID_UMC,1711,2
Upper-middle-income countries,OWID_UMC,1713,2
Upper-middle-income countries,OWID_UMC,1714,1
Upper-middle-income countries,OWID_UMC,1715,2
Upper-middle-income countries,OWID_UMC,1716,7
Upper-middle-income countries,OWID_UMC,1717,1
Upper-middle-income countries,OWID_UMC,1718,1
Upper-middle-income countries,OWID_UMC,1719,2
Upper-middle-income countries,OWID_UMC,1720,1
Upper-middle-income countries,OWID_UMC,1721,2
Upper-middle-income countries,OWID_UMC,1722,1
Upper-middle-income countries,OWID_UMC,1725,5
Upper-middle-income countries,OWID_UMC,1727,2
Upper-middle-income countries,OWID_UMC,1728,1
Upper-middle-income countries,OWID_UMC,1730,2
Upper-middle-income countries,OWID_UMC,1731,1
Upper-middle-income countries,OWID_UMC,1732,1
Upper-middle-income countries,OWID_UMC,1733,1
Upper-middle-income countries,OWID_UMC,1735,2
Upper-middle-income countries,OWID_UMC,1736,1
Upper-middle-income countries,OWID_UMC,1737,1
Upper-middle-income countries,OWID_UMC,1738,2
Upper-middle-income countries,OWID_UMC,1739,4
Upper-middle-income countries,OWID_UMC,1740,2
Upper-middle-income countries,OWID_UMC,1743,4
Upper-middle-income countries,OWID_UMC,1744,1
Upper-middle-income countries,OWID_UMC,1746,1
Upper-middle-income countries,OWID_UMC,1747,2
Upper-middle-income countries,OWID_UMC,1748,4
Upper-middle-income countries,OWID_UMC,1749,2
Upper-middle-income countries,OWID_UMC,1750,2
Upper-middle-income countries,OWID_UMC,1751,4
Upper-middle-income countries,OWID_UMC,1752,1
Upper-middle-income countries,OWID_UMC,1754,5
Upper-middle-income countries,OWID_UMC,1755,5
Upper-middle-income countries,OWID_UMC,1757,2
Upper-middle-income countries,OWID_UMC,1759,1
Upper-middle-income countries,OWID_UMC,1760,1
Upper-middle-income countries,OWID_UMC,1761,2
Upper-middle-income countries,OWID_UMC,1763,2
Upper-middle-income countries,OWID_UMC,1765,3
Upper-middle-income countries,OWID_UMC,1766,5
Upper-middle-income countries,OWID_UMC,1767,2
Upper-middle-income countries,OWID_UMC,1769,2
Upper-middle-income countries,OWID_UMC,1770,3
Upper-middle-income countries,OWID_UMC,1771,2
Upper-middle-income countries,OWID_UMC,1772,1
Upper-middle-income countries,OWID_UMC,1773,2
Upper-middle-income countries,OWID_UMC,1774,1
Upper-middle-income countries,OWID_UMC,1775,2
Upper-middle-income countries,OWID_UMC,1776,3
Upper-middle-income countries,OWID_UMC,1777,1
Upper-middle-income countries,OWID_UMC,1778,3
Upper-middle-income countries,OWID_UMC,1779,1
Upper-middle-income countries,OWID_UMC,1780,3
Upper-middle-income countries,OWID_UMC,1781,2
Upper-middle-income countries,OWID_UMC,1782,1
Upper-middle-income countries,OWID_UMC,1783,2
Upper-middle-income countries,OWID_UMC,1784,4
Upper-middle-income countries,OWID_UMC,1785,2
Upper-middle-income countries,OWID_UMC,1786,2
Upper-middle-income countries,OWID_UMC,1787,5
Upper-middle-income countries,OWID_UMC,1788,1
Upper-middle-income countries,OWID_UMC,1789,3
Upper-middle-income countries,OWID_UMC,1790,1
Upper-middle-income countries,OWID_UMC,1791,3
Upper-middle-income countries,OWID_UMC,1792,1
Upper-middle-income countries,OWID_UMC,1793,1
Upper-middle-income countries,OWID_UMC,1794,1
Upper-middle-income countries,OWID_UMC,1795,1
Upper-middle-income countries,OWID_UMC,1796,2
Upper-middle-income countries,OWID_UMC,1797,2
Upper-middle-income countries,OWID_UMC,1798,1
Upper-middle-income countries,OWID_UMC,1799,3
Upper-middle-income countries,OWID_UMC,1800,2
Upper-middle-income countries,OWID_UMC,1801,1
Upper-middle-income countries,OWID_UMC,1802,2
Upper-middle-income countries,OWID_UMC,1803,1
Upper-middle-income countries,OWID_UMC,1805,2
Upper-middle-income countries,OWID_UMC,1806,3
Upper-middle-income countries,OWID_UMC,1808,3
Upper-middle-income countries,OWID_UMC,1809,2
Upper-middle-income countries,OWID_UMC,1810,2
Upper-middle-income countries,OWID_UMC,1811,3
Upper-middle-income countries,OWID_UMC,1812,2
Upper-middle-income countries,OWID_UMC,1813,2
Upper-middle-income countries,OWID_UMC,1814,4
Upper-middle-income countries,OWID_UMC,1815,4
Upper-middle-income countries,OWID_UMC,1816,4
Upper-middle-income countries,OWID_UMC,1817,2
Upper-middle-income countries,OWID_UMC,1818,4
Upper-middle-income countries,OWID_UMC,1819,2
Upper-middle-income countries,OWID_UMC,1820,5
Upper-middle-income countries,OWID_UMC,1821,1
Upper-middle-income countries,OWID_UMC,1822,4
Upper-middle-income countries,OWID_UMC,1823,3
Upper-middle-income countries,OWID_UMC,1824,5
Upper-middle-income countries,OWID_UMC,1825,4
Upper-middle-income countries,OWID_UMC,1826,3
Upper-middle-income countries,OWID_UMC,1827,3
Upper-middle-income countries,OWID_UMC,1828,4
Upper-middle-income countries,OWID_UMC,1829,3
Upper-middle-income countries,OWID_UMC,1830,7
Upper-middle-income countries,OWID_UMC,1831,1
Upper-middle-income countries,OWID_UMC,1833,5
Upper-middle-income countries,OWID_UMC,1834,9
Upper-middle-income countries,OWID_UMC,1835,2
Upper-middle-income countries,OWID_UMC,1836,2
Upper-middle-income countries,OWID_UMC,1837,6
Upper-middle-income countries,OWID_UMC,1839,3
Upper-middle-income countries,OWID_UMC,1840,6
Upper-middle-income countries,OWID_UMC,1841,2
Upper-middle-income countries,OWID_UMC,1842,2
Upper-middle-income countries,OWID_UMC,1843,4
Upper-middle-income countries,OWID_UMC,1844,5
Upper-middle-income countries,OWID_UMC,1845,5
Upper-middle-income countries,OWID_UMC,1846,2
Upper-middle-income countries,OWID_UMC,1847,3
Upper-middle-income countries,OWID_UMC,1848,1
Upper-middle-income countries,OWID_UMC,1850,3
Upper-middle-income countries,OWID_UMC,1851,7
Upper-middle-income countries,OWID_UMC,1852,15
Upper-middle-income countries,OWID_UMC,1853,4
Upper-middle-income countries,OWID_UMC,1854,9
Upper-middle-income countries,OWID_UMC,1855,11
Upper-middle-income countries,OWID_UMC,1856,6
Upper-middle-income countries,OWID_UMC,1857,8
Upper-middle-income countries,OWID_UMC,1858,5
Upper-middle-income countries,OWID_UMC,1859,12
Upper-middle-income countries,OWID_UMC,1860,5
Upper-middle-income countries,OWID_UMC,1861,9
Upper-middle-income countries,OWID_UMC,1862,6
Upper-middle-income countries,OWID_UMC,1863,11
Upper-middle-income countries,OWID_UMC,1864,5
Upper-middle-income countries,OWID_UMC,1865,7
Upper-middle-income countries,OWID_UMC,1866,6
Upper-middle-income countries,OWID_UMC,1867,3
Upper-middle-income countries,OWID_UMC,1868,12
Upper-middle-income countries,OWID_UMC,1869,10
Upper-middle-income countries,OWID_UMC,1870,4
Upper-middle-income countries,OWID_UMC,1871,8
Upper-middle-income countries,OWID_UMC,1872,10
Upper-middle-income countries,OWID_UMC,1873,2
Upper-middle-income countries,OWID_UMC,1874,6
Upper-middle-income countries,OWID_UMC,1875,12
Upper-middle-income countries,OWID_UMC,1876,3
Upper-middle-income countries,OWID_UMC,1877,2
Upper-middle-income countries,OWID_UMC,1878,8
Upper-middle-income countries,OWID_UMC,1879,5
Upper-middle-income countries,OWID_UMC,1880,12
Upper-middle-income countries,OWID_UMC,1881,9
Upper-middle-income countries,OWID_UMC,1882,4
Upper-middle-income countries,OWID_UMC,1883,5
Upper-middle-income countries,OWID_UMC,1884,4
Upper-middle-income countries,OWID_UMC,1885,10
Upper-middle-income countries,OWID_UMC,1886,1
Upper-middle-income countries,OWID_UMC,1887,9
Upper-middle-income countries,OWID_UMC,1888,6
Upper-middle-income countries,OWID_UMC,1889,6
Upper-middle-income countries,OWID_UMC,1890,5
Upper-middle-income countries,OWID_UMC,1891,6
Upper-middle-income countries,OWID_UMC,1892,6
Upper-middle-income countries,OWID_UMC,1893,10
Upper-middle-income countries,OWID_UMC,1894,6
Upper-middle-income countries,OWID_UMC,1895,8
Upper-middle-income countries,OWID_UMC,1896,10
Upper-middle-income countries,OWID_UMC,1897,14
Upper-middle-income countries,OWID_UMC,1898,4
Upper-middle-income countries,OWID_UMC,1899,6
Upper-middle-income countries,OWID_UMC,1900,7
Upper-middle-income countries,OWID_UMC,1901,6
Upper-middle-income countries,OWID_UMC,1902,14
Upper-middle-income countries,OWID_UMC,1903,13
Upper-middle-income countries,OWID_UMC,1904,4
Upper-middle-income countries,OWID_UMC,1905,11
Upper-middle-income countries,OWID_UMC,1906,15
Upper-middle-income countries,OWID_UMC,1907,15
Upper-middle-income countries,OWID_UMC,1908,8
Upper-middle-income countries,OWID_UMC,1909,10
Upper-middle-income countries,OWID_UMC,1910,7
Upper-middle-income countries,OWID_UMC,1911,9
Upper-middle-income countries,OWID_UMC,1912,10
Upper-middle-income countries,OWID_UMC,1913,10
Upper-middle-income countries,OWID_UMC,1914,11
Upper-middle-income countries,OWID_UMC,1915,8
Upper-middle-income countries,OWID_UMC,1916,7
Upper-middle-income countries,OWID_UMC,1917,12
Upper-middle-income countries,OWID_UMC,1918,8
Upper-middle-income countries,OWID_UMC,1919,8
Upper-middle-income countries,OWID_UMC,1920,7
Upper-middle-income countries,OWID_UMC,1921,10
Upper-middle-income countries,OWID_UMC,1922,14
Upper-middle-income countries,OWID_UMC,1923,13
Upper-middle-income countries,OWID_UMC,1924,10
Upper-middle-income countries,OWID_UMC,1925,11
Upper-middle-income countries,OWID_UMC,1926,8
Upper-middle-income countries,OWID_UMC,1927,11
Upper-middle-income countries,OWID_UMC,1928,17
Upper-middle-income countries,OWID_UMC,1929,8
Upper-middle-income countries,OWID_UMC,1930,12
Upper-middle-income countries,OWID_UMC,1931,7
Upper-middle-income countries,OWID_UMC,1932,16
Upper-middle-income countries,OWID_UMC,1933,9
Upper-middle-income countries,OWID_UMC,1934,8
Upper-middle-income countries,OWID_UMC,1935,11
Upper-middle-income countries,OWID_UMC,1936,13
Upper-middle-income countries,OWID_UMC,1937,13
Upper-middle-income countries,OWID_UMC,1938,9
Upper-middle-income countries,OWID_UMC,1939,10
Upper-middle-income countries,OWID_UMC,1940,8
Upper-middle-income countries,OWID_UMC,1941,8
Upper-middle-income countries,OWID_UMC,1942,17
Upper-middle-income countries,OWID_UMC,1943,14
Upper-middle-income countries,OWID_UMC,1944,9
Upper-middle-income countries,OWID_UMC,1945,6
Upper-middle-income countries,OWID_UMC,1946,10
Upper-middle-income countries,OWID_UMC,1947,8
Upper-middle-income countries,OWID_UMC,1948,13
Upper-middle-income countries,OWID_UMC,1949,9
Upper-middle-income countries,OWID_UMC,1950,17
Upper-middle-income countries,OWID_UMC,1951,7
Upper-middle-income countries,OWID_UMC,1952,11
Upper-middle-income countries,OWID_UMC,1953,10
Upper-middle-income countries,OWID_UMC,1954,12
Upper-middle-income countries,OWID_UMC,1955,10
Upper-middle-income countries,OWID_UMC,1956,9
Upper-middle-income countries,OWID_UMC,1957,17
Upper-middle-income countries,OWID_UMC,1958,11
Upper-middle-income countries,OWID_UMC,1959,12
Upper-middle-income countries,OWID_UMC,1960,11
Upper-middle-income countries,OWID_UMC,1961,14
Upper-middle-income countries,OWID_UMC,1962,17
Upper-middle-income countries,OWID_UMC,1963,18
Upper-middle-income countries,OWID_UMC,1964,8
Upper-middle-income countries,OWID_UMC,1965,9
Upper-middle-income countries,OWID_UMC,1966,19
Upper-middle-income countries,OWID_UMC,1967,17
Upper-middle-income countries,OWID_UMC,1968,19
Upper-middle-income countries,OWID_UMC,1969,19
Upper-middle-income countries,OWID_UMC,1970,16
Upper-middle-income countries,OWID_UMC,1971,14
Upper-middle-income countries,OWID_UMC,1972,7
Upper-middle-income countries,OWID_UMC,1973,8
Upper-middle-income countries,OWID_UMC,1974,11
Upper-middle-income countries,OWID_UMC,1975,13
Upper-middle-income countries,OWID_UMC,1976,21
Upper-middle-income countries,OWID_UMC,1977,16
Upper-middle-income countries,OWID_UMC,1978,10
Upper-middle-income countries,OWID_UMC,1979,24
Upper-middle-income countries,OWID_UMC,1980,13
Upper-middle-income countries,OWID_UMC,1981,11
Upper-middle-income countries,OWID_UMC,1982,14
Upper-middle-income countries,OWID_UMC,1983,20
Upper-middle-income countries,OWID_UMC,1984,7
Upper-middle-income countries,OWID_UMC,1985,16
Upper-middle-income countries,OWID_UMC,1986,15
Upper-middle-income countries,OWID_UMC,1987,15
Upper-middle-income countries,OWID_UMC,1988,14
Upper-middle-income countries,OWID_UMC,1989,18
Upper-middle-income countries,OWID_UMC,1990,25
Upper-middle-income countries,OWID_UMC,1991,19
Upper-middle-income countries,OWID_UMC,1992,10
Upper-middle-income countries,OWID_UMC,1993,8
Upper-middle-income countries,OWID_UMC,1994,16
Upper-middle-income countries,OWID_UMC,1995,14
Upper-middle-income countries,OWID_UMC,1996,9
Upper-middle-income countries,OWID_UMC,1997,17
Upper-middle-income countries,OWID_UMC,1998,19
Upper-middle-income countries,OWID_UMC,1999,24
Upper-middle-income countries,OWID_UMC,2000,15
Upper-middle-income countries,OWID_UMC,2001,15
Upper-middle-income countries,OWID_UMC,2002,24
Upper-middle-income countries,OWID_UMC,2003,38
Upper-middle-income countries,OWID_UMC,2004,38
Upper-middle-income countries,OWID_UMC,2005,34
Upper-middle-income countries,OWID_UMC,2006,32
Upper-middle-income countries,OWID_UMC,2007,32
Upper-middle-income countries,OWID_UMC,2008,40
Upper-middle-income countries,OWID_UMC,2009,26
Upper-middle-income countries,OWID_UMC,2010,26
Upper-middle-income countries,OWID_UMC,2011,23
Upper-middle-income countries,OWID_UMC,2012,27
Upper-middle-income countries,OWID_UMC,2013,29
Upper-middle-income countries,OWID_UMC,2014,28
Upper-middle-income countries,OWID_UMC,2015,20
Upper-middle-income countries,OWID_UMC,2016,18
Upper-middle-income countries,OWID_UMC,2017,40
Upper-middle-income countries,OWID_UMC,2018,36
Upper-middle-income countries,OWID_UMC,2019,40
Upper-middle-income countries,OWID_UMC,2020,17
Upper-middle-income countries,OWID_UMC,2021,21
Upper-middle-income countries,OWID_UMC,2022,26
Upper-middle-income countries,OWID_UMC,2023,20
Upper-middle-income countries,OWID_UMC,2024,19
Uruguay,URY,1542,1
Uruguay,URY,1888,1
Uzbekistan,UZB,838,1
Uzbekistan,UZB,942,1
Uzbekistan,UZB,1390,1
Uzbekistan,UZB,1490,1
Uzbekistan,UZB,1620,1
Uzbekistan,UZB,1799,1
Uzbekistan,UZB,1868,1
Uzbekistan,UZB,1902,1
Uzbekistan,UZB,1966,1
Uzbekistan,UZB,1976,2
Uzbekistan,UZB,1978,1
Uzbekistan,UZB,1984,1
Uzbekistan,UZB,2011,1
Vanuatu,VUT,1863,1
Vanuatu,VUT,1875,2
Vanuatu,VUT,1878,3
Vanuatu,VUT,1892,1
Vanuatu,VUT,1893,1
Vanuatu,VUT,1903,1
Vanuatu,VUT,1905,3
Vanuatu,VUT,1909,1
Vanuatu,VUT,1910,4
Vanuatu,VUT,1913,2
Vanuatu,VUT,1925,1
Vanuatu,VUT,1933,1
Vanuatu,VUT,1944,1
Vanuatu,VUT,1950,1
Vanuatu,VUT,1952,1
Vanuatu,VUT,1953,1
Vanuatu,VUT,1961,1
Vanuatu,VUT,1964,1
Vanuatu,VUT,1965,2
Vanuatu,VUT,1971,1
Vanuatu,VUT,1973,2
Vanuatu,VUT,1980,1
Vanuatu,VUT,1985,2
Vanuatu,VUT,1987,1
Vanuatu,VUT,1990,1
Vanuatu,VUT,1994,2
Vanuatu,VUT,1999,1
Vanuatu,VUT,2002,2
Vanuatu,VUT,2007,2
Vanuatu,VUT,2008,1
Vanuatu,VUT,2009,3
Vanuatu,VUT,2010,3
Vanuatu,VUT,2011,3
Vanuatu,VUT,2012,3
Vanuatu,VUT,2015,1
Vanuatu,VUT,2016,2
Vanuatu,VUT,2018,1
Vanuatu,VUT,2023,2
Vanuatu,VUT,2024,1
Venezuela,VEN,1498,1
Venezuela,VEN,1530,1
Venezuela,VEN,1541,1
Venezuela,VEN,1543,1
Venezuela,VEN,1610,1
Venezuela,VEN,1641,1
Venezuela,VEN,1644,1
Venezuela,VEN,1750,1
Venezuela,VEN,1766,1
Venezuela,VEN,1775,1
Venezuela,VEN,1786,1
Venezuela,VEN,1794,1
Venezuela,VEN,1797,1
Venezuela,VEN,1802,1
Venezuela,VEN,1805,1
Venezuela,VEN,1812,1
Venezuela,VEN,1823,1
Venezuela,VEN,1834,1
Venezuela,VEN,1837,1
Venezuela,VEN,1839,1
Venezuela,VEN,1849,2
Venezuela,VEN,1853,1
Venezuela,VEN,1867,1
Venezuela,VEN,1868,1
Venezuela,VEN,1869,1
Venezuela,VEN,1870,1
Venezuela,VEN,1874,2
Venezuela,VEN,1878,2
Venezuela,VEN,1879,1
Venezuela,VEN,1886,1
Venezuela,VEN,1888,1
Venezuela,VEN,1894,2
Venezuela,VEN,1899,1
Venezuela,VEN,1900,2
Venezuela,VEN,1906,2
Venezuela,VEN,1916,1
Venezuela,VEN,1919,1
Venezuela,VEN,1929,1
Venezuela,VEN,1932,1
Venezuela,VEN,1950,1
Venezuela,VEN,1955,1
Venezuela,VEN,1966,1
Venezuela,VEN,1967,1
Venezuela,VEN,1968,1
Venezuela,VEN,1974,1
Venezuela,VEN,1975,1
Venezuela,VEN,1986,2
Venezuela,VEN,1989,1
Venezuela,VEN,1991,1
Venezuela,VEN,1997,1
Venezuela,VEN,2008,1
Venezuela,VEN,2009,2
Venezuela,VEN,2010,1
Venezuela,VEN,2015,2
Venezuela,VEN,2018,2
Vietnam,VNM,1923,1
Vietnam,VNM,1935,1
Vietnam,VNM,1961,1
Vietnam,VNM,1983,1
Vietnam,VNM,2005,1
Vietnam,VNM,2020,1
Wallis and Futuna,WLF,1993,1
World,OWID_WRL,-2150,1
World,OWID_WRL,-2000,2
World,OWID_WRL,-1610,1
World,OWID_WRL,-1566,1
World,OWID_WRL,-1450,1
World,OWID_WRL,-1365,1
World,OWID_WRL,-1250,1
World,OWID_WRL,-1050,1
World,OWID_WRL,-759,1
World,OWID_WRL,-590,1
World,OWID_WRL,-550,1
World,OWID_WRL,-525,1
World,OWID_WRL,-480,1
World,OWID_WRL,-479,1
World,OWID_WRL,-432,1
World,OWID_WRL,-426,1
World,OWID_WRL,-400,1
World,OWID_WRL,-373,1
World,OWID_WRL,-364,1
World,OWID_WRL,-330,1
World,OWID_WRL,-326,1
World,OWID_WRL,-282,2
World,OWID_WRL,-250,1
World,OWID_WRL,-241,1
World,OWID_WRL,-227,1
World,OWID_WRL,-223,1
World,OWID_WRL,-221,1
World,OWID_WRL,-217,1
World,OWID_WRL,-216,1
World,OWID_WRL,-210,1
World,OWID_WRL,-198,1
World,OWID_WRL,-193,1
World,OWID_WRL,-186,1
World,OWID_WRL,-177,1
World,OWID_WRL,-70,1
World,OWID_WRL,-63,1
World,OWID_WRL,-60,1
World,OWID_WRL,-58,1
World,OWID_WRL,-50,2
World,OWID_WRL,-47,1
World,OWID_WRL,-33,1
World,OWID_WRL,-31,1
World,OWID_WRL,-27,1
World,OWID_WRL,-26,2
World,OWID_WRL,-15,1
World,OWID_WRL,10,1
World,OWID_WRL,11,1
World,OWID_WRL,17,1
World,OWID_WRL,23,1
World,OWID_WRL,25,1
World,OWID_WRL,27,1
World,OWID_WRL,29,1
World,OWID_WRL,33,1
World,OWID_WRL,37,1
World,OWID_WRL,46,1
World,OWID_WRL,50,1
World,OWID_WRL,52,2
World,OWID_WRL,55,1
World,OWID_WRL,57,1
World,OWID_WRL,60,1
World,OWID_WRL,62,1
World,OWID_WRL,63,1
World,OWID_WRL,68,1
World,OWID_WRL,76,1
World,OWID_WRL,79,1
World,OWID_WRL,89,1
World,OWID_WRL,93,1
World,OWID_WRL,100,1
World,OWID_WRL,103,1
World,OWID_WRL,105,1
World,OWID_WRL,109,1
World,OWID_WRL,115,1
World,OWID_WRL,120,1
World,OWID_WRL,123,1
World,OWID_WRL,128,1
World,OWID_WRL,138,1
World,OWID_WRL,142,1
World,OWID_WRL,143,1
World,OWID_WRL,155,1
World,OWID_WRL,170,1
World,OWID_WRL,173,1
World,OWID_WRL,177,2
World,OWID_WRL,180,1
World,OWID_WRL,181,1
World,OWID_WRL,243,1
World,OWID_WRL,251,1
World,OWID_WRL,253,1
World,OWID_WRL,258,1
World,OWID_WRL,262,1
World,OWID_WRL,294,2
World,OWID_WRL,300,1
World,OWID_WRL,304,1
World,OWID_WRL,306,1
World,OWID_WRL,315,1
World,OWID_WRL,319,1
World,OWID_WRL,324,1
World,OWID_WRL,334,1
World,OWID_WRL,340,1
World,OWID_WRL,341,2
World,OWID_WRL,342,1
World,OWID_WRL,344,3
World,OWID_WRL,346,1
World,OWID_WRL,348,1
World,OWID_WRL,350,1
World,OWID_WRL,355,1
World,OWID_WRL,358,1
World,OWID_WRL,361,1
World,OWID_WRL,362,2
World,OWID_WRL,365,1
World,OWID_WRL,367,1
World,OWID_WRL,368,2
World,OWID_WRL,369,1
World,OWID_WRL,382,1
World,OWID_WRL,394,1
World,OWID_WRL,395,1
World,OWID_WRL,407,1
World,OWID_WRL,412,1
World,OWID_WRL,419,1
World,OWID_WRL,425,1
World,OWID_WRL,427,1
World,OWID_WRL,438,1
World,OWID_WRL,440,1
World,OWID_WRL,447,1
World,OWID_WRL,448,1
World,OWID_WRL,450,1
World,OWID_WRL,457,1
World,OWID_WRL,458,1
World,OWID_WRL,460,2
World,OWID_WRL,470,1
World,OWID_WRL,477,1
World,OWID_WRL,478,1
World,OWID_WRL,484,1
World,OWID_WRL,494,1
World,OWID_WRL,499,1
World,OWID_WRL,500,1
World,OWID_WRL,501,1
World,OWID_WRL,510,1
World,OWID_WRL,512,1
World,OWID_WRL,518,1
World,OWID_WRL,521,1
World,OWID_WRL,522,2
World,OWID_WRL,525,1
World,OWID_WRL,527,1
World,OWID_WRL,528,1
World,OWID_WRL,533,1
World,OWID_WRL,543,1
World,OWID_WRL,551,3
World,OWID_WRL,552,1
World,OWID_WRL,553,1
World,OWID_WRL,554,1
World,OWID_WRL,555,1
World,OWID_WRL,557,3
World,OWID_WRL,558,2
World,OWID_WRL,565,1
World,OWID_WRL,567,1
World,OWID_WRL,579,1
World,OWID_WRL,581,1
World,OWID_WRL,587,1
World,OWID_WRL,600,1
World,OWID_WRL,614,1
World,OWID_WRL,634,1
World,OWID_WRL,649,1
World,OWID_WRL,662,1
World,OWID_WRL,664,1
World,OWID_WRL,678,1
World,OWID_WRL,684,1
World,OWID_WRL,688,1
World,OWID_WRL,701,1
World,OWID_WRL,704,2
World,OWID_WRL,713,1
World,OWID_WRL,715,1
World,OWID_WRL,716,1
World,OWID_WRL,720,1
World,OWID_WRL,734,1
World,OWID_WRL,735,1
World,OWID_WRL,740,1
World,OWID_WRL,742,1
World,OWID_WRL,743,2
World,OWID_WRL,744,1
World,OWID_WRL,745,2
World,OWID_WRL,746,1
World,OWID_WRL,748,1
World,OWID_WRL,749,1
World,OWID_WRL,758,1
World,OWID_WRL,763,1
World,OWID_WRL,766,1
World,OWID_WRL,777,1
World,OWID_WRL,778,2
World,OWID_WRL,780,1
World,OWID_WRL,788,1
World,OWID_WRL,793,1
World,OWID_WRL,796,1
World,OWID_WRL,801,1
World,OWID_WRL,802,1
World,OWID_WRL,803,1
World,OWID_WRL,811,1
World,OWID_WRL,814,1
World,OWID_WRL,818,2
World,OWID_WRL,820,1
World,OWID_WRL,835,1
World,OWID_WRL,838,1
World,OWID_WRL,842,1
World,OWID_WRL,844,1
World,OWID_WRL,845,1
World,OWID_WRL,846,1
World,OWID_WRL,847,3
World,OWID_WRL,850,2
World,OWID_WRL,851,1
World,OWID_WRL,853,1
World,OWID_WRL,854,3
World,OWID_WRL,855,1
World,OWID_WRL,856,4
World,OWID_WRL,857,1
World,OWID_WRL,858,2
World,OWID_WRL,859,1
World,OWID_WRL,860,1
World,OWID_WRL,863,4
World,OWID_WRL,864,1
World,OWID_WRL,869,2
World,OWID_WRL,871,1
World,OWID_WRL,876,1
World,OWID_WRL,878,1
World,OWID_WRL,881,1
World,OWID_WRL,885,1
World,OWID_WRL,887,2
World,OWID_WRL,891,1
World,OWID_WRL,893,1
World,OWID_WRL,894,1
World,OWID_WRL,896,2
World,OWID_WRL,898,1
World,OWID_WRL,910,1
World,OWID_WRL,912,1
World,OWID_WRL,922,1
World,OWID_WRL,942,2
World,OWID_WRL,943,1
World,OWID_WRL,951,1
World,OWID_WRL,953,1
World,OWID_WRL,956,1
World,OWID_WRL,957,2
World,OWID_WRL,958,2
World,OWID_WRL,963,1
World,OWID_WRL,967,1
World,OWID_WRL,972,1
World,OWID_WRL,977,1
World,OWID_WRL,978,1
World,OWID_WRL,985,1
World,OWID_WRL,986,1
World,OWID_WRL,989,1
World,OWID_WRL,990,1
World,OWID_WRL,991,1
World,OWID_WRL,999,2
World,OWID_WRL,1000,2
World,OWID_WRL,1001,2
World,OWID_WRL,1003,2
World,OWID_WRL,1007,1
World,OWID_WRL,1008,1
World,OWID_WRL,1010,1
World,OWID_WRL,1013,1
World,OWID_WRL,1021,1
World,OWID_WRL,1022,1
World,OWID_WRL,1026,1
World,OWID_WRL,1033,1
World,OWID_WRL,1036,2
World,OWID_WRL,1037,1
World,OWID_WRL,1038,1
World,OWID_WRL,1039,1
World,OWID_WRL,1040,1
World,OWID_WRL,1042,2
World,OWID_WRL,1045,1
World,OWID_WRL,1046,1
World,OWID_WRL,1048,1
World,OWID_WRL,1052,2
World,OWID_WRL,1057,1
World,OWID_WRL,1058,1
World,OWID_WRL,1063,2
World,OWID_WRL,1064,1
World,OWID_WRL,1065,2
World,OWID_WRL,1066,1
World,OWID_WRL,1067,1
World,OWID_WRL,1068,2
World,OWID_WRL,1070,1
World,OWID_WRL,1072,1
World,OWID_WRL,1076,1
World,OWID_WRL,1082,1
World,OWID_WRL,1085,2
World,OWID_WRL,1086,2
World,OWID_WRL,1088,2
World,OWID_WRL,1089,1
World,OWID_WRL,1091,1
World,OWID_WRL,1096,1
World,OWID_WRL,1099,1
World,OWID_WRL,1101,1
World,OWID_WRL,1102,2
World,OWID_WRL,1106,1
World,OWID_WRL,1109,1
World,OWID_WRL,1111,1
World,OWID_WRL,1114,3
World,OWID_WRL,1115,3
World,OWID_WRL,1117,2
World,OWID_WRL,1118,1
World,OWID_WRL,1119,1
World,OWID_WRL,1125,2
World,OWID_WRL,1130,2
World,OWID_WRL,1137,2
World,OWID_WRL,1139,1
World,OWID_WRL,1143,2
World,OWID_WRL,1149,1
World,OWID_WRL,1151,2
World,OWID_WRL,1153,1
World,OWID_WRL,1155,2
World,OWID_WRL,1156,1
World,OWID_WRL,1157,1
World,OWID_WRL,1158,1
World,OWID_WRL,1160,1
World,OWID_WRL,1164,1
World,OWID_WRL,1169,2
World,OWID_WRL,1171,1
World,OWID_WRL,1172,1
World,OWID_WRL,1175,2
World,OWID_WRL,1176,1
World,OWID_WRL,1179,1
World,OWID_WRL,1180,1
World,OWID_WRL,1182,2
World,OWID_WRL,1183,1
World,OWID_WRL,1184,1
World,OWID_WRL,1201,1
World,OWID_WRL,1202,2
World,OWID_WRL,1208,2
World,OWID_WRL,1209,2
World,OWID_WRL,1212,1
World,OWID_WRL,1219,1
World,OWID_WRL,1222,2
World,OWID_WRL,1223,1
World,OWID_WRL,1227,2
World,OWID_WRL,1231,2
World,OWID_WRL,1233,1
World,OWID_WRL,1237,3
World,OWID_WRL,1241,1
World,OWID_WRL,1248,1
World,OWID_WRL,1255,1
World,OWID_WRL,1257,2
World,OWID_WRL,1259,1
World,OWID_WRL,1267,1
World,OWID_WRL,1268,1
World,OWID_WRL,1269,1
World,OWID_WRL,1272,1
World,OWID_WRL,1273,2
World,OWID_WRL,1275,1
World,OWID_WRL,1276,1
World,OWID_WRL,1277,1
World,OWID_WRL,1279,1
World,OWID_WRL,1280,3
World,OWID_WRL,1281,1
World,OWID_WRL,1283,1
World,OWID_WRL,1284,1
World,OWID_WRL,1286,1
World,OWID_WRL,1289,2
World,OWID_WRL,1290,1
World,OWID_WRL,1291,2
World,OWID_WRL,1293,2
World,OWID_WRL,1295,2
World,OWID_WRL,1296,1
World,OWID_WRL,1298,1
World,OWID_WRL,1300,3
World,OWID_WRL,1301,1
World,OWID_WRL,1303,2
World,OWID_WRL,1304,1
World,OWID_WRL,1305,1
World,OWID_WRL,1306,3
World,OWID_WRL,1310,2
World,OWID_WRL,1314,1
World,OWID_WRL,1319,2
World,OWID_WRL,1320,1
World,OWID_WRL,1323,1
World,OWID_WRL,1327,1
World,OWID_WRL,1328,1
World,OWID_WRL,1329,1
World,OWID_WRL,1331,1
World,OWID_WRL,1332,1
World,OWID_WRL,1336,2
World,OWID_WRL,1337,1
World,OWID_WRL,1339,1
World,OWID_WRL,1340,1
World,OWID_WRL,1341,2
World,OWID_WRL,1343,3
World,OWID_WRL,1344,3
World,OWID_WRL,1345,1
World,OWID_WRL,1346,1
World,OWID_WRL,1347,1
World,OWID_WRL,1348,1
World,OWID_WRL,1349,1
World,OWID_WRL,1350,1
World,OWID_WRL,1351,1
World,OWID_WRL,1352,2
World,OWID_WRL,1354,2
World,OWID_WRL,1356,2
World,OWID_WRL,1358,1
World,OWID_WRL,1359,1
World,OWID_WRL,1360,2
World,OWID_WRL,1361,3
World,OWID_WRL,1365,1
World,OWID_WRL,1367,1
World,OWID_WRL,1368,1
World,OWID_WRL,1372,1
World,OWID_WRL,1374,1
World,OWID_WRL,1375,1
World,OWID_WRL,1377,1
World,OWID_WRL,1380,1
World,OWID_WRL,1382,1
World,OWID_WRL,1384,1
World,OWID_WRL,1385,1
World,OWID_WRL,1386,1
World,OWID_WRL,1387,2
World,OWID_WRL,1389,4
World,OWID_WRL,1390,2
World,OWID_WRL,1391,1
World,OWID_WRL,1399,1
World,OWID_WRL,1400,2
World,OWID_WRL,1402,2
World,OWID_WRL,1403,2
World,OWID_WRL,1404,1
World,OWID_WRL,1405,1
World,OWID_WRL,1406,1
World,OWID_WRL,1407,1
World,OWID_WRL,1408,2
World,OWID_WRL,1414,1
World,OWID_WRL,1417,1
World,OWID_WRL,1418,1
World,OWID_WRL,1419,1
World,OWID_WRL,1426,1
World,OWID_WRL,1427,1
World,OWID_WRL,1428,1
World,OWID_WRL,1431,1
World,OWID_WRL,1433,1
World,OWID_WRL,1440,2
World,OWID_WRL,1441,2
World,OWID_WRL,1443,1
World,OWID_WRL,1444,2
World,OWID_WRL,1445,1
World,OWID_WRL,1446,1
World,OWID_WRL,1447,1
World,OWID_WRL,1448,1
World,OWID_WRL,1451,1
World,OWID_WRL,1454,2
World,OWID_WRL,1455,1
World,OWID_WRL,1456,3
World,OWID_WRL,1457,1
World,OWID_WRL,1458,2
World,OWID_WRL,1459,1
World,OWID_WRL,1461,2
World,OWID_WRL,1463,1
World,OWID_WRL,1464,1
World,OWID_WRL,1467,1
World,OWID_WRL,1469,1
World,OWID_WRL,1471,2
World,OWID_WRL,1475,2
World,OWID_WRL,1478,1
World,OWID_WRL,1479,1
World,OWID_WRL,1481,6
World,OWID_WRL,1482,3
World,OWID_WRL,1483,2
World,OWID_WRL,1484,2
World,OWID_WRL,1485,2
World,OWID_WRL,1487,1
World,OWID_WRL,1488,1
World,OWID_WRL,1489,1
World,OWID_WRL,1490,3
World,OWID_WRL,1491,1
World,OWID_WRL,1493,2
World,OWID_WRL,1494,4
World,OWID_WRL,1495,2
World,OWID_WRL,1496,1
World,OWID_WRL,1497,1
World,OWID_WRL,1498,4
World,OWID_WRL,1499,1
World,OWID_WRL,1500,2
World,OWID_WRL,1501,4
World,OWID_WRL,1502,3
World,OWID_WRL,1504,3
World,OWID_WRL,1505,4
World,OWID_WRL,1507,1
World,OWID_WRL,1508,1
World,OWID_WRL,1509,5
World,OWID_WRL,1510,4
World,OWID_WRL,1511,3
World,OWID_WRL,1512,2
World,OWID_WRL,1513,1
World,OWID_WRL,1514,2
World,OWID_WRL,1515,2
World,OWID_WRL,1516,3
World,OWID_WRL,1517,1
World,OWID_WRL,1518,2
World,OWID_WRL,1520,4
World,OWID_WRL,1521,1
World,OWID_WRL,1522,2
World,OWID_WRL,1523,1
World,OWID_WRL,1524,1
World,OWID_WRL,1527,1
World,OWID_WRL,1530,2
World,OWID_WRL,1531,3
World,OWID_WRL,1535,1
World,OWID_WRL,1536,1
World,OWID_WRL,1537,1
World,OWID_WRL,1538,2
World,OWID_WRL,1539,2
World,OWID_WRL,1541,1
World,OWID_WRL,1542,5
World,OWID_WRL,1543,2
World,OWID_WRL,1545,2
World,OWID_WRL,1546,1
World,OWID_WRL,1547,1
World,OWID_WRL,1549,1
World,OWID_WRL,1550,2
World,OWID_WRL,1551,2
World,OWID_WRL,1552,1
World,OWID_WRL,1553,1
World,OWID_WRL,1555,4
World,OWID_WRL,1556,5
World,OWID_WRL,1560,2
World,OWID_WRL,1561,4
World,OWID_WRL,1562,1
World,OWID_WRL,1563,2
World,OWID_WRL,1564,2
World,OWID_WRL,1565,1
World,OWID_WRL,1566,3
World,OWID_WRL,1568,3
World,OWID_WRL,1570,3
World,OWID_WRL,1571,2
World,OWID_WRL,1573,2
World,OWID_WRL,1574,3
World,OWID_WRL,1575,3
World,OWID_WRL,1576,1
World,OWID_WRL,1577,2
World,OWID_WRL,1578,1
World,OWID_WRL,1579,3
World,OWID_WRL,1580,1
World,OWID_WRL,1581,2
World,OWID_WRL,1582,4
World,OWID_WRL,1584,4
World,OWID_WRL,1585,1
World,OWID_WRL,1586,4
World,OWID_WRL,1587,3
World,OWID_WRL,1588,3
World,OWID_WRL,1589,2
World,OWID_WRL,1590,6
World,OWID_WRL,1591,2
World,OWID_WRL,1593,1
World,OWID_WRL,1594,2
World,OWID_WRL,1596,1
World,OWID_WRL,1597,2
World,OWID_WRL,1598,2
World,OWID_WRL,1599,1
World,OWID_WRL,1600,4
World,OWID_WRL,1601,2
World,OWID_WRL,1602,1
World,OWID_WRL,1603,1
World,OWID_WRL,1604,5
World,OWID_WRL,1605,3
World,OWID_WRL,1606,1
World,OWID_WRL,1607,1
World,OWID_WRL,1608,5
World,OWID_WRL,1609,4
World,OWID_WRL,1610,3
World,OWID_WRL,1611,5
World,OWID_WRL,1612,2
World,OWID_WRL,1613,3
World,OWID_WRL,1614,4
World,OWID_WRL,1615,4
World,OWID_WRL,1616,5
World,OWID_WRL,1618,5
World,OWID_WRL,1619,4
World,OWID_WRL,1620,4
World,OWID_WRL,1621,2
World,OWID_WRL,1622,5
World,OWID_WRL,1624,2
World,OWID_WRL,1625,1
World,OWID_WRL,1626,3
World,OWID_WRL,1627,4
World,OWID_WRL,1628,3
World,OWID_WRL,1629,3
World,OWID_WRL,1630,4
World,OWID_WRL,1631,5
World,OWID_WRL,1632,1
World,OWID_WRL,1633,4
World,OWID_WRL,1634,3
World,OWID_WRL,1636,4
World,OWID_WRL,1638,2
World,OWID_WRL,1639,4
World,OWID_WRL,1640,7
World,OWID_WRL,1641,6
World,OWID_WRL,1642,2
World,OWID_WRL,1643,1
World,OWID_WRL,1644,5
World,OWID_WRL,1645,3
World,OWID_WRL,1646,6
World,OWID_WRL,1647,3
World,OWID_WRL,1648,4
World,OWID_WRL,1649,3
World,OWID_WRL,1650,5
World,OWID_WRL,1651,1
World,OWID_WRL,1652,2
World,OWID_WRL,1653,2
World,OWID_WRL,1654,4
World,OWID_WRL,1655,2
World,OWID_WRL,1656,1
World,OWID_WRL,1657,6
World,OWID_WRL,1658,4
World,OWID_WRL,1659,4
World,OWID_WRL,1660,5
World,OWID_WRL,1661,2
World,OWID_WRL,1662,6
World,OWID_WRL,1663,2
World,OWID_WRL,1664,4
World,OWID_WRL,1665,3
World,OWID_WRL,1666,4
World,OWID_WRL,1667,8
World,OWID_WRL,1668,7
World,OWID_WRL,1669,2
World,OWID_WRL,1670,5
World,OWID_WRL,1671,2
World,OWID_WRL,1672,3
World,OWID_WRL,1673,6
World,OWID_WRL,1674,5
World,OWID_WRL,1675,1
World,OWID_WRL,1676,1
World,OWID_WRL,1677,5
World,OWID_WRL,1678,7
World,OWID_WRL,1679,4
World,OWID_WRL,1680,3
World,OWID_WRL,1681,3
World,OWID_WRL,1682,3
World,OWID_WRL,1683,3
World,OWID_WRL,1684,1
World,OWID_WRL,1687,5
World,OWID_WRL,1688,10
World,OWID_WRL,1689,3
World,OWID_WRL,1690,5
World,OWID_WRL,1691,1
World,OWID_WRL,1692,3
World,OWID_WRL,1693,3
World,OWID_WRL,1694,3
World,OWID_WRL,1695,3
World,OWID_WRL,1696,3
World,OWID_WRL,1697,1
World,OWID_WRL,1698,3
World,OWID_WRL,1699,3
World,OWID_WRL,1700,3
World,OWID_WRL,1701,2
World,OWID_WRL,1702,2
World,OWID_WRL,1703,6
World,OWID_WRL,1704,4
World,OWID_WRL,1705,1
World,OWID_WRL,1706,2
World,OWID_WRL,1707,5
World,OWID_WRL,1708,3
World,OWID_WRL,1709,1
World,OWID_WRL,1710,2
World,OWID_WRL,1711,5
World,OWID_WRL,1713,3
World,OWID_WRL,1714,5
World,OWID_WRL,1715,3
World,OWID_WRL,1716,7
World,OWID_WRL,1717,3
World,OWID_WRL,1718,1
World,OWID_WRL,1719,4
World,OWID_WRL,1720,6
World,OWID_WRL,1721,5
World,OWID_WRL,1722,3
World,OWID_WRL,1723,1
World,OWID_WRL,1725,6
World,OWID_WRL,1726,2
World,OWID_WRL,1727,6
World,OWID_WRL,1728,1
World,OWID_WRL,1729,2
World,OWID_WRL,1730,7
World,OWID_WRL,1731,4
World,OWID_WRL,1732,4
World,OWID_WRL,1733,2
World,OWID_WRL,1734,2
World,OWID_WRL,1735,2
World,OWID_WRL,1736,2
World,OWID_WRL,1737,6
World,OWID_WRL,1738,4
World,OWID_WRL,1739,6
World,OWID_WRL,1740,2
World,OWID_WRL,1741,3
World,OWID_WRL,1742,5
World,OWID_WRL,1743,5
World,OWID_WRL,1744,1
World,OWID_WRL,1746,2
World,OWID_WRL,1747,2
World,OWID_WRL,1748,6
World,OWID_WRL,1749,2
World,OWID_WRL,1750,8
World,OWID_WRL,1751,11
World,OWID_WRL,1752,4
World,OWID_WRL,1754,6
World,OWID_WRL,1755,10
World,OWID_WRL,1756,1
World,OWID_WRL,1757,8
World,OWID_WRL,1758,2
World,OWID_WRL,1759,6
World,OWID_WRL,1760,1
World,OWID_WRL,1761,4
World,OWID_WRL,1762,2
World,OWID_WRL,1763,6
World,OWID_WRL,1764,2
World,OWID_WRL,1765,4
World,OWID_WRL,1766,9
World,OWID_WRL,1767,5
World,OWID_WRL,1768,4
World,OWID_WRL,1769,6
World,OWID_WRL,1770,6
World,OWID_WRL,1771,3
World,OWID_WRL,1772,4
World,OWID_WRL,1773,3
World,OWID_WRL,1774,4
World,OWID_WRL,1775,6
World,OWID_WRL,1776,4
World,OWID_WRL,1777,2
World,OWID_WRL,1778,3
World,OWID_WRL,1779,1
World,OWID_WRL,1780,5
World,OWID_WRL,1781,3
World,OWID_WRL,1782,3
World,OWID_WRL,1783,10
World,OWID_WRL,1784,10
World,OWID_WRL,1785,3
World,OWID_WRL,1786,5
World,OWID_WRL,1787,5
World,OWID_WRL,1788,4
World,OWID_WRL,1789,4
World,OWID_WRL,1790,2
World,OWID_WRL,1791,8
World,OWID_WRL,1792,6
World,OWID_WRL,1793,5
World,OWID_WRL,1794,2
World,OWID_WRL,1795,3
World,OWID_WRL,1796,5
World,OWID_WRL,1797,3
World,OWID_WRL,1798,5
World,OWID_WRL,1799,8
World,OWID_WRL,1800,3
World,OWID_WRL,1801,2
World,OWID_WRL,1802,7
World,OWID_WRL,1803,2
World,OWID_WRL,1804,5
World,OWID_WRL,1805,4
World,OWID_WRL,1806,6
World,OWID_WRL,1807,1
World,OWID_WRL,1808,6
World,OWID_WRL,1809,2
World,OWID_WRL,1810,5
World,OWID_WRL,1811,7
World,OWID_WRL,1812,11
World,OWID_WRL,1813,2
World,OWID_WRL,1814,5
World,OWID_WRL,1815,7
World,OWID_WRL,1816,5
World,OWID_WRL,1817,6
World,OWID_WRL,1818,8
World,OWID_WRL,1819,8
World,OWID_WRL,1820,10
World,OWID_WRL,1821,4
World,OWID_WRL,1822,7
World,OWID_WRL,1823,10
World,OWID_WRL,1824,7
World,OWID_WRL,1825,6
World,OWID_WRL,1826,5
World,OWID_WRL,1827,6
World,OWID_WRL,1828,8
World,OWID_WRL,1829,9
World,OWID_WRL,1830,10
World,OWID_WRL,1831,8
World,OWID_WRL,1832,3
World,OWID_WRL,1833,9
World,OWID_WRL,1834,13
World,OWID_WRL,1835,6
World,OWID_WRL,1836,6
World,OWID_WRL,1837,10
World,OWID_WRL,1838,6
World,OWID_WRL,1839,10
World,OWID_WRL,1840,9
World,OWID_WRL,1841,5
World,OWID_WRL,1842,8
World,OWID_WRL,1843,11
World,OWID_WRL,1844,7
World,OWID_WRL,1845,11
World,OWID_WRL,1846,8
World,OWID_WRL,1847,11
World,OWID_WRL,1848,8
World,OWID_WRL,1849,5
World,OWID_WRL,1850,5
World,OWID_WRL,1851,16
World,OWID_WRL,1852,19
World,OWID_WRL,1853,12
World,OWID_WRL,1854,21
World,OWID_WRL,1855,23
World,OWID_WRL,1856,13
World,OWID_WRL,1857,14
World,OWID_WRL,1858,16
World,OWID_WRL,1859,17
World,OWID_WRL,1860,7
World,OWID_WRL,1861,14
World,OWID_WRL,1862,11
World,OWID_WRL,1863,16
World,OWID_WRL,1864,7
World,OWID_WRL,1865,13
World,OWID_WRL,1866,12
World,OWID_WRL,1867,9
World,OWID_WRL,1868,24
World,OWID_WRL,1869,22
World,OWID_WRL,1870,17
World,OWID_WRL,1871,17
World,OWID_WRL,1872,17
World,OWID_WRL,1873,12
World,OWID_WRL,1874,10
World,OWID_WRL,1875,20
World,OWID_WRL,1876,4
World,OWID_WRL,1877,8
World,OWID_WRL,1878,22
World,OWID_WRL,1879,10
World,OWID_WRL,1880,18
World,OWID_WRL,1881,21
World,OWID_WRL,1882,11
World,OWID_WRL,1883,6
World,OWID_WRL,1884,13
World,OWID_WRL,1885,20
World,OWID_WRL,1886,4
World,OWID_WRL,1887,14
World,OWID_WRL,1888,12
World,OWID_WRL,1889,11
World,OWID_WRL,1890,5
World,OWID_WRL,1891,9
World,OWID_WRL,1892,12
World,OWID_WRL,1893,17
World,OWID_WRL,1894,15
World,OWID_WRL,1895,19
World,OWID_WRL,1896,18
World,OWID_WRL,1897,25
World,OWID_WRL,1898,14
World,OWID_WRL,1899,19
World,OWID_WRL,1900,17
World,OWID_WRL,1901,18
World,OWID_WRL,1902,22
World,OWID_WRL,1903,22
World,OWID_WRL,1904,18
World,OWID_WRL,1905,32
World,OWID_WRL,1906,32
World,OWID_WRL,1907,23
World,OWID_WRL,1908,14
World,OWID_WRL,1909,35
World,OWID_WRL,1910,22
World,OWID_WRL,1911,21
World,OWID_WRL,1912,16
World,OWID_WRL,1913,20
World,OWID_WRL,1914,22
World,OWID_WRL,1915,18
World,OWID_WRL,1916,25
World,OWID_WRL,1917,25
World,OWID_WRL,1918,16
World,OWID_WRL,1919,18
World,OWID_WRL,1920,12
World,OWID_WRL,1921,18
World,OWID_WRL,1922,26
World,OWID_WRL,1923,29
World,OWID_WRL,1924,19
World,OWID_WRL,1925,23
World,OWID_WRL,1926,23
World,OWID_WRL,1927,30
World,OWID_WRL,1928,32
World,OWID_WRL,1929,23
World,OWID_WRL,1930,34
World,OWID_WRL,1931,31
World,OWID_WRL,1932,25
World,OWID_WRL,1933,21
World,OWID_WRL,1934,21
World,OWID_WRL,1935,28
World,OWID_WRL,1936,20
World,OWID_WRL,1937,19
World,OWID_WRL,1938,28
World,OWID_WRL,1939,20
World,OWID_WRL,1940,17
World,OWID_WRL,1941,19
World,OWID_WRL,1942,18
World,OWID_WRL,1943,23
World,OWID_WRL,1944,15
World,OWID_WRL,1945,12
World,OWID_WRL,1946,20
World,OWID_WRL,1947,18
World,OWID_WRL,1948,22
World,OWID_WRL,1949,22
World,OWID_WRL,1950,27
World,OWID_WRL,1951,16
World,OWID_WRL,1952,21
World,OWID_WRL,1953,22
World,OWID_WRL,1954,23
World,OWID_WRL,1955,24
World,OWID_WRL,1956,26
World,OWID_WRL,1957,28
World,OWID_WRL,1958,21
World,OWID_WRL,1959,29
World,OWID_WRL,1960,22
World,OWID_WRL,1961,37
World,OWID_WRL,1962,34
World,OWID_WRL,1963,28
World,OWID_WRL,1964,20
World,OWID_WRL,1965,26
World,OWID_WRL,1966,33
World,OWID_WRL,1967,27
World,OWID_WRL,1968,41
World,OWID_WRL,1969,31
World,OWID_WRL,1970,32
World,OWID_WRL,1971,33
World,OWID_WRL,1972,25
World,OWID_WRL,1973,25
World,OWID_WRL,1974,21
World,OWID_WRL,1975,29
World,OWID_WRL,1976,35
World,OWID_WRL,1977,25
World,OWID_WRL,1978,34
World,OWID_WRL,1979,34
World,OWID_WRL,1980,35
World,OWID_WRL,1981,23
World,OWID_WRL,1982,26
World,OWID_WRL,1983,45
World,OWID_WRL,1984,28
World,OWID_WRL,1985,30
World,OWID_WRL,1986,34
World,OWID_WRL,1987,34
World,OWID_WRL,1988,29
World,OWID_WRL,1989,34
World,OWID_WRL,1990,50
World,OWID_WRL,1991,41
World,OWID_WRL,1992,28
World,OWID_WRL,1993,25
World,OWID_WRL,1994,37
World,OWID_WRL,1995,31
World,OWID_WRL,1996,19
World,OWID_WRL,1997,34
World,OWID_WRL,1998,30
World,OWID_WRL,1999,35
World,OWID_WRL,2000,38
World,OWID_WRL,2001,25
World,OWID_WRL,2002,60
World,OWID_WRL,2003,71
World,OWID_WRL,2004,79
World,OWID_WRL,2005,60
World,OWID_WRL,2006,64
World,OWID_WRL,2007,67
World,OWID_WRL,2008,76
World,OWID_WRL,2009,62
World,OWID_WRL,2010,61
World,OWID_WRL,2011,62
World,OWID_WRL,2012,52
World,OWID_WRL,2013,55
World,OWID_WRL,2014,55
World,OWID_WRL,2015,48
World,OWID_WRL,2016,53
World,OWID_WRL,2017,66
World,OWID_WRL,2018,70
World,OWID_WRL,2019,64
World,OWID_WRL,2020,29
World,OWID_WRL,2021,41
World,OWID_WRL,2022,43
World,OWID_WRL,2023,46
World,OWID_WRL,2024,35
Yemen,YEM,1072,1
Yemen,YEM,1358,1
Yemen,YEM,1377,1
Yemen,YEM,1387,1
Yemen,YEM,1426,1
Yemen,YEM,1463,1
Yemen,YEM,1679,1
Yemen,YEM,1941,1
Yemen,YEM,1982,1
Yemen,YEM,1991,1
Zambia,ZMB,2017,1